filter,frequency,seed,height_m,scenario,window,rows,mean_nees_15d,median_nees_15d,p95_nees_15d
px4,0.6,7,2,gps,before_takeoff,300,6.973507626755627,6.968330625515773,7.593237378835401
px4,0.6,7,2,gps,flight,4670,31.78294702689322,36.37413373749574,43.22424575135666
px4,0.6,7,2,gps,outage,1500,32.205994459544826,32.96231951691563,38.36768728339521
px4,0.6,7,2,gps,after_return,1970,41.327853565225894,41.45800503663908,43.53927132956901
ekf3,0.6,7,2,gps,before_takeoff,300,6.402673003104348,6.4032104443456905,6.594228891205847
ekf3,0.6,7,2,gps,flight,4670,2.1409670584293363,1.7781671103661156,4.224275334957539
ekf3,0.6,7,2,gps,outage,1500,1.241658801579476,1.2095599003561128,1.5038879956390336
ekf3,0.6,7,2,gps,after_return,1970,2.3195490796996308,2.4316222172990205,3.3701190297366717
px4,0.6,7,2,denied,before_takeoff,300,4.13278621004692,4.139664189796077,4.667356305302587
px4,0.6,7,2,denied,flight,4670,4.104394062455151,3.8120679293171467,5.973387675705551
px4,0.6,7,2,denied,outage,1500,3.741730944679676,3.743069789720149,4.088724828023568
px4,0.6,7,2,denied,after_return,1970,3.73612185855764,3.7028433082346024,4.249308584264439
ekf3,0.6,7,2,denied,before_takeoff,300,6.402672926309647,6.403210360900795,6.594228811437162
ekf3,0.6,7,2,denied,flight,4670,1.6520045595163495,1.2272795532731553,4.2242752709596525
ekf3,0.6,7,2,denied,outage,1500,1.1945942605986912,1.1979621960289588,1.327767587928228
ekf3,0.6,7,2,denied,after_return,1970,1.1962708855776292,1.1655992317927626,1.4056513331565397
px4,0.6,7,2,transition,before_takeoff,300,6.973507626755627,6.968330625515773,7.593237378835401
px4,0.6,7,2,transition,flight,4670,26.636669502781174,23.71300898837739,51.28476239877216
px4,0.6,7,2,transition,outage,1500,22.382596197605544,22.448851375941448,26.533813615732544
px4,0.6,7,2,transition,after_return,1970,36.6070128241414,36.6934755886922,52.41334841231424
ekf3,0.6,7,2,transition,before_takeoff,300,6.402673003104348,6.4032104443456905,6.594228891205847
ekf3,0.6,7,2,transition,flight,4670,2.165370948790272,1.812448788022237,4.224275334957539
ekf3,0.6,7,2,transition,outage,1500,1.1945942319755523,1.1979621797119009,1.3277675615806512
ekf3,0.6,7,2,transition,after_return,1970,2.4132358930963083,2.5030714507136045,3.5027291920935664
px4,0.6,7,4,gps,before_takeoff,300,6.973507626755627,6.968330625515773,7.593237378835401
px4,0.6,7,4,gps,flight,4670,31.912449763496458,36.47113276629118,43.6341923741176
px4,0.6,7,4,gps,outage,1500,32.207670976473494,32.95484089160418,38.49395564080818
px4,0.6,7,4,gps,after_return,1970,41.696497691384025,41.921589058340416,43.96586625472378
ekf3,0.6,7,4,gps,before_takeoff,300,6.402673003104348,6.4032104443456905,6.594228891205847
ekf3,0.6,7,4,gps,flight,4670,1.9398984183279415,1.091982828233524,4.120184268814977
ekf3,0.6,7,4,gps,outage,1500,0.8955503419999691,0.8999340879618438,1.0195928413023159
ekf3,0.6,7,4,gps,after_return,1970,2.8202048574276204,3.444501112028243,4.067370473852198
px4,0.6,7,4,denied,before_takeoff,300,4.13278621004692,4.139664189796077,4.667356305302587
px4,0.6,7,4,denied,flight,4670,4.184017091664216,3.8915134403900202,5.947837729932026
px4,0.6,7,4,denied,outage,1500,3.823603554650114,3.814666521813593,4.158809535827772
px4,0.6,7,4,denied,after_return,1970,3.8217626272515415,3.794682555396294,4.326520892576953
ekf3,0.6,7,4,denied,before_takeoff,300,6.402672926309647,6.403210360900795,6.594228811437162
ekf3,0.6,7,4,denied,flight,4670,1.1334034484085997,0.9258611341607568,1.3589208854645733
ekf3,0.6,7,4,denied,outage,1500,0.8955503295711434,0.8999340755864927,1.019592837303159
ekf3,0.6,7,4,denied,after_return,1970,0.9083614776242427,0.8864491562010673,1.0873367660994895
px4,0.6,7,4,transition,before_takeoff,300,6.973507626755627,6.968330625515773,7.593237378835401
px4,0.6,7,4,transition,flight,4670,26.81349220311528,23.727999880696004,51.840434851424256
px4,0.6,7,4,transition,outage,1500,22.44627606723055,22.505426828359546,26.46015362196101
px4,0.6,7,4,transition,after_return,1970,37.040610497837356,37.09846310321023,52.998641914206345
ekf3,0.6,7,4,transition,before_takeoff,300,6.402673003104348,6.4032104443456905,6.594228891205847
ekf3,0.6,7,4,transition,flight,4670,1.9398984183279415,1.091982828233524,4.120184268814977
ekf3,0.6,7,4,transition,outage,1500,0.8955503419999691,0.8999340879618438,1.0195928413023159
ekf3,0.6,7,4,transition,after_return,1970,2.8202048574276204,3.444501112028243,4.067370473852198
px4,0.85,101,2,gps,before_takeoff,300,10.611400786663959,10.699922081134417,11.518748577694724
px4,0.85,101,2,gps,flight,4670,63.49574131863259,74.97986922683788,94.15273275085757
px4,0.85,101,2,gps,outage,1500,62.23728174444562,59.387724065310906,79.11376545445782
px4,0.85,101,2,gps,after_return,1970,88.71725852758733,90.17335456089103,94.61965404695763
ekf3,0.85,101,2,gps,before_takeoff,300,6.016240396054211,6.089658987397098,6.227337027774639
ekf3,0.85,101,2,gps,flight,4670,1.5996855683532627,1.343209236195392,3.6404625882203736
ekf3,0.85,101,2,gps,outage,1500,1.031160264072345,1.01808180145211,1.1996390513487243
ekf3,0.85,101,2,gps,after_return,1970,1.4123984883341552,1.4175741471507566,1.8507712694670462
px4,0.85,101,2,denied,before_takeoff,300,4.269755165507125,4.241423128390391,5.2244052939494185
px4,0.85,101,2,denied,flight,4670,3.532997826292468,3.3316924094014557,5.091678643898321
px4,0.85,101,2,denied,outage,1500,3.299897020896011,3.3260668191279716,3.5182239955894152
px4,0.85,101,2,denied,after_return,1970,3.1191559977264562,3.0760693023222725,3.5971581734665965
ekf3,0.85,101,2,denied,before_takeoff,300,6.016240474174889,6.089659055143148,6.227337096809698
ekf3,0.85,101,2,denied,flight,4670,1.4007571233954785,1.0118345771856663,3.640462658043898
ekf3,0.85,101,2,denied,outage,1500,1.0217853570737905,1.0060421243272315,1.1996390835944075
ekf3,0.85,101,2,denied,after_return,1970,0.9479652231371591,0.9633896174733461,1.0668241014907835
px4,0.85,101,2,transition,before_takeoff,300,10.611400786663959,10.699922081134417,11.518748577694724
px4,0.85,101,2,transition,flight,4670,39.57377096750251,37.161116385426936,70.56802337888959
px4,0.85,101,2,transition,outage,1500,36.45850609298935,36.13936343718293,40.836449337735885
px4,0.85,101,2,transition,after_return,1970,51.635400540942165,50.716753826591585,71.27956118558714
ekf3,0.85,101,2,transition,before_takeoff,300,6.016240396054211,6.089658987397098,6.227337027774639
ekf3,0.85,101,2,transition,flight,4670,1.5822315839443015,1.321908244612374,3.6404625882203736
ekf3,0.85,101,2,transition,outage,1500,1.021785341347171,1.0060421073574926,1.1996390513487243
ekf3,0.85,101,2,transition,after_return,1970,1.378161065439694,1.3902066813420133,1.8176445060355881
px4,0.85,101,4,gps,before_takeoff,300,10.611400786663959,10.699922081134417,11.518748577694724
px4,0.85,101,4,gps,flight,4670,63.887182377329395,75.6011078641541,94.81231383040954
px4,0.85,101,4,gps,outage,1500,62.62628359506558,59.73864252818375,79.77484129822952
px4,0.85,101,4,gps,after_return,1970,89.43559571132141,90.95762737142564,95.27836312768086
ekf3,0.85,101,4,gps,before_takeoff,300,6.016240396054211,6.089658987397098,6.227337027774639
ekf3,0.85,101,4,gps,flight,4670,1.6024293426636256,0.9791741850954419,4.590608407232767
ekf3,0.85,101,4,gps,outage,1500,0.7772754487796664,0.7731710723776996,0.8764025648427312
ekf3,0.85,101,4,gps,after_return,1970,2.2432397433064826,2.1107936320478755,4.5542311380570375
px4,0.85,101,4,denied,before_takeoff,300,4.269755165507125,4.241423128390391,5.2244052939494185
px4,0.85,101,4,denied,flight,4670,3.56520097851134,3.3721829039053555,5.0119979522471745
px4,0.85,101,4,denied,outage,1500,3.3298760310118998,3.361200505988535,3.5397074907402737
px4,0.85,101,4,denied,after_return,1970,3.1596246292891124,3.1059961896965507,3.660813363590486
ekf3,0.85,101,4,denied,before_takeoff,300,6.016240474174889,6.089659055143148,6.227337096809698
ekf3,0.85,101,4,denied,flight,4670,0.9673947106524057,0.7858859260325568,1.053872105569423
ekf3,0.85,101,4,denied,outage,1500,0.7772754819281926,0.7731710985376492,0.8764026183744502
ekf3,0.85,101,4,denied,after_return,1970,0.7378530181219953,0.7481938718812277,0.8729461989830326
px4,0.85,101,4,transition,before_takeoff,300,10.611400786663959,10.699922081134417,11.518748577694724
px4,0.85,101,4,transition,flight,4670,39.621771884936294,37.17001480752839,70.6274501937072
px4,0.85,101,4,transition,outage,1500,36.531027105412186,36.22547195822555,40.88283461300453
px4,0.85,101,4,transition,after_return,1970,51.7805979937977,50.87460358635778,71.33686750370234
ekf3,0.85,101,4,transition,before_takeoff,300,6.016240396054211,6.089658987397098,6.227337027774639
ekf3,0.85,101,4,transition,flight,4670,1.6024293426636256,0.9791741850954419,4.590608407232767
ekf3,0.85,101,4,transition,outage,1500,0.7772754487796664,0.7731710723776996,0.8764025648427312
ekf3,0.85,101,4,transition,after_return,1970,2.2432397433064826,2.1107936320478755,4.5542311380570375
