estimator,variant,window,horizontal_position_rmse_m,vertical_position_rmse_m,velocity_3d_rmse_m_s,attitude_rmse_deg,yaw_rmse_deg,position_valid_fraction,attitude_valid_fraction,row_coverage,covariance_valid,covariance_failure,mean_nees_15d,output_sha256
px4,published,flight,0.20358853801076573,0.14153420703342784,0.16600776191359437,3.134035544257076,3.1325938060280447,1.0,1.0,1.0,True,,63.49574131863259,4b92e8fb198adcbaa0ea0a3934e1fea33034ca0e9efb521ecae538741f4e0ad1
px4,published,outage_window,0.21395324764515825,0.16742310356051024,0.17374779316452338,3.2678109180677746,3.2667490987231513,1.0,1.0,1.0,True,,62.23728174444562,4b92e8fb198adcbaa0ea0a3934e1fea33034ca0e9efb521ecae538741f4e0ad1
px4,published,after_return,0.21649873168874686,0.11266956767294962,0.17132761025412516,3.2495755718534243,3.249253386845033,1.0,1.0,1.0,True,,88.71725852758733,4b92e8fb198adcbaa0ea0a3934e1fea33034ca0e9efb521ecae538741f4e0ad1
ekf3,published,flight,0.06709750225654788,0.0475038027367822,0.04470470119098572,0.3827294683766914,0.3611523204069452,1.0,1.0,1.0,True,,1.5996855683532627,26694245d28d257797729315b6631cfb9f03217e923a4138356c1e24e91a0fad
ekf3,published,outage_window,0.0670926459605664,0.04621643957150601,0.0613632213478338,0.4960305565195438,0.47626632594486934,1.0,1.0,1.0,True,,1.031160264072345,26694245d28d257797729315b6631cfb9f03217e923a4138356c1e24e91a0fad
ekf3,published,after_return,0.06150489873073357,0.03967072163447497,0.02178046634167775,0.17135318441343939,0.13722018873306174,1.0,1.0,1.0,True,,1.4123984883341552,26694245d28d257797729315b6631cfb9f03217e923a4138356c1e24e91a0fad
px4,full,flight,0.21802249114531708,0.10966755360832445,0.18506414193421666,3.52484205240861,3.5187887782489224,1.0,1.0,1.0,True,,2706.474187756536,bdda3d5c13555172626a09244661cacd9b37a06d6b9218921f41ff22d4bd0205
px4,full,outage_window,0.22108551302171764,0.11557407475835574,0.19240922852296205,3.5431467319303556,3.54076402064798,1.0,1.0,1.0,True,,2617.562350009034,bdda3d5c13555172626a09244661cacd9b37a06d6b9218921f41ff22d4bd0205
px4,full,after_return,0.22547496500357936,0.11433793142103203,0.17700042311075692,3.319086445016395,3.3193216990125505,1.0,1.0,1.0,True,,3908.7234484419896,bdda3d5c13555172626a09244661cacd9b37a06d6b9218921f41ff22d4bd0205
ekf3,full,flight,2.5534278454102126,0.10333677457214224,1.2931075098151859,0.8911636090274174,0.6943415656740937,1.0,1.0,1.0,False,Matrix is not positive definite,,e02b7ed6615fe8b639f8f9ab93173e708cb70dfa1df4843d19aa13e6d51eca5e
ekf3,full,outage_window,0.8787558718863936,0.09381613791525067,0.29424853373228826,0.4272289185694116,0.16692218335266992,1.0,1.0,1.0,False,Matrix is not positive definite,,e02b7ed6615fe8b639f8f9ab93173e708cb70dfa1df4843d19aa13e6d51eca5e
ekf3,full,after_return,3.8391090969214825,0.1330690473213061,1.9656137388443289,1.3082532863214824,1.0495388688871767,1.0,1.0,1.0,False,Matrix is not positive definite,,e02b7ed6615fe8b639f8f9ab93173e708cb70dfa1df4843d19aa13e6d51eca5e
px4,only_gps,flight,0.22074377922013905,0.10998019362113699,0.1878567216654805,3.688752991069173,3.6850335348412626,1.0,1.0,1.0,True,,1283.1163347464774,7993db73f6aa3b3c2d56880aae098959836f212d8c0bd9e58b728c5328ab6143
px4,only_gps,outage_window,0.22530582936840313,0.11875460427916049,0.19190469955452752,3.3355827534367926,3.329622522846888,1.0,1.0,1.0,True,,1527.2909982905317,7993db73f6aa3b3c2d56880aae098959836f212d8c0bd9e58b728c5328ab6143
px4,only_gps,after_return,0.23162628434117535,0.1189120942749044,0.18272453625223975,3.283580796469075,3.282598169271608,1.0,1.0,1.0,True,,1396.9042128617555,7993db73f6aa3b3c2d56880aae098959836f212d8c0bd9e58b728c5328ab6143
ekf3,only_gps,flight,0.2876084072613716,0.2622426211881207,0.11253733176786541,0.4802623640745778,0.46229993593606244,1.0,1.0,1.0,True,,5.665176984252264,7bd4286d990556c9b04b7c768e4315fb38884c1766d9927eb22560dc27ca692a
ekf3,only_gps,outage_window,0.34218539518218266,0.1197684499913618,0.07867091229506877,0.7133233264557307,0.7105198572996438,1.0,1.0,1.0,True,,2.7154449366041016,7bd4286d990556c9b04b7c768e4315fb38884c1766d9927eb22560dc27ca692a
ekf3,only_gps,after_return,0.05049146448950152,0.07192944296322612,0.04484965845445672,0.25530426828227387,0.18429748478317914,1.0,1.0,1.0,True,,7.754804351163075,7bd4286d990556c9b04b7c768e4315fb38884c1766d9927eb22560dc27ca692a
px4,without_gps,flight,0.1900657086905914,0.11690049984369365,0.1467468481321934,2.814823474601531,2.8085409915901716,1.0,1.0,1.0,True,,108.4921483299213,6b95c51c3b4483304e494884df864b4412c3078ef792f5cb49c13d1c3b2c8f25
px4,without_gps,outage_window,0.19617550326526784,0.12289870053854311,0.15343804209194936,2.9509864474944703,2.946662197927632,1.0,1.0,1.0,True,,109.65209505616261,6b95c51c3b4483304e494884df864b4412c3078ef792f5cb49c13d1c3b2c8f25
px4,without_gps,after_return,0.2050218095423663,0.12125463660980144,0.16206369670750276,3.0788487930208914,3.07750896096264,1.0,1.0,1.0,True,,149.724203029929,6b95c51c3b4483304e494884df864b4412c3078ef792f5cb49c13d1c3b2c8f25
ekf3,without_gps,flight,0.06696432945011496,0.056893258175187505,0.051702771840199405,0.2353677904033156,0.1888019915874088,1.0,1.0,1.0,True,,15.604149203812867,e9160eb55b1ca7e71fcb7bcdd29f3a1b3d5b540f1bdce1426fc741308d53c013
ekf3,without_gps,outage_window,0.03651528492589547,0.05918400189240331,0.04206075168964432,0.17190736850731764,0.08924003625951059,1.0,1.0,1.0,True,,17.094928249003438,e9160eb55b1ca7e71fcb7bcdd29f3a1b3d5b540f1bdce1426fc741308d53c013
ekf3,without_gps,after_return,0.0384246465756317,0.06585407827158465,0.057129096456699294,0.30038724955905366,0.26878491867505416,1.0,1.0,1.0,True,,12.68110002540691,e9160eb55b1ca7e71fcb7bcdd29f3a1b3d5b540f1bdce1426fc741308d53c013
px4,only_barometer,flight,0.20299448124331582,0.11321433169336623,0.16572375237869205,3.1338469779957374,3.1322317102461845,1.0,1.0,1.0,True,,95.85083008849614,4e09328f8d8c2cbec13bf7dd24f4f7be40bb7a43c485517ad591d5370ea7abb0
px4,only_barometer,outage_window,0.21350700470233,0.11536297282382246,0.17369402799110825,3.264131884456586,3.263021287628263,1.0,1.0,1.0,True,,100.06143798856823,4e09328f8d8c2cbec13bf7dd24f4f7be40bb7a43c485517ad591d5370ea7abb0
px4,only_barometer,after_return,0.2160288687823013,0.11785664893639063,0.17126495046898135,3.2477671527095726,3.2471405807652385,1.0,1.0,1.0,True,,126.5749720708609,4e09328f8d8c2cbec13bf7dd24f4f7be40bb7a43c485517ad591d5370ea7abb0
ekf3,only_barometer,flight,0.07943494722987604,0.057746468581830655,0.06061091662370217,0.2775331491559487,0.227890883204027,1.0,1.0,1.0,True,,5.909034695414509,c42003d1fa738991c2e5cb98cd4b8b37f9d4090523ef92349b2a19e5c81b2b14
ekf3,only_barometer,outage_window,0.10724302316147873,0.059673469705277454,0.06971844069889994,0.301380797157552,0.23372916055211082,1.0,1.0,1.0,True,,6.701887267579369,c42003d1fa738991c2e5cb98cd4b8b37f9d4090523ef92349b2a19e5c81b2b14
ekf3,only_barometer,after_return,0.060330136787302584,0.0627071594796001,0.05937717159844699,0.23968829994308544,0.18403803678437428,1.0,1.0,1.0,True,,6.549604681005877,c42003d1fa738991c2e5cb98cd4b8b37f9d4090523ef92349b2a19e5c81b2b14
px4,without_barometer,flight,0.21803144716878672,0.07406765736466547,0.18536365586028178,3.5212706449728746,3.5118788928753584,1.0,1.0,1.0,True,,2672.8132006173423,f729748a1a2ce06f43b46e15f42e33aaa159fcb369938e0a4aea670883d4e923
px4,without_barometer,outage_window,0.22105116298737204,0.08073770640617163,0.1928609225252515,3.5447719195161214,3.5416863745437013,1.0,1.0,1.0,True,,2578.7373145314245,f729748a1a2ce06f43b46e15f42e33aaa159fcb369938e0a4aea670883d4e923
px4,without_barometer,after_return,0.22553182656148188,0.08314760523178794,0.17695358791336838,3.320026006672705,3.320368844144384,1.0,1.0,1.0,True,,3867.5954777472157,f729748a1a2ce06f43b46e15f42e33aaa159fcb369938e0a4aea670883d4e923
ekf3,without_barometer,flight,0.06890830532095472,0.17038251173652935,0.05153663379248113,0.3279928770924191,0.2442714797541085,1.0,1.0,1.0,True,,25.325564938410686,c6d3a1446cd01b3c6a6ea9fb4e95226f59136b091e6686fdeaae77604c24e3a6
ekf3,without_barometer,outage_window,0.043987211473750565,0.14374256676433741,0.03966974223633094,0.28227561030459514,0.16448235735541705,1.0,1.0,1.0,True,,21.166217881869077,c6d3a1446cd01b3c6a6ea9fb4e95226f59136b091e6686fdeaae77604c24e3a6
ekf3,without_barometer,after_return,0.04846856610743614,0.06474626614716866,0.05225519619701802,0.2296311985390153,0.17415857405072044,1.0,1.0,1.0,True,,18.532674323424477,c6d3a1446cd01b3c6a6ea9fb4e95226f59136b091e6686fdeaae77604c24e3a6
px4,only_range,flight,0.2034470801827628,0.15332758159209303,0.1660578969608342,3.1340340865021776,3.132610446288265,1.0,1.0,1.0,True,,64.61991637830462,41eeb6b7c00e81f4408102925c07bb046137981861d221e3d2b264e830f02172
px4,only_range,outage_window,0.21374102318315844,0.18497398570559187,0.17378102842856977,3.267679857075906,3.266658370248877,1.0,1.0,1.0,True,,63.80733380105259,41eeb6b7c00e81f4408102925c07bb046137981861d221e3d2b264e830f02172
px4,only_range,after_return,0.21633896300859828,0.12035541739176876,0.17136277870644331,3.249646495585587,3.249335704354911,1.0,1.0,1.0,True,,89.9075837047557,41eeb6b7c00e81f4408102925c07bb046137981861d221e3d2b264e830f02172
ekf3,only_range,flight,0.1300917372224648,0.047302275510748455,0.049151611303792905,0.2635111182733692,0.2227545802826496,1.0,1.0,1.0,True,,1.7174451655879952,81c791387c86c64664f0c20a4af903a2f422e44acd32eba9372d2b7a0358f9b5
ekf3,only_range,outage_window,0.17047772961311883,0.04703754542915692,0.06432639960903025,0.31152716494058025,0.26875957665020805,1.0,1.0,1.0,True,,1.1504692477601242,81c791387c86c64664f0c20a4af903a2f422e44acd32eba9372d2b7a0358f9b5
ekf3,only_range,after_return,0.06280407712460459,0.03860833135477368,0.023754545448567164,0.18950887057764654,0.14892800081379717,1.0,1.0,1.0,True,,1.5181846708218052,81c791387c86c64664f0c20a4af903a2f422e44acd32eba9372d2b7a0358f9b5
px4,without_range,flight,0.21793227106604976,0.11074719010604973,0.18523138994829555,3.5245731871150205,3.5179186898750485,1.0,1.0,1.0,True,,2707.9500262805254,3b1c3dc3d4a093f90c1034ad3b3aee8cb45ec9c8c2f6191413f6c243aa494507
px4,without_range,outage_window,0.22127876082719444,0.11564142741141689,0.19268203614268226,3.543473955519917,3.5415219717147233,1.0,1.0,1.0,True,,2618.6705904543132,3b1c3dc3d4a093f90c1034ad3b3aee8cb45ec9c8c2f6191413f6c243aa494507
px4,without_range,after_return,0.22573097261852254,0.11520510643250585,0.17696286304608594,3.319174435848008,3.3194867311482517,1.0,1.0,1.0,True,,3910.6912238838277,3b1c3dc3d4a093f90c1034ad3b3aee8cb45ec9c8c2f6191413f6c243aa494507
ekf3,without_range,flight,1.457485969591077,0.06831944498639576,0.7832070107943442,0.5070101300678905,0.30564424216256514,1.0,1.0,1.0,False,Matrix is not positive definite,,3b503ed728d534b65582dcd4f0613c71171559125fac35da9ae9b2ee0763aeb8
ekf3,without_range,outage_window,0.5222779976180969,0.0658239642784703,0.17007594737508286,0.3143726468413913,0.09554412451112085,1.0,1.0,1.0,False,Matrix is not positive definite,,3b503ed728d534b65582dcd4f0613c71171559125fac35da9ae9b2ee0763aeb8
ekf3,without_range,after_return,2.187230366457035,0.08329146769027425,1.1911824352142963,0.7188453350982911,0.4521231696651115,1.0,1.0,1.0,False,Matrix is not positive definite,,3b503ed728d534b65582dcd4f0613c71171559125fac35da9ae9b2ee0763aeb8
px4,only_magnetometer,flight,0.1978295868464036,0.15187513371873076,0.15292893251299722,2.9288907945645426,2.9274320127362667,1.0,1.0,1.0,True,,63.01525476088283,2b9de330a47ca6d6d036f72b8c8fa086f0fb7e4f13b23d0f5e64908f795179a3
px4,only_magnetometer,outage_window,0.20882284200211068,0.1783556536585795,0.16115618976572255,3.0644578798989164,3.0637484427632153,1.0,1.0,1.0,True,,58.87777964479286,2b9de330a47ca6d6d036f72b8c8fa086f0fb7e4f13b23d0f5e64908f795179a3
px4,only_magnetometer,after_return,0.2165027278650581,0.13169425825770414,0.16531645862767858,3.171866801196852,3.17185304608521,1.0,1.0,1.0,True,,91.6926458069729,2b9de330a47ca6d6d036f72b8c8fa086f0fb7e4f13b23d0f5e64908f795179a3
ekf3,only_magnetometer,flight,0.06371393708167868,0.033367326593311875,0.022796770138279174,0.1195874299049868,0.0864150620914546,1.0,1.0,1.0,True,,1.90295066991587,5c5259f84c6f82472f4e50c51c934a33db4e77b3f3be950e1b43b14915a0f951
ekf3,only_magnetometer,outage_window,0.055438732083647496,0.029807150148915624,0.02103177935860824,0.09199873655785815,0.036849247848312214,1.0,1.0,1.0,True,,1.5922434965484051,5c5259f84c6f82472f4e50c51c934a33db4e77b3f3be950e1b43b14915a0f951
ekf3,only_magnetometer,after_return,0.060119394084550574,0.03847637112566621,0.01841622780777652,0.06453400125292756,0.02563189433028245,1.0,1.0,1.0,True,,1.187333661208048,5c5259f84c6f82472f4e50c51c934a33db4e77b3f3be950e1b43b14915a0f951
px4,without_magnetometer,flight,0.21816065265064294,0.10909321546439872,0.18602998560497186,4.048916315286599,4.04777486541307,1.0,1.0,1.0,True,,2704.1975645180905,7d8537ad8d19550147a762cca0162042da2bd5bdfd9ac1c003565e08dca0d257
px4,without_magnetometer,outage_window,0.22127023376293375,0.11717743650789815,0.19109760844073811,3.538113382288441,3.5378624837104264,1.0,1.0,1.0,True,,2624.6415034920933,7d8537ad8d19550147a762cca0162042da2bd5bdfd9ac1c003565e08dca0d257
px4,without_magnetometer,after_return,0.22540550592607086,0.11521833676865144,0.17678518788488848,3.3141297952221094,3.3143990499441216,1.0,1.0,1.0,True,,3902.4937939965926,7d8537ad8d19550147a762cca0162042da2bd5bdfd9ac1c003565e08dca0d257
ekf3,without_magnetometer,flight,0.1331738869324593,0.043757387246911715,0.0690874906385002,0.7429809526222082,0.7314078962384201,1.0,1.0,1.0,True,,21.819132654928595,bacbda7de1653266550618ff1d9305ce993fcf6d11e90e2f5adf298e3dbbfadf
ekf3,without_magnetometer,outage_window,0.1430052836285835,0.050161395913590756,0.06203850634807775,0.3529770024239996,0.31716894826319364,1.0,1.0,1.0,True,,22.88249164360265,bacbda7de1653266550618ff1d9305ce993fcf6d11e90e2f5adf298e3dbbfadf
ekf3,without_magnetometer,after_return,0.047111199496217934,0.043534783564409735,0.039194047000880215,0.1526270760440448,0.11411522305650568,1.0,1.0,1.0,True,,22.62790500601363,bacbda7de1653266550618ff1d9305ce993fcf6d11e90e2f5adf298e3dbbfadf
px4,only_flow,flight,0.20518319434655932,0.13980406916168092,0.1575140621287597,3.0233886805792314,3.021659762064283,1.0,1.0,1.0,True,,61.87770636208484,de8829dd765647dadd781bba26fbfacee700fb85ebe8160df91651a8ad74728d
px4,only_flow,outage_window,0.2140923387592487,0.16787993824922173,0.1647816927193109,3.1410860471589785,3.1395636115748453,1.0,1.0,1.0,True,,60.356289572559746,de8829dd765647dadd781bba26fbfacee700fb85ebe8160df91651a8ad74728d
px4,only_flow,after_return,0.21939559430145306,0.10920008610738076,0.16740352141743797,3.2234040644861395,3.22264407477579,1.0,1.0,1.0,True,,86.891965294497,de8829dd765647dadd781bba26fbfacee700fb85ebe8160df91651a8ad74728d
ekf3,only_flow,flight,0.5428089705546162,0.38689247900967577,0.21672982095029944,3.5264347519452097,3.5081970472120605,1.0,1.0,1.0,True,,26.8741668380037,07f60fc8fbb62ff88763fc52b31e53d6580232edf701dbdd218e018ce16c0e46
ekf3,only_flow,outage_window,0.3885372927477405,0.2607756856636242,0.11344826979764523,2.6570075685693624,2.59731724476887,1.0,1.0,1.0,True,,21.787747530522036,07f60fc8fbb62ff88763fc52b31e53d6580232edf701dbdd218e018ce16c0e46
ekf3,only_flow,after_return,0.04233286108437732,0.0741983102907337,0.023779038226007722,0.23181319337708242,0.10733978479589944,1.0,1.0,1.0,True,,6.31759308773493,07f60fc8fbb62ff88763fc52b31e53d6580232edf701dbdd218e018ce16c0e46
px4,without_flow,flight,0.21641944332008323,0.10728931327513426,0.18610934619035663,3.5800262077863128,3.575652806639288,1.0,1.0,1.0,True,,2709.704582337649,d21e876573f9f60a164fc59170ac59e094398c5a4490e2bf631cdc6d358cb87b
px4,without_flow,outage_window,0.22067753415277105,0.11317681502345862,0.19306107286092244,3.5480894218339283,3.5457673608822624,1.0,1.0,1.0,True,,2617.9884058772227,d21e876573f9f60a164fc59170ac59e094398c5a4490e2bf631cdc6d358cb87b
px4,without_flow,after_return,0.22578985341123703,0.11208043251876641,0.1771788639059278,3.3174941659429424,3.317881012416449,1.0,1.0,1.0,True,,3908.5678942496334,d21e876573f9f60a164fc59170ac59e094398c5a4490e2bf631cdc6d358cb87b
ekf3,without_flow,flight,5.1913070951629585,0.08498610199966766,3.9944950734587237,2.863179282356767,2.5035460498616127,1.0,1.0,1.0,False,Matrix is not positive definite,,d2cb50b8e6ceca4671eaa9f20cc0eda72fb8840d7267aae022f2a5c6b4c0f548
ekf3,without_flow,outage_window,4.628961114425263,0.06615861455623145,1.5092924357792044,1.7851839535289014,1.3535344136179683,1.0,1.0,1.0,False,Matrix is not positive definite,,d2cb50b8e6ceca4671eaa9f20cc0eda72fb8840d7267aae022f2a5c6b4c0f548
ekf3,without_flow,after_return,6.874414797845892,0.11361308155313805,5.982202213252832,4.082313416437303,3.6290892268730266,1.0,1.0,1.0,False,Matrix is not positive definite,,d2cb50b8e6ceca4671eaa9f20cc0eda72fb8840d7267aae022f2a5c6b4c0f548
px4,only_bias,flight,0.2007258240460948,0.14202396475109583,0.1661988270346534,3.131038532859282,3.1300344553100357,1.0,1.0,1.0,True,,76.36569174668652,31f6bc1818d9fb60cb2c2bc79c9d62dd587155c74ea60108b332ff99d248b4a4
px4,only_bias,outage_window,0.20928614359499936,0.16841350513196182,0.17516455577285597,3.2653444837475605,3.264922854128116,1.0,1.0,1.0,True,,68.3964354284641,31f6bc1818d9fb60cb2c2bc79c9d62dd587155c74ea60108b332ff99d248b4a4
px4,only_bias,after_return,0.2143919662446699,0.1126151316528445,0.17122070371480547,3.244983930340122,3.244898741932728,1.0,1.0,1.0,True,,112.46898129382224,31f6bc1818d9fb60cb2c2bc79c9d62dd587155c74ea60108b332ff99d248b4a4
ekf3,only_bias,flight,0.09707974080276972,0.05464522108492039,0.04650381445144173,0.3799271860989871,0.3551245798047852,1.0,1.0,1.0,True,,8.495861581529764,974743ba8e65a5e62800369ab9c8660582d4c599f95076db0be5c3dc10698488
ekf3,only_bias,outage_window,0.1431821932488677,0.06348585742772427,0.06524629115675443,0.4810970170931303,0.4564091233832894,1.0,1.0,1.0,True,,8.253342659339843,974743ba8e65a5e62800369ab9c8660582d4c599f95076db0be5c3dc10698488
ekf3,only_bias,after_return,0.057904134878922146,0.042965087222069036,0.02244791723770645,0.19020560263930006,0.15248887565938582,1.0,1.0,1.0,True,,6.247479370121755,974743ba8e65a5e62800369ab9c8660582d4c599f95076db0be5c3dc10698488
px4,without_bias,flight,0.22165051391331492,0.10954901086822676,0.18536948437793307,3.456496285190565,3.445248974821667,1.0,1.0,1.0,True,,1338.5000310751784,0ca3e74741b3aee0200e2e94c2bcb81ad744058a415bc1d268ba5d65fab38578
px4,without_bias,outage_window,0.22457733859215875,0.11676069308276081,0.19396114858345884,3.335394899399031,3.3217087404235475,1.0,1.0,1.0,True,,1580.062731975883,0ca3e74741b3aee0200e2e94c2bcb81ad744058a415bc1d268ba5d65fab38578
px4,without_bias,after_return,0.2307727513459141,0.11278858311017123,0.18210958556809445,3.294861638276459,3.292521389155516,1.0,1.0,1.0,True,,1477.7691243131399,0ca3e74741b3aee0200e2e94c2bcb81ad744058a415bc1d268ba5d65fab38578
ekf3,without_bias,flight,5.696937023779613,0.05108394963797055,2.08722370077671,1.463903136064602,1.1951455557614192,1.0,1.0,1.0,False,Matrix is not positive definite,,28ebbcfb2b1db03e464c64d10dff8a9babc975ddb386bac5987edc4b906457a1
ekf3,without_bias,outage_window,1.2299756672557092,0.05623377579355668,0.42391057684205924,0.735281090997491,0.3394186494149337,1.0,1.0,1.0,False,Matrix is not positive definite,,28ebbcfb2b1db03e464c64d10dff8a9babc975ddb386bac5987edc4b906457a1
ekf3,without_bias,after_return,8.667801545371042,0.05453482914615209,3.1783763199389683,2.146640127029718,1.804553828160205,1.0,1.0,1.0,False,Matrix is not positive definite,,28ebbcfb2b1db03e464c64d10dff8a9babc975ddb386bac5987edc4b906457a1
