name,scenario,window,metric,baseline,candidate,change,percent_change,improved
horizon,gps,flight,horizontal_position_rmse_m,0.04135637959224826,0.04181004554668452,0.0004536659544362581,1.0969672851181889,False
horizon,gps,flight,vertical_position_rmse_m,0.032443104268799594,0.032505498691374785,6.239442257519046e-05,0.19231952053120338,False
horizon,gps,flight,position_3d_rmse_m,0.05256334414375032,0.05295929903039504,0.0003959548866447199,0.7532908970971475,False
horizon,gps,flight,velocity_3d_rmse_m_s,0.01781368745283215,0.01933935767417808,0.001525670221345931,8.564595204590098,False
horizon,gps,flight,attitude_rmse_deg,0.18862273781029218,0.15487432112641658,-0.0337484166838756,-17.892019316259823,True
horizon,gps,flight,yaw_rmse_deg,0.17579343792579225,0.1392505005745985,-0.03654293735119374,-20.787429714310278,True
horizon,gps,outage_window,horizontal_position_rmse_m,0.038892189022097436,0.039968084264590295,0.0010758952424928594,2.766353012121714,False
horizon,gps,outage_window,vertical_position_rmse_m,0.03394294097565562,0.03402102772093839,7.808674528277104e-05,0.23005297430995775,False
horizon,gps,outage_window,position_3d_rmse_m,0.0516209803181555,0.052486932535348724,0.0008659522171932249,1.6775198995759188,False
horizon,gps,outage_window,velocity_3d_rmse_m_s,0.018205852098465473,0.021595161474799566,0.0033893093763340924,18.616592939474486,False
horizon,gps,outage_window,attitude_rmse_deg,0.05409404091519728,0.0691968828688774,0.01510284195368012,27.919603893812827,False
horizon,gps,outage_window,yaw_rmse_deg,0.03946413687278898,0.040647260709264145,0.0011831238364751681,2.997972159606377,False
horizon,gps,after_return,horizontal_position_rmse_m,0.04984101616780649,0.05013685022651563,0.00029583405870913654,0.5935554317614944,False
horizon,gps,after_return,vertical_position_rmse_m,0.032771676336580395,0.03270059426928079,-7.108206729960348e-05,-0.21690091946947598,True
horizon,gps,after_return,position_3d_rmse_m,0.059649892393441345,0.05985843813699269,0.00020854574355134298,0.34961629465448674,False
horizon,gps,after_return,velocity_3d_rmse_m_s,0.019550745601240156,0.02014918449764768,0.0005984388964075243,3.0609517847215217,False
horizon,gps,after_return,attitude_rmse_deg,0.10851308528260559,0.10902032069604464,0.0005072354134390555,0.4674417026463207,False
horizon,gps,after_return,yaw_rmse_deg,0.10710033161916725,0.10352516817749235,-0.0035751634416748973,-3.3381441379543464,True
retrodiction,gps,flight,horizontal_position_rmse_m,0.040585569659291595,0.040938725963235674,0.00035315630394407854,0.870152388912504,False
retrodiction,gps,flight,vertical_position_rmse_m,0.03715278428782135,0.03718837947273835,3.559518491699776e-05,0.09580758373650688,False
retrodiction,gps,flight,position_3d_rmse_m,0.055022884738139606,0.05530781907923412,0.0002849343410945143,0.5178469694029131,False
retrodiction,gps,flight,velocity_3d_rmse_m_s,0.018284594902697054,0.01975473198879657,0.0014701370860995162,8.04030438696055,False
retrodiction,gps,flight,attitude_rmse_deg,0.1886683463995521,0.15460941681432983,-0.034058929585222275,-18.05227545329413,True
retrodiction,gps,flight,yaw_rmse_deg,0.1801541566887443,0.1454182202884916,-0.03473593640025269,-19.281229497394627,True
retrodiction,gps,outage_window,horizontal_position_rmse_m,0.04006454829073326,0.04088766232244654,0.0008231140317132776,2.0544697664884426,False
retrodiction,gps,outage_window,vertical_position_rmse_m,0.037512346637991884,0.03754790341161389,3.555677362200582e-05,0.09478685501906892,False
retrodiction,gps,outage_window,position_3d_rmse_m,0.05488482650085867,0.055512574979028846,0.0006277484781701745,1.1437559671621633,False
retrodiction,gps,outage_window,velocity_3d_rmse_m_s,0.018378971934242015,0.021554313827469716,0.003175341893227702,17.277037609006275,False
retrodiction,gps,outage_window,attitude_rmse_deg,0.07643331639775035,0.0681976655234076,-0.008235650874342748,-10.77494901763172,True
retrodiction,gps,outage_window,yaw_rmse_deg,0.06990635482516407,0.04981293626139285,-0.02009341856377122,-28.74333615881546,True
retrodiction,gps,after_return,horizontal_position_rmse_m,0.04893064857184903,0.04910081374034691,0.0001701651684978822,0.3477680624813573,False
retrodiction,gps,after_return,vertical_position_rmse_m,0.03976456207493482,0.03974314815966387,-2.1413915270947215e-05,-0.053851756824563335,True
retrodiction,gps,after_return,position_3d_rmse_m,0.06305100131380259,0.0631696741768171,0.0001186728630145073,0.18821725355935293,False
retrodiction,gps,after_return,velocity_3d_rmse_m_s,0.0200251470355658,0.020486818954486077,0.000461671918920277,2.305460819340399,False
retrodiction,gps,after_return,attitude_rmse_deg,0.15545962367319807,0.15295270257053417,-0.0025069211026639004,-1.6125866275952583,True
retrodiction,gps,after_return,yaw_rmse_deg,0.15440981408207974,0.1499667775507392,-0.0044430365313405384,-2.8774314364362508,True
horizon_joint,gps,flight,horizontal_position_rmse_m,0.041414338504361235,0.04180368898545538,0.00038935048109414727,0.9401344924370614,False
horizon_joint,gps,flight,vertical_position_rmse_m,0.03103181633506729,0.03108647146207956,5.465512701226943e-05,0.17612609723558492,False
horizon_joint,gps,flight,position_3d_rmse_m,0.051750565782483646,0.05209526965815006,0.00034470387566641614,0.6660871634046828,False
horizon_joint,gps,flight,velocity_3d_rmse_m_s,0.016300820569035198,0.017802356249831352,0.0015015356807961538,9.211411624568445,False
horizon_joint,gps,flight,attitude_rmse_deg,0.1889634591021953,0.15638155002468607,-0.03258190907750924,-17.242438952119453,True
horizon_joint,gps,flight,yaw_rmse_deg,0.17549458053728065,0.13938127148740279,-0.03611330904987786,-20.578019525911362,True
horizon_joint,gps,outage_window,horizontal_position_rmse_m,0.039047436664077596,0.04006667579644376,0.0010192391323661648,2.610258750490102,False
horizon_joint,gps,outage_window,vertical_position_rmse_m,0.018598071835661787,0.019382698014737347,0.00078462617907556,4.218857664432929,False
horizon_joint,gps,outage_window,position_3d_rmse_m,0.043250324692880496,0.04450873500457899,0.0012584103116984949,2.9095973744346137,False
horizon_joint,gps,outage_window,velocity_3d_rmse_m_s,0.017008790184966784,0.020414218483037518,0.0034054282980707333,20.02157861339615,False
horizon_joint,gps,outage_window,attitude_rmse_deg,0.05662026186925846,0.0739649450664363,0.017344683197177843,30.633350367097133,False
horizon_joint,gps,outage_window,yaw_rmse_deg,0.03972254360413859,0.04258132944385041,0.0028587858397118165,7.1968851446209126,False
horizon_joint,gps,after_return,horizontal_position_rmse_m,0.049818151953581996,0.050035894766048486,0.00021774281246648985,0.43707525054195173,False
horizon_joint,gps,after_return,vertical_position_rmse_m,0.040106154290175396,0.03988272218187478,-0.0002234321083006141,-0.5571018020926188,True
horizon_joint,gps,after_return,position_3d_rmse_m,0.06395585880916259,0.06398611016209443,3.0251352931845443e-05,0.04730036230473633,False
horizon_joint,gps,after_return,velocity_3d_rmse_m_s,0.017100972947525248,0.017640650186018902,0.0005396772384936542,3.155827683896506,False
horizon_joint,gps,after_return,attitude_rmse_deg,0.10807843914515125,0.10989702838481048,0.0018185892396592324,1.6826568315044144,False
horizon_joint,gps,after_return,yaw_rmse_deg,0.10625238088306699,0.10336911524230673,-0.0028832656407602603,-2.7136009723239596,True
retrodiction_joint,gps,flight,horizontal_position_rmse_m,0.04062903250064815,0.040929214955864955,0.00030018245521680476,0.7388373208542909,False
retrodiction_joint,gps,flight,vertical_position_rmse_m,0.023980669155728475,0.023960092359778834,-2.0576795949640847e-05,-0.08580576219962,True
retrodiction_joint,gps,flight,position_3d_rmse_m,0.04717828711489249,0.04742664507207454,0.00024835795718204656,0.5264242777132333,False
retrodiction_joint,gps,flight,velocity_3d_rmse_m_s,0.016960640652631993,0.018396812673753718,0.0014361720211217253,8.46767554678931,False
retrodiction_joint,gps,flight,attitude_rmse_deg,0.18822737092956782,0.15544324196033057,-0.03278412896923724,-17.417301642865013,True
retrodiction_joint,gps,flight,yaw_rmse_deg,0.1792916014973393,0.14498899674586174,-0.03430260475147756,-19.132298705015817,True
retrodiction_joint,gps,outage_window,horizontal_position_rmse_m,0.040174720980976145,0.040947919150435434,0.0007731981694592896,1.9245887726897282,False
retrodiction_joint,gps,outage_window,vertical_position_rmse_m,0.017036908933489227,0.01749814092139166,0.0004612319879024329,2.707251589493409,False
retrodiction_joint,gps,outage_window,position_3d_rmse_m,0.043637878865812094,0.044529956416500996,0.0008920775506889023,2.0442734016290487,False
retrodiction_joint,gps,outage_window,velocity_3d_rmse_m_s,0.017404876789467227,0.020547964157287095,0.0031430873678198676,18.05865910939366,False
retrodiction_joint,gps,outage_window,attitude_rmse_deg,0.07582641354184276,0.07126495139840243,-0.004561462143440331,-6.015663843738583,True
retrodiction_joint,gps,outage_window,yaw_rmse_deg,0.06823862171048391,0.049693878846624295,-0.018544742863859612,-27.176315111608517,True
retrodiction_joint,gps,after_return,horizontal_position_rmse_m,0.048913752734693235,0.04902342293385646,0.00010967019916322679,0.2242113782560784,False
retrodiction_joint,gps,after_return,vertical_position_rmse_m,0.025556392953818105,0.025259481096036557,-0.0002969118577815476,-1.161790939425933,True
retrodiction_joint,gps,after_return,position_3d_rmse_m,0.05518771989673675,0.055148321655267,-3.939824146974996e-05,-0.0713895075634019,True
retrodiction_joint,gps,after_return,velocity_3d_rmse_m_s,0.01786363366182194,0.01827088949065635,0.00040725582883440956,2.27980396678642,False
retrodiction_joint,gps,after_return,attitude_rmse_deg,0.15468985660516169,0.15353528897662466,-0.0011545676285370232,-0.7463757830508566,True
retrodiction_joint,gps,after_return,yaw_rmse_deg,0.15351937626275597,0.1497411459041534,-0.003778230358602558,-2.461077194670158,True
horizon,denied,flight,horizontal_position_rmse_m,0.18145875969663633,0.1995125417401726,0.018053782043536276,9.949248013002343,False
horizon,denied,flight,vertical_position_rmse_m,0.034150985171992436,0.03449886763011662,0.00034788245812418517,1.0186600953740133,False
horizon,denied,flight,position_3d_rmse_m,0.18464444551315173,0.202473272753182,0.017828827240030265,9.655761477406788,False
horizon,denied,flight,velocity_3d_rmse_m_s,0.03262986384251845,0.03654270789618955,0.003912844053671094,11.991603987548505,False
horizon,denied,flight,attitude_rmse_deg,0.2681428750366186,0.17779745510792994,-0.09034541992868866,-33.69301530624327,True
horizon,denied,flight,yaw_rmse_deg,0.24981598013253156,0.15861324731930554,-0.09120273281322602,-36.507965889468494,True
horizon,denied,outage_window,horizontal_position_rmse_m,0.1628744363404028,0.16397593096064256,0.0011014946202397569,0.6762845324220557,False
horizon,denied,outage_window,vertical_position_rmse_m,0.03655716264735991,0.037724738680903154,0.0011675760335432411,3.19383658082546,False
horizon,denied,outage_window,position_3d_rmse_m,0.16692665501360007,0.16825950743702967,0.0013328524234295924,0.7984659030764174,False
horizon,denied,outage_window,velocity_3d_rmse_m_s,0.02696394417297862,0.030671376176945573,0.003707432003966952,13.749590861719252,False
horizon,denied,outage_window,attitude_rmse_deg,0.1562851595564903,0.12445759177863827,-0.031827567777852034,-20.36506080818745,True
horizon,denied,outage_window,yaw_rmse_deg,0.1534049992428467,0.12041374007145804,-0.03299125917138866,-21.505986984923542,True
horizon,denied,after_return,horizontal_position_rmse_m,0.23473905622026525,0.264335247475832,0.02959619125556673,12.608123987597274,False
horizon,denied,after_return,vertical_position_rmse_m,0.03206883865804326,0.03226961514084837,0.00020077648280510813,0.6260796811073499,False
horizon,denied,after_return,position_3d_rmse_m,0.23691946928873628,0.26629767389041875,0.029378204601682473,12.400080369029931,False
horizon,denied,after_return,velocity_3d_rmse_m_s,0.0385590536502649,0.04467011436960133,0.006111060719336432,15.848575472739723,False
horizon,denied,after_return,attitude_rmse_deg,0.08381139864629743,0.09248467065707835,0.008673272010780927,10.34855896795619,False
horizon,denied,after_return,yaw_rmse_deg,0.06147636444021651,0.05549921991037728,-0.005977144529839225,-9.722670792694288,True
retrodiction,denied,flight,horizontal_position_rmse_m,0.18324544370036683,0.2011325925137715,0.01788714881340467,9.761306176132155,False
retrodiction,denied,flight,vertical_position_rmse_m,0.039240507961985895,0.03952878917428591,0.00028828121230001225,0.7346520910975096,False
retrodiction,denied,flight,position_3d_rmse_m,0.18739986686777285,0.20498010865665967,0.017580241788886813,9.381138889117357,False
retrodiction,denied,flight,velocity_3d_rmse_m_s,0.031873845581339835,0.03581568325740756,0.003941837676067726,12.3669974682171,False
retrodiction,denied,flight,attitude_rmse_deg,0.2683631953736527,0.18098963653043587,-0.08737355884321685,-32.5579514439613,True
retrodiction,denied,flight,yaw_rmse_deg,0.24986440275168728,0.16125680629201933,-0.08860759645966795,-35.46227293038028,True
retrodiction,denied,outage_window,horizontal_position_rmse_m,0.15362171251194134,0.15927335915415236,0.005651646642211017,3.678937403963456,False
retrodiction,denied,outage_window,vertical_position_rmse_m,0.03982887647890671,0.04082231970385966,0.0009934432249529487,2.494278806682071,False
retrodiction,denied,outage_window,position_3d_rmse_m,0.15870088202865656,0.1644216066161979,0.0057207245875413315,3.604721356563312,False
retrodiction,denied,outage_window,velocity_3d_rmse_m_s,0.02670317348655791,0.030320841419581926,0.003617667933024017,13.547707858937109,False
retrodiction,denied,outage_window,attitude_rmse_deg,0.15539981809105616,0.12336028274481245,-0.03203953534624371,-20.617485747293617,True
retrodiction,denied,outage_window,yaw_rmse_deg,0.15252157280627573,0.11946526664269869,-0.03305630616357705,-21.6732004236301,True
retrodiction,denied,after_return,horizontal_position_rmse_m,0.24310657340136116,0.26944640869224895,0.026339835290887792,10.834686583073827,False
retrodiction,denied,after_return,vertical_position_rmse_m,0.04101290994323084,0.041180809690281435,0.00016789974705059413,0.4093826731216943,False
retrodiction,denied,after_return,position_3d_rmse_m,0.24654181149038992,0.27257517539918713,0.026033363908797208,10.55941130286211,False
retrodiction,denied,after_return,velocity_3d_rmse_m_s,0.03753248204799686,0.043555730307117346,0.006023248259120484,16.048094691467263,False
retrodiction,denied,after_return,attitude_rmse_deg,0.08223587979573801,0.09200289213839281,0.009767012342654799,11.876825987530793,False
retrodiction,denied,after_return,yaw_rmse_deg,0.059260397664703764,0.05427685454695906,-0.004983543117744703,-8.409567458425894,True
horizon_joint,denied,flight,horizontal_position_rmse_m,0.17624126215463554,0.1957456734948861,0.019504411340250577,11.06688133176057,False
horizon_joint,denied,flight,vertical_position_rmse_m,0.028011054963274957,0.02828243639958195,0.00027138143630699163,0.968836899084291,False
horizon_joint,denied,flight,position_3d_rmse_m,0.1784533599740128,0.19777832262576947,0.019324962651756677,10.829139140092892,False
horizon_joint,denied,flight,velocity_3d_rmse_m_s,0.03243709674621299,0.03600790944890783,0.0035708127026948394,11.008422642238248,False
horizon_joint,denied,flight,attitude_rmse_deg,0.27608818585140693,0.1891530510305611,-0.08693513482084583,-31.488176342190567,True
horizon_joint,denied,flight,yaw_rmse_deg,0.2591344292150832,0.174127514266238,-0.08500691494884519,-32.80417627496689,True
horizon_joint,denied,outage_window,horizontal_position_rmse_m,0.15199000345472127,0.14935995931262025,-0.0026300441421010234,-1.7304060019213918,True
horizon_joint,denied,outage_window,vertical_position_rmse_m,0.031841834859026516,0.03296904503171093,0.001127210172684412,3.540028951456198,False
horizon_joint,denied,outage_window,position_3d_rmse_m,0.15528961200722893,0.1529554032264652,-0.0023342087807637357,-1.5031325988856703,True
horizon_joint,denied,outage_window,velocity_3d_rmse_m_s,0.027725372215756966,0.031253829501622914,0.0035284572858659477,12.726455963900985,False
horizon_joint,denied,outage_window,attitude_rmse_deg,0.17951672947840128,0.15510152034449556,-0.024415209133905713,-13.600520243904757,True
horizon_joint,denied,outage_window,yaw_rmse_deg,0.1772962394233701,0.15267090380555798,-0.024625335617812133,-13.889372779649701,True
horizon_joint,denied,after_return,horizontal_position_rmse_m,0.2309455514708653,0.2642462867643763,0.03330073529351099,14.419301467996458,False
horizon_joint,denied,after_return,vertical_position_rmse_m,0.020459923474026216,0.020407606018776843,-5.231745524937256e-05,-0.255706993800775,True
horizon_joint,denied,after_return,position_3d_rmse_m,0.23185007270377359,0.26503314972315933,0.03318307701938575,14.312299596206103,False
horizon_joint,denied,after_return,velocity_3d_rmse_m_s,0.03761033691965807,0.043165621663248284,0.005555284743590211,14.770632753057278,False
horizon_joint,denied,after_return,attitude_rmse_deg,0.10138281953805359,0.10562408040124574,0.004241260863192153,4.1834118270899,False
horizon_joint,denied,after_return,yaw_rmse_deg,0.09016258863112651,0.08936693443960497,-0.0007956541915215415,-0.8824660023646014,True
retrodiction_joint,denied,flight,horizontal_position_rmse_m,0.17608561337547565,0.19401753854904805,0.017931925173572394,10.183640122452985,False
retrodiction_joint,denied,flight,vertical_position_rmse_m,0.03353635508912148,0.03355972996063355,2.337487151207046e-05,0.06970009546343192,False
retrodiction_joint,denied,flight,position_3d_rmse_m,0.17925074714064967,0.19689860522528335,0.017647858084633677,9.845347015924144,False
retrodiction_joint,denied,flight,velocity_3d_rmse_m_s,0.031833195436639185,0.035435398972073665,0.0036022035354344797,11.315871642871379,False
retrodiction_joint,denied,flight,attitude_rmse_deg,0.27636136114801607,0.19215705262704083,-0.08420430852097524,-30.46891510853297,True
retrodiction_joint,denied,flight,yaw_rmse_deg,0.259260335611086,0.17660126463821474,-0.08265907097287128,-31.8826521527255,True
retrodiction_joint,denied,outage_window,horizontal_position_rmse_m,0.1426718918653171,0.14326501607218056,0.0005931242068634712,0.41572604043365047,False
retrodiction_joint,denied,outage_window,vertical_position_rmse_m,0.0344528460930226,0.035127706874666875,0.0006748607816442764,1.9587954499380222,False
retrodiction_joint,denied,outage_window,position_3d_rmse_m,0.14677284262539253,0.1475087137101896,0.0007358710847970573,0.5013673317448841,False
retrodiction_joint,denied,outage_window,velocity_3d_rmse_m_s,0.02754523867698092,0.030931395334643796,0.003386156657662877,12.293074303591457,False
retrodiction_joint,denied,outage_window,attitude_rmse_deg,0.17955627725052853,0.15546579888076095,-0.024090478369767576,-13.41667288866486,True
retrodiction_joint,denied,outage_window,yaw_rmse_deg,0.1773245061360881,0.15313231324673443,-0.024192192889353675,-13.642893143481993,True
retrodiction_joint,denied,after_return,horizontal_position_rmse_m,0.23568194126140837,0.26391426943699003,0.02823232817558166,11.978995091638179,False
retrodiction_joint,denied,after_return,vertical_position_rmse_m,0.03254366116845651,0.032284672142439214,-0.0002589890260172936,-0.7958201896113737,True
retrodiction_joint,denied,after_return,position_3d_rmse_m,0.23791819459426228,0.2658816309334004,0.027963436339138115,11.753382874658257,False
retrodiction_joint,denied,after_return,velocity_3d_rmse_m_s,0.03685095269389519,0.042343534027638914,0.0054925813337437235,14.90485572888225,False
retrodiction_joint,denied,after_return,attitude_rmse_deg,0.0990269508396518,0.1039533096227981,0.0049263587831463035,4.974765699009809,False
retrodiction_joint,denied,after_return,yaw_rmse_deg,0.08762702680653618,0.08738127035337355,-0.00024575645316263217,-0.2804573681419287,True
horizon,transition,flight,horizontal_position_rmse_m,0.12363933549596451,0.11759245643495024,-0.006046879061014268,-4.890740504838476,True
horizon,transition,flight,vertical_position_rmse_m,0.034043928030311865,0.034231658559485456,0.0001877305291735909,0.5514361592071193,False
horizon,transition,flight,position_3d_rmse_m,0.1282406890094432,0.12247363903362578,-0.005767049975817409,-4.497051614712355,True
horizon,transition,flight,velocity_3d_rmse_m_s,0.020808771386012382,0.022185801404863092,0.0013770300188507105,6.6175460016651755,False
horizon,transition,flight,attitude_rmse_deg,0.20095411807740696,0.16867251875279604,-0.032281599324610916,-16.064164115400782,True
horizon,transition,flight,yaw_rmse_deg,0.18832490131774143,0.15383577329002762,-0.03448912802771381,-18.313631275730135,True
horizon,transition,outage_window,horizontal_position_rmse_m,0.20451046361685088,0.19296008099856932,-0.011550382618281563,-5.64781987875258,True
horizon,transition,outage_window,vertical_position_rmse_m,0.038524396764092035,0.03892493341857532,0.00040053665448328696,1.0396961098080526,False
horizon,transition,outage_window,position_3d_rmse_m,0.20810732537519305,0.19684700480478476,-0.011260320570408294,-5.41082374207984,True
horizon,transition,outage_window,velocity_3d_rmse_m_s,0.02374958148725526,0.02722344636807994,0.0034738648808246807,14.627057250204011,False
horizon,transition,outage_window,attitude_rmse_deg,0.08321419205729506,0.08396829023274674,0.0007540981754516757,0.9062134196201388,False
horizon,transition,outage_window,yaw_rmse_deg,0.07131428917786133,0.057662973885733534,-0.013651315292127791,-19.142468430247895,True
horizon,transition,after_return,horizontal_position_rmse_m,0.06303380803093735,0.0633695923065429,0.0003357842756055579,0.5327050452683224,False
horizon,transition,after_return,vertical_position_rmse_m,0.03276422525551522,0.03271145218848532,-5.277306702990148e-05,-0.16106917413228894,True
horizon,transition,after_return,position_3d_rmse_m,0.07104051950454195,0.071314404809807,0.00027388530526505084,0.3855339279262182,False
horizon,transition,after_return,velocity_3d_rmse_m_s,0.02189413795085061,0.021839766010033203,-5.4371940817407594e-05,-0.24834017644113082,True
horizon,transition,after_return,attitude_rmse_deg,0.14184077540593745,0.14403393620226626,0.002193160796328808,1.546213202834057,False
horizon,transition,after_return,yaw_rmse_deg,0.1400023430809187,0.13991879415705957,-8.354892385911694e-05,-0.05967680398807351,True
retrodiction,transition,flight,horizontal_position_rmse_m,0.12720196952379678,0.1211702484788022,-0.006031721044994581,-4.741845639320996,True
retrodiction,transition,flight,vertical_position_rmse_m,0.03848903613296051,0.03863869494531423,0.00014965881235372291,0.38883491869405873,False
retrodiction,transition,flight,position_3d_rmse_m,0.13289750544377144,0.12718167267138658,-0.0057158327723848545,-4.300933078689884,True
retrodiction,transition,flight,velocity_3d_rmse_m_s,0.022363726172933782,0.023423693743194505,0.0010599675702607225,4.739673353466345,False
retrodiction,transition,flight,attitude_rmse_deg,0.2056688908458092,0.17402195141118135,-0.03164693943462785,-15.387324405008673,True
retrodiction,transition,flight,yaw_rmse_deg,0.19777462538077906,0.1661440008857895,-0.031630624494989545,-15.993267303169223,True
retrodiction,transition,outage_window,horizontal_position_rmse_m,0.21351200419521874,0.2020267186303582,-0.011485285564860531,-5.379222403982153,True
retrodiction,transition,outage_window,vertical_position_rmse_m,0.041543285027169106,0.04192320447214459,0.0003799194449754864,0.9145146916692326,False
retrodiction,transition,outage_window,position_3d_rmse_m,0.21751602347024393,0.20633068146488337,-0.01118534200536056,-5.142307139910873,True
retrodiction,transition,outage_window,velocity_3d_rmse_m_s,0.02700446129101445,0.02918812644809015,0.002183665157075701,8.086312604215152,False
retrodiction,transition,outage_window,attitude_rmse_deg,0.11726220781400308,0.10068138395265146,-0.016580823861351623,-14.139955379018199,True
retrodiction,transition,outage_window,yaw_rmse_deg,0.11327506892559915,0.09065638879524687,-0.022618680130352273,-19.967924402860948,True
retrodiction,transition,after_return,horizontal_position_rmse_m,0.057938796725599526,0.058640038801834556,0.0007012420762350299,1.2103152220370506,False
retrodiction,transition,after_return,vertical_position_rmse_m,0.039726405502746254,0.03969208790845704,-3.431759428921405e-05,-0.08638484618710418,True
retrodiction,transition,after_return,position_3d_rmse_m,0.07025020612196785,0.07081042291367383,0.0005602167917059808,0.7974592853625673,False
retrodiction,transition,after_return,velocity_3d_rmse_m_s,0.022271208944912038,0.02236762700255415,9.641805764211073e-05,0.432926914208398,False
retrodiction,transition,after_return,attitude_rmse_deg,0.18449441677992887,0.18531229640740807,0.0008178796274792011,0.4433086061649272,False
retrodiction,transition,after_return,yaw_rmse_deg,0.1832474176492259,0.18283637855267784,-0.00041103909654804927,-0.2243082613774483,True
horizon_joint,transition,flight,horizontal_position_rmse_m,0.12097977105580623,0.11507272047280226,-0.0059070505830039755,-4.882676278399578,True
horizon_joint,transition,flight,vertical_position_rmse_m,0.0317663622758475,0.03197445975226171,0.000208097476414211,0.6550875249963006,False
horizon_joint,transition,flight,position_3d_rmse_m,0.1250808009926211,0.1194323954103772,-0.005648405582243887,-4.515805413316077,True
horizon_joint,transition,flight,velocity_3d_rmse_m_s,0.01925903337735725,0.02055827104047576,0.0012992376631185097,6.746120834112146,False
horizon_joint,transition,flight,attitude_rmse_deg,0.20079774912544965,0.16969677665158384,-0.031100972473865812,-15.488705729681907,True
horizon_joint,transition,flight,yaw_rmse_deg,0.18759988221625407,0.15394099625040095,-0.03365888596585312,-17.941848133493576,True
horizon_joint,transition,outage_window,horizontal_position_rmse_m,0.19971285180015613,0.18842871484735074,-0.01128413695280539,-5.650180672447124,True
horizon_joint,transition,outage_window,vertical_position_rmse_m,0.027204233885254742,0.027949511055493082,0.0007452771702383398,2.739563162785097,False
horizon_joint,transition,outage_window,position_3d_rmse_m,0.20155717182832958,0.19049030355182214,-0.011066868276507436,-5.490684442592453,True
horizon_joint,transition,outage_window,velocity_3d_rmse_m_s,0.0226575002937434,0.026060988990563392,0.0034034886968199903,15.02146597239513,False
horizon_joint,transition,outage_window,attitude_rmse_deg,0.08479272583259169,0.08835938386899357,0.003566658036401882,4.20632548532951,False
horizon_joint,transition,outage_window,yaw_rmse_deg,0.0713021962970372,0.0602664222905374,-0.011035774006499799,-15.477467146349833,True
horizon_joint,transition,after_return,horizontal_position_rmse_m,0.062475707524423864,0.06276150721014463,0.00028579968572076814,0.45745730147839225,False
horizon_joint,transition,after_return,vertical_position_rmse_m,0.037652549040256306,0.037611577109712295,-4.097193054401066e-05,-0.10881582147388436,True
horizon_joint,transition,after_return,position_3d_rmse_m,0.07294469466593344,0.0731685555410852,0.0002238608751517629,0.3068912361303022,False
horizon_joint,transition,after_return,velocity_3d_rmse_m_s,0.019266661629377242,0.019025804164096875,-0.0002408574652803669,-1.2501255791668386,True
horizon_joint,transition,after_return,attitude_rmse_deg,0.13993496752264906,0.1434947767861035,0.00355980926345445,2.5439025902359136,False
horizon_joint,transition,after_return,yaw_rmse_deg,0.13798336239837178,0.13937061924124627,0.0013872568428744958,1.0053797927241037,False
retrodiction_joint,transition,flight,horizontal_position_rmse_m,0.12446918613239137,0.11844912682334607,-0.0060200593090452975,-4.836586062868664,True
retrodiction_joint,transition,flight,vertical_position_rmse_m,0.0258161681104037,0.02602212046097906,0.00020595235057535924,0.797764988570715,False
retrodiction_joint,transition,flight,position_3d_rmse_m,0.1271182631739614,0.12127384878240992,-0.005844414391551492,-4.597619764166705,True
retrodiction_joint,transition,flight,velocity_3d_rmse_m_s,0.0208546410647978,0.021813449971301035,0.0009588089065032356,4.597580478724628,False
retrodiction_joint,transition,flight,attitude_rmse_deg,0.20448738601089933,0.17406843585435686,-0.030418950156542474,-14.875709817583138,True
retrodiction_joint,transition,flight,yaw_rmse_deg,0.19621302116831663,0.1653195206259247,-0.030893500542391927,-15.7448778671476,True
retrodiction_joint,transition,outage_window,horizontal_position_rmse_m,0.20857399066954183,0.19711400497499287,-0.011459985694548952,-5.494446195214142,True
retrodiction_joint,transition,outage_window,vertical_position_rmse_m,0.026368565699943548,0.027060361111542412,0.0006917954115988646,2.6235610213730665,False
retrodiction_joint,transition,outage_window,position_3d_rmse_m,0.21023418095278978,0.19896279577038667,-0.011271385182403115,-5.361347584546305,True
retrodiction_joint,transition,outage_window,velocity_3d_rmse_m_s,0.025638203580849523,0.027685529372503643,0.00204732579165412,7.985449468789496,False
retrodiction_joint,transition,outage_window,attitude_rmse_deg,0.11592745582916052,0.10235623857694752,-0.013571217252212997,-11.706646329073733,True
retrodiction_joint,transition,outage_window,yaw_rmse_deg,0.11134222855342284,0.09049764961230916,-0.020844578941113676,-18.721179926008304,True
retrodiction_joint,transition,after_return,horizontal_position_rmse_m,0.05753466383052053,0.05817233930850519,0.000637675477984663,1.1083326737826527,False
retrodiction_joint,transition,after_return,vertical_position_rmse_m,0.02369373771956093,0.023620696575190624,-7.304114437030676e-05,-0.3082719376521381,True
retrodiction_joint,transition,after_return,position_3d_rmse_m,0.0622224296312379,0.0627850170607692,0.0005625874295312958,0.9041553550150239,False
retrodiction_joint,transition,after_return,velocity_3d_rmse_m_s,0.019958511883351626,0.01993408196804855,-2.442991530307581e-05,-0.12240349103108672,True
retrodiction_joint,transition,after_return,attitude_rmse_deg,0.1822396598553309,0.18442203609285607,0.00218237623752518,1.197530899288135,False
retrodiction_joint,transition,after_return,yaw_rmse_deg,0.180933831569855,0.18171968413877976,0.0007858525689247442,0.4343314691931166,False
