estimator,seed,frequency,climb_height_m,scenario,window,covariance_valid,mean_nees_15d,horizontal_position_rmse_m,vertical_position_rmse_m,velocity_3d_rmse_m_s,attitude_rmse_deg,yaw_rmse_deg
px4,7,0.6,2,denied,flight,True,4.104394062455151,0.07447743456374555,0.057848285234681905,0.02614908666380414,0.4547906954615616,0.4376607874983451
px4,7,0.6,2,gps,flight,True,31.78294702689322,0.1493902516913904,0.06589729658131192,0.09068453294741265,2.3065517348709856,2.3041138042829092
px4,7,0.6,2,transition,flight,True,26.636669502781174,0.16290753492869478,0.20214403606037265,0.09032893208231838,2.2777481635154744,2.274778107186752
px4,7,0.6,4,denied,flight,True,4.184017091664216,0.1456178825629306,0.05833746460109326,0.03182632956657584,0.46721870384315517,0.4498315534319973
px4,7,0.6,4,gps,flight,True,31.912449763496458,0.15012489985144029,0.06830729999273202,0.09175772718347912,2.3065148403252618,2.3041366437715887
px4,7,0.6,4,transition,flight,True,26.81349220311528,0.1784224961549062,0.2045141672677339,0.09269709270409056,2.2753023890122464,2.2723482658978504
px4,101,0.85,2,denied,flight,True,3.532997826292468,0.11326398051307847,0.03598391808231215,0.029947278440065117,0.46409468409425,0.4501444624422069
px4,101,0.85,2,gps,flight,True,63.49574131863259,0.20358853801076573,0.14153420703342784,0.16600776191359437,3.134035544257076,3.1325938060280447
px4,101,0.85,2,transition,flight,True,39.57377096750251,0.20889296583742342,0.12374309119338546,0.16541734583309256,3.121768279754343,3.1195971866552803
px4,101,0.85,4,denied,flight,True,3.56520097851134,0.1580351656785241,0.03499054577202538,0.036719824173836464,0.5601620184591333,0.5483599782370631
px4,101,0.85,4,gps,flight,True,63.887182377329395,0.203426460589618,0.14617076828499603,0.166636080502815,3.1371648890347608,3.1358194681191045
px4,101,0.85,4,transition,flight,True,39.621771884936294,0.20868028270075725,0.12559767457880397,0.16658064327294128,3.1281418894948234,3.125846310428685
px4,7,0.6,2,denied,outage_window,True,3.741730944679676,0.1052423603243542,0.04627041874495338,0.029135006465082717,0.6024363629796641,0.5933065971184118
px4,7,0.6,2,gps,outage_window,True,32.205994459544826,0.15996116526625223,0.05478784970418472,0.09426472692572745,2.5293765795164656,2.5275472853176426
px4,7,0.6,2,transition,outage_window,True,22.382596197605544,0.20520474703873381,0.03655072166980201,0.09998769934129265,2.548570353470996,2.5468962940639592
px4,7,0.6,4,denied,outage_window,True,3.823603554650114,0.18288632516654116,0.047840948029207506,0.03465543583280473,0.6524513965673323,0.6440349373446219
px4,7,0.6,4,gps,outage_window,True,32.207670976473494,0.1604235810156627,0.05952310380572124,0.09478602631907082,2.532085952756097,2.5300879887958003
px4,7,0.6,4,transition,outage_window,True,22.44627606723055,0.2377897435635854,0.039121109560302195,0.10417745412428167,2.528623685836324,2.5272360947813195
px4,101,0.85,2,denied,outage_window,True,3.299897020896011,0.12584081462409194,0.032611248251178615,0.03237992505008786,0.5228936149016905,0.5129577559196876
px4,101,0.85,2,gps,outage_window,True,62.23728174444562,0.21395324764515825,0.16742310356051024,0.17374779316452338,3.2678109180677746,3.2667490987231513
px4,101,0.85,2,transition,outage_window,True,36.45850609298935,0.22404085663739542,0.14116973347453354,0.175863322326298,3.271061206032593,3.270145098185379
px4,101,0.85,4,denied,outage_window,True,3.3298760310118998,0.17500117764149348,0.03318029420987955,0.04025839717529895,0.640380612892607,0.6322163542747201
px4,101,0.85,4,gps,outage_window,True,62.62628359506558,0.21396454762140513,0.1744736127518046,0.17453672334197495,3.271189737267022,3.2701164540401875
px4,101,0.85,4,transition,outage_window,True,36.531027105412186,0.2232455926580057,0.14627353858652978,0.17809679025081884,3.277066242246055,3.2758889807039484
px4,7,0.6,2,denied,after_return,True,3.73612185855764,0.03180434124869558,0.07297377426492856,0.016959284337046552,0.14291555806417752,0.09109918981117188
px4,7,0.6,2,gps,after_return,True,41.327853565225894,0.15166142918344622,0.05439893912611601,0.09545461155120738,2.2722929900986055,2.2718877415863883
px4,7,0.6,2,transition,after_return,True,36.6070128241414,0.1432845427338332,0.30004997899672897,0.09014732845915543,2.1863011725178114,2.1845299501301714
px4,7,0.6,4,denied,after_return,True,3.8217626272515415,0.1270306236223714,0.0716472239861523,0.022500206300208863,0.179998870650597,0.1390590555821587
px4,7,0.6,4,gps,after_return,True,41.696497691384025,0.15284578379364028,0.05920689703145866,0.09746615662887845,2.2776961992142692,2.2774954713860946
px4,7,0.6,4,transition,after_return,True,37.040610497837356,0.1486736181537501,0.30387699897545406,0.09222485557732059,2.2056672948756644,2.203616825139485
px4,101,0.85,2,denied,after_return,True,3.1191559977264562,0.11808907228188253,0.04480818104012926,0.02688533066789022,0.4215933034459456,0.40950222145621046
px4,101,0.85,2,gps,after_return,True,88.71725852758733,0.21649873168874686,0.11266956767294962,0.17132761025412516,3.2495755718534243,3.249253386845033
px4,101,0.85,2,transition,after_return,True,51.635400540942165,0.22068011925996212,0.08763345230097636,0.16834071307036366,3.219232629637415,3.2171483243057426
px4,101,0.85,4,denied,after_return,True,3.1596246292891124,0.16432917666950506,0.04334879774680897,0.032327316017421635,0.49613000022328635,0.4854854885272581
px4,101,0.85,4,gps,after_return,True,89.43559571132141,0.21678940798958948,0.11853476872479494,0.171856337055643,3.250987209768678,3.250863915396375
px4,101,0.85,4,transition,after_return,True,51.7805979937977,0.2214551662002877,0.08772220375325808,0.16896638947050158,3.2260203537028835,3.223820992198247
ekf3,7,0.6,2,denied,flight,True,1.6520045595163495,0.11976934051397309,0.05872760609583926,0.02956044199895717,0.3939291652651663,0.3666458959323335
ekf3,7,0.6,2,gps,flight,True,2.1409670584293363,0.10123718232520611,0.06088677502600385,0.03578185088239276,0.39516278467124927,0.3672588501224559
ekf3,7,0.6,2,transition,flight,True,2.165370948790272,0.08531299905376497,0.056537920626884446,0.031525619751661724,0.42553423753689534,0.40020992856135484
ekf3,7,0.6,4,denied,flight,True,1.1334034484085997,0.07863941310498765,0.05858401912004592,0.03588206581240808,0.6237615863372872,0.611840226426212
ekf3,7,0.6,4,gps,flight,True,1.9398984183279415,0.097149099951484,0.05648753037394419,0.039615591173289694,0.7374079328265635,0.7267150726444198
ekf3,7,0.6,4,transition,flight,True,1.9398984183279415,0.097149099951484,0.05648753037394419,0.039615591173289694,0.7374079328265635,0.7267150726444198
ekf3,101,0.85,2,denied,flight,True,1.4007571233954785,0.05188167951812744,0.04731318425388795,0.035111244835890905,0.43236458879306916,0.41277350534848606
ekf3,101,0.85,2,gps,flight,True,1.5996855683532627,0.06709750225654788,0.0475038027367822,0.04470470119098572,0.3827294683766914,0.3611523204069452
ekf3,101,0.85,2,transition,flight,True,1.5822315839443015,0.06783781247271209,0.04627635311294354,0.04845874500673912,0.405295417506843,0.3858590297246686
ekf3,101,0.85,4,denied,flight,True,0.9673947106524057,0.06667669644897398,0.04758174729003327,0.04192638103888264,0.5758000112984855,0.5637856695387388
ekf3,101,0.85,4,gps,flight,True,1.6024293426636256,0.09580677753421732,0.046012552897103626,0.04716239349465222,0.605987675521015,0.5928409637168138
ekf3,101,0.85,4,transition,flight,True,1.6024293426636256,0.09580677753421732,0.046012552897103626,0.04716239349465222,0.605987675521015,0.5928409637168138
ekf3,7,0.6,2,denied,outage_window,True,1.1945942605986912,0.09265539479086736,0.040030860345488445,0.02298552487556484,0.5147272009788877,0.4879813047618975
ekf3,7,0.6,2,gps,outage_window,True,1.241658801579476,0.13851126937138256,0.04267892618143057,0.04104958917565332,0.5004330529952151,0.47162294796799065
ekf3,7,0.6,2,transition,outage_window,True,1.1945942319755523,0.09265539448204925,0.040030860345488445,0.02298552487556484,0.5147268206025165,0.4879808982422265
ekf3,7,0.6,4,denied,outage_window,True,0.8955503295711434,0.09559079377701638,0.03915681200847008,0.03273624745007347,0.8825097045525773,0.8734261795650677
ekf3,7,0.6,4,gps,outage_window,True,0.8955503419999691,0.09559091439568197,0.03915681200847008,0.03273624745007347,0.8825095160175844,0.8734259891982993
ekf3,7,0.6,4,transition,outage_window,True,0.8955503419999691,0.09559091439568197,0.03915681200847008,0.03273624745007347,0.8825095160175844,0.8734259891982993
ekf3,101,0.85,2,denied,outage_window,True,1.0217853570737905,0.03615409202136861,0.04297815863901104,0.03460978565513777,0.534334301277155,0.5167004827218402
ekf3,101,0.85,2,gps,outage_window,True,1.031160264072345,0.0670926459605664,0.04621643957150601,0.0613632213478338,0.4960305565195438,0.47626632594486934
ekf3,101,0.85,2,transition,outage_window,True,1.021785341347171,0.036154123344578515,0.04297815863901104,0.034609868951789545,0.5343344799894265,0.5167006455517742
ekf3,101,0.85,4,denied,outage_window,True,0.7772754819281926,0.06753986031301223,0.04358071102372395,0.042924265937110684,0.6722142283307967,0.6606935299539106
ekf3,101,0.85,4,gps,outage_window,True,0.7772754487796664,0.06753989293704807,0.04358071102372395,0.042924265937110684,0.6722143302557344,0.6606936499008091
ekf3,101,0.85,4,transition,outage_window,True,0.7772754487796664,0.06753989293704807,0.04358071102372395,0.042924265937110684,0.6722143302557344,0.6606936499008091
ekf3,7,0.6,2,denied,after_return,True,1.1962708855776292,0.14783070464508802,0.05834665551683317,0.02379907941926218,0.35714968081440585,0.3357384768399109
ekf3,7,0.6,2,gps,after_return,True,2.3195490796996308,0.0654117316533229,0.062024152392435,0.02557674731512218,0.3751357324195052,0.35433153496669695
ekf3,7,0.6,2,transition,after_return,True,2.4132358930963083,0.07244244299934656,0.053020782481966434,0.02912905524820679,0.4340731636811959,0.4161813834112112
ekf3,7,0.6,4,denied,after_return,True,0.9083614776242427,0.056189466264457234,0.05774593674017247,0.02018860288886687,0.2283355577331926,0.20421214826674192
ekf3,7,0.6,4,gps,after_return,True,2.8202048574276204,0.1039404831899277,0.05260859834665812,0.032710546719001594,0.6447200286362457,0.6348655063735429
ekf3,7,0.6,4,transition,after_return,True,2.8202048574276204,0.1039404831899277,0.05260859834665812,0.032710546719001594,0.6447200286362457,0.6348655063735429
ekf3,101,0.85,2,denied,after_return,True,0.9479652231371591,0.04386594030971504,0.04180813838237717,0.024508653572794702,0.30795544961123583,0.2874055589745297
ekf3,101,0.85,2,gps,after_return,True,1.4123984883341552,0.06150489873073357,0.03967072163447497,0.02178046634167775,0.17135318441343939,0.13722018873306174
ekf3,101,0.85,2,transition,after_return,True,1.378161065439694,0.08008327122124304,0.0389856967361108,0.056762473006622426,0.20383961949875287,0.17913395588674375
ekf3,101,0.85,4,denied,after_return,True,0.7378530181219953,0.05444140639401486,0.040670992795848994,0.03458111954023428,0.5464542106502902,0.5386592916747928
ekf3,101,0.85,4,gps,after_return,True,2.2432397433064826,0.11868774932383656,0.03617997616085451,0.04787544434784953,0.6184246443340435,0.6075589167397799
ekf3,101,0.85,4,transition,after_return,True,2.2432397433064826,0.11868774932383656,0.03617997616085451,0.04787544434784953,0.6184246443340435,0.6075589167397799
horizon_default_control,7,0.6,2,denied,flight,True,8.620126329753944,0.04550370495682623,0.07117301747969708,0.016322839746646663,0.2637833056439201,0.2500876703808431
horizon_default_control,7,0.6,2,gps,flight,True,11.562825820354528,0.02878971916888441,0.068559138067265,0.01028745860802437,0.21187411545951323,0.1993623774424349
horizon_default_control,7,0.6,2,transition,flight,True,11.566350732505898,0.03411328833703738,0.06982819408919916,0.010147454947813491,0.20957709711944753,0.19650217070633605
horizon_default_control,7,0.6,4,denied,flight,True,8.717762940738346,0.04215412583772447,0.07062225131581473,0.01604613717874596,0.2630775625855881,0.24918395924076026
horizon_default_control,7,0.6,4,gps,flight,True,11.370061996665811,0.026830172711173373,0.06847241241677678,0.010940326756437453,0.2366159448499601,0.22276154624144223
horizon_default_control,7,0.6,4,transition,flight,True,11.290652448000554,0.03111189705725876,0.06941682084069371,0.010857615540013838,0.23425029045597967,0.21992633239802267
horizon_default_control,101,0.85,2,denied,flight,True,5.707903903513327,0.027807924726659522,0.06357099758971985,0.018939909639082136,0.20153162547378656,0.17946043580332657
horizon_default_control,101,0.85,2,gps,flight,True,7.597486843492651,0.02208417637801205,0.05564910332443382,0.009403951594233451,0.1001402150092422,0.09149802547801297
horizon_default_control,101,0.85,2,transition,flight,True,7.966850020241298,0.031780766772813863,0.05745866574268991,0.008691371665549405,0.08979010207323933,0.0802089385691001
horizon_default_control,101,0.85,4,denied,flight,True,5.811916168896684,0.035605908756666485,0.0632932847226172,0.018645325758393342,0.20677977770583508,0.18484959089897246
horizon_default_control,101,0.85,4,gps,flight,True,7.499089174155648,0.02027168124682076,0.05551134284892378,0.00937610508157413,0.11365264675574092,0.1051809012712656
horizon_default_control,101,0.85,4,transition,flight,True,8.076111180626008,0.0310228508004381,0.05748899136641576,0.008882811624062908,0.10524710181220058,0.09637190587722702
horizon_default_control,7,0.6,2,denied,outage_window,True,9.118563582191294,0.03536069002652886,0.06343952272248146,0.009192040667913718,0.06611853985672038,0.05131866105311748
horizon_default_control,7,0.6,2,gps,outage_window,True,11.256974467754658,0.024566742505953948,0.06358758582341847,0.00818067237158085,0.10038652299598029,0.09146170875742264
horizon_default_control,7,0.6,2,transition,outage_window,True,10.348064389819527,0.029513855158511997,0.0682095375927919,0.007655244569373143,0.06910549922027973,0.0557751225409893
horizon_default_control,7,0.6,4,denied,outage_window,True,9.4435798500009,0.03203827080564578,0.061714351270045806,0.011512930873874547,0.06339587473424486,0.047703942661666505
horizon_default_control,7,0.6,4,gps,outage_window,True,11.457975192391782,0.022795843458673273,0.06341298466354402,0.008099019661710364,0.1023040798065556,0.09355114085248395
horizon_default_control,7,0.6,4,transition,outage_window,True,10.344388134315892,0.02526636766453332,0.06703175742652744,0.007748458192426211,0.07172233517046321,0.05894669678411515
horizon_default_control,101,0.85,2,denied,outage_window,True,4.637874630817451,0.019633981553837096,0.058726810574325855,0.011662891529495548,0.08963757370016417,0.0799163989989942
horizon_default_control,101,0.85,2,gps,outage_window,True,7.983487900445686,0.022603716321742406,0.055927576511122123,0.010059447370768483,0.06785751597001606,0.06504198306865276
horizon_default_control,101,0.85,2,transition,outage_window,True,7.672474330042673,0.0359343860052362,0.060214594675411966,0.007991134017593356,0.03444837406434597,0.028866305035805402
horizon_default_control,101,0.85,4,denied,outage_window,True,4.934010058725034,0.028273744524788993,0.059215566757044626,0.01211001465895708,0.09636317317554667,0.0869206677906573
horizon_default_control,101,0.85,4,gps,outage_window,True,7.861357992293416,0.020218905104600254,0.055889961174655674,0.010028577533126491,0.0663750109704978,0.06332498842850239
horizon_default_control,101,0.85,4,transition,outage_window,True,7.757163140561978,0.03454591597964591,0.06061885152684096,0.0084134661854693,0.032368529969677366,0.027576814356089475
horizon_default_control,7,0.6,2,denied,after_return,True,7.45514220082743,0.0535991323598124,0.0827454104111521,0.017475467880415572,0.0705921783767087,0.06613324839274042
horizon_default_control,7,0.6,2,gps,after_return,True,12.759995576174605,0.035079815323868994,0.079909773252204,0.011228953666239687,0.05682580354602942,0.05359383243024361
horizon_default_control,7,0.6,2,transition,after_return,True,13.46041509731653,0.0426248441415224,0.0796329825002572,0.011207435540012743,0.07021818990884221,0.06443823266834695
horizon_default_control,7,0.6,4,denied,after_return,True,7.362515215326458,0.04899505905687785,0.08289168547477818,0.015647617120405685,0.07385867347452472,0.0698521067977861
horizon_default_control,7,0.6,4,gps,after_return,True,12.029130114476033,0.0318214756545365,0.07987874662128541,0.011091620510667916,0.05664736320018133,0.05361203998461808
horizon_default_control,7,0.6,4,transition,after_return,True,12.688794071251195,0.03881453725363288,0.07957765121311504,0.011088452833225536,0.0676961325709424,0.06231017747356947
horizon_default_control,101,0.85,2,denied,after_return,True,4.863406527143432,0.031088418023639094,0.0776746747482175,0.020769171094234873,0.03864689603233597,0.029162535928825124
horizon_default_control,101,0.85,2,gps,after_return,True,5.619669971500382,0.014690110728620191,0.06463583416523314,0.009512183001182506,0.05375720487795357,0.05106402935021024
horizon_default_control,101,0.85,2,transition,after_return,True,6.732079307043884,0.029290869841653265,0.06546259195274895,0.00939045065826696,0.02887335328773007,0.024498106371852853
horizon_default_control,101,0.85,4,denied,after_return,True,4.682459852462399,0.039865224327779,0.07693578907811639,0.019518722666391545,0.0412880347428994,0.03253901405378953
horizon_default_control,101,0.85,4,gps,after_return,True,5.578359333966562,0.013706847838664304,0.06443611203171898,0.00919271894190434,0.051072795462990095,0.048090212630786215
horizon_default_control,101,0.85,4,transition,after_return,True,7.0255598658517044,0.02992297835428766,0.06529900918539912,0.009256299873613353,0.028336147630193376,0.0240307290955037
horizon_default_candidate,7,0.6,2,denied,flight,True,7.954302567590956,0.06267745354595328,0.04352969293952022,0.01357930585856678,0.28477627608487127,0.2701397237644899
horizon_default_candidate,7,0.6,2,gps,flight,True,11.250717371872641,0.028906411412998836,0.03477168316410604,0.009807072761760446,0.21114008448745952,0.19900469660332823
horizon_default_candidate,7,0.6,2,transition,flight,True,11.03947353749779,0.034388212968281345,0.03223982299610986,0.009856191740956992,0.20819565075854213,0.1955964559960286
horizon_default_candidate,7,0.6,4,denied,flight,True,8.05217611642513,0.05469983556178809,0.04081331138393874,0.013521619666204467,0.28307854554472694,0.268350560233124
horizon_default_candidate,7,0.6,4,gps,flight,True,11.05393755794706,0.02695025629904068,0.034274368761060686,0.01050434522491374,0.23591301527056285,0.22235258325275747
horizon_default_candidate,7,0.6,4,transition,flight,True,10.77669710378385,0.031448639314616805,0.03147236492693173,0.010521013393453968,0.23316150372090338,0.21921714296404815
horizon_default_candidate,101,0.85,2,denied,flight,True,5.040084423986409,0.031498077084178545,0.04000154165542013,0.013099046376778637,0.185649277133447,0.16494141111874952
horizon_default_candidate,101,0.85,2,gps,flight,True,6.989137951639291,0.022023170206597345,0.02135632368528007,0.008697092487195886,0.09936295356908682,0.09084879891440671
horizon_default_candidate,101,0.85,2,transition,flight,True,7.4334598262100435,0.03123250262076836,0.027103961915744112,0.007928646780236134,0.08987760674704554,0.08039925171482931
horizon_default_candidate,101,0.85,4,denied,flight,True,5.131498459819438,0.03412278618771388,0.039658027209929475,0.0133108943825866,0.192163100417658,0.17147481593622202
horizon_default_candidate,101,0.85,4,gps,flight,True,6.882810196891433,0.020179119753922378,0.021400593863465635,0.00866948420025166,0.11308127059210102,0.10470878826096283
horizon_default_candidate,101,0.85,4,transition,flight,True,7.5329373471478505,0.030504959080352143,0.02719276933984873,0.00793597916472546,0.10541757473691159,0.09659719383147937
horizon_default_candidate,7,0.6,2,denied,outage_window,True,8.386606619625105,0.05204312927315825,0.042842913416811096,0.008144777946261648,0.08167783250989608,0.0709682241114235
horizon_default_candidate,7,0.6,2,gps,outage_window,True,11.054697701900038,0.024456840087555786,0.03890929891310433,0.007658129446804493,0.09731168323947537,0.08900729911642445
horizon_default_candidate,7,0.6,2,transition,outage_window,True,9.46063412650402,0.030041585424004515,0.03345240813412436,0.007645262162284253,0.06753516712611554,0.05503477713759102
horizon_default_candidate,7,0.6,4,denied,outage_window,True,8.557756874491321,0.044668525728177706,0.04036844072561469,0.00793371785750611,0.07675307335526767,0.06586430109885796
horizon_default_candidate,7,0.6,4,gps,outage_window,True,11.21414627505298,0.022670166036799975,0.03783246696779862,0.007651342973922968,0.09886642173051371,0.0907081787195705
horizon_default_candidate,7,0.6,4,transition,outage_window,True,9.420071239565354,0.025990920191156633,0.0315527232647319,0.007550884883494735,0.07027317088022543,0.058442870417873494
horizon_default_candidate,101,0.85,2,denied,outage_window,True,4.059948473589723,0.030598258621622736,0.04084166719628968,0.009534540131252822,0.08494030874926332,0.07673692155228458
horizon_default_candidate,101,0.85,2,gps,outage_window,True,7.456911415815215,0.022836379299776152,0.02744538739922219,0.009793170171464562,0.06721608101419602,0.06449658511839491
horizon_default_candidate,101,0.85,2,transition,outage_window,True,7.067260888930279,0.035024230193451834,0.028165785627072764,0.008501996932231094,0.03488736605545402,0.029697143130957702
horizon_default_candidate,101,0.85,4,denied,outage_window,True,4.323480110652273,0.033182285915554145,0.04083263804924431,0.00955656000850243,0.09007828504595503,0.0819851333788689
horizon_default_candidate,101,0.85,4,gps,outage_window,True,7.336002354455303,0.020423977235139633,0.027691697926411334,0.00976939165681564,0.06575044851419343,0.06279062192665157
horizon_default_candidate,101,0.85,4,transition,outage_window,True,7.144697976854378,0.033767500534432254,0.028678162087796867,0.0084327801413844,0.032952942583036604,0.02845172291892793
horizon_default_candidate,7,0.6,2,denied,after_return,True,6.866390312518815,0.06913231711723777,0.04984328873491122,0.009635809392048089,0.09979867202155732,0.0959474297829841
horizon_default_candidate,7,0.6,2,gps,after_return,True,12.337873871294573,0.035241411965264924,0.036392986182337675,0.010538248665701879,0.05265251726008185,0.05011989011227378
horizon_default_candidate,7,0.6,2,transition,after_return,True,13.050862021834405,0.04276755063006959,0.03495557249704608,0.010652328033755935,0.059599928538773994,0.05496910956877696
horizon_default_candidate,7,0.6,4,denied,after_return,True,6.916084208864751,0.060057952669911444,0.046180127792307825,0.009693914489375927,0.10439327989524398,0.1005608902768404
horizon_default_candidate,7,0.6,4,gps,after_return,True,11.622471759894157,0.03199112043396001,0.03621899851842319,0.010393879968083304,0.0527954671073529,0.05036912450242489
horizon_default_candidate,7,0.6,4,transition,after_return,True,12.331304060548595,0.0389818492224722,0.034722955700190794,0.010488169444476256,0.058150573076435126,0.053784204864798145
horizon_default_candidate,101,0.85,2,denied,after_return,True,4.247929545284343,0.026503789133971268,0.04791819232508799,0.008792740519564673,0.040992119941919626,0.032372551076911685
horizon_default_candidate,101,0.85,2,gps,after_return,True,5.0865993594882895,0.014632009568900118,0.02122065335752017,0.00838091954343505,0.051073148533248465,0.04852745087965858
horizon_default_candidate,101,0.85,2,transition,after_return,True,6.436578519169922,0.028943979496634926,0.032784449560265466,0.0076113689178929226,0.02942520029130793,0.024659452420751873
horizon_default_candidate,101,0.85,4,denied,after_return,True,4.090080676740255,0.03397012044320886,0.04734846987122749,0.008366415788407652,0.0431257312038354,0.035115152150499006
horizon_default_candidate,101,0.85,4,gps,after_return,True,5.028071329712764,0.013608331297607173,0.020976541148482145,0.008042047217278228,0.04844315758359176,0.04565813604103392
horizon_default_candidate,101,0.85,4,transition,after_return,True,6.714898922656347,0.029542233056826003,0.032553712034007226,0.007368717590538295,0.028975211369184,0.024437518295426022
retrodiction_default_control,7,0.6,2,denied,flight,True,11.93991170021068,0.04926230895660374,0.06712735259194424,0.022494584631145828,0.2971351866002112,0.27767382299995247
retrodiction_default_control,7,0.6,2,gps,flight,True,14.417604538135024,0.028474334846312926,0.0646788087448766,0.011442618516175021,0.2084072084494192,0.19316167696108977
retrodiction_default_control,7,0.6,2,transition,flight,True,14.06127210685158,0.032957837359689185,0.06590715637281776,0.011261453610837205,0.20306689526461344,0.1871433682258707
retrodiction_default_control,7,0.6,4,denied,flight,True,13.197077726734545,0.05166476784759778,0.06586181451733082,0.024906579486516103,0.3214049566274039,0.3000434864099668
retrodiction_default_control,7,0.6,4,gps,flight,True,15.181692755813941,0.026704521593528083,0.06456012913218867,0.012290911539599344,0.2468390272590569,0.23044449935091957
retrodiction_default_control,7,0.6,4,transition,flight,True,14.713456666776551,0.029943091527802883,0.06550784905538753,0.012450477304652175,0.242318232325535,0.2254974017665552
retrodiction_default_control,101,0.85,2,denied,flight,True,8.129584234951661,0.04740960875285499,0.058602376130281394,0.02335436847410773,0.22616010377819876,0.20666877887249469
retrodiction_default_control,101,0.85,2,gps,flight,True,10.100788692332422,0.022774199666936393,0.05223275638549233,0.010552703926001522,0.07425868224333917,0.06358597133598051
retrodiction_default_control,101,0.85,2,transition,flight,True,10.668559732603075,0.03391883244118219,0.054083221255207044,0.010656387224827826,0.08419904642757277,0.07494565477684588
retrodiction_default_control,101,0.85,4,denied,flight,True,11.132171926916309,0.047866942001960226,0.058679235157899357,0.03003148728121782,0.3309866329042345,0.3068705697182586
retrodiction_default_control,101,0.85,4,gps,flight,True,12.082672475022962,0.022362801587957153,0.052166583427627373,0.011498297017025014,0.11073261855272643,0.10097595315062857
retrodiction_default_control,101,0.85,4,transition,flight,True,13.13724901029756,0.034120278181518894,0.054226664810066064,0.012530561333590267,0.13665853858704105,0.12850899643126562
retrodiction_default_control,7,0.6,2,denied,outage_window,True,11.924773366417906,0.03795955702644281,0.06270913417993258,0.015946959697210102,0.06892614716413675,0.05066923758959473
retrodiction_default_control,7,0.6,2,gps,outage_window,True,13.790961041492691,0.02379554679651056,0.06301325026784944,0.009914673777211617,0.1185228787789157,0.10880237145467128
retrodiction_default_control,7,0.6,2,transition,outage_window,True,12.647703598960373,0.027798046234221656,0.06732830614130589,0.009302245224523314,0.09129354134654553,0.07868123646559254
retrodiction_default_control,7,0.6,4,denied,outage_window,True,13.56138913731719,0.042260640166542136,0.06072593383871748,0.022080569479470014,0.09319010461000836,0.07731446729672518
retrodiction_default_control,7,0.6,4,gps,outage_window,True,15.148946451782251,0.022945628237651273,0.06290177834233866,0.010556912568587647,0.13135481531563653,0.12183180217957501
retrodiction_default_control,7,0.6,4,transition,outage_window,True,13.687624734203276,0.023322507588221773,0.06636947267905846,0.011046224582759601,0.11173730884111914,0.10068262554362015
retrodiction_default_control,101,0.85,2,denied,outage_window,True,5.8012933374500495,0.04395209412904228,0.06020077463069992,0.013032835376831394,0.10952845929098547,0.10481887985715187
retrodiction_default_control,101,0.85,2,gps,outage_window,True,9.425637171808223,0.02298564003397034,0.05439211475187648,0.010963959213855378,0.05716994926149695,0.05399290136518422
retrodiction_default_control,101,0.85,2,transition,outage_window,True,9.330975115713375,0.03811417863192133,0.05908679743081722,0.010508104769559445,0.07204388130828988,0.06980122878589569
retrodiction_default_control,101,0.85,4,denied,outage_window,True,8.45393462942582,0.0422700705601242,0.06110902118812311,0.017485364511082103,0.19232889093862607,0.18605212834202187
retrodiction_default_control,101,0.85,4,gps,outage_window,True,11.320910167543456,0.02161175048133106,0.05448765993912248,0.01183265054380905,0.05671705126465813,0.05370005535242177
retrodiction_default_control,101,0.85,4,transition,outage_window,True,11.950689997069317,0.03757450165693036,0.05977767106921143,0.013252604155250411,0.11874546966455819,0.11697114852639016
retrodiction_default_control,7,0.6,2,denied,after_return,True,10.614382879570416,0.05113176507374528,0.0739362422383977,0.02582946526006471,0.08462140167607848,0.08102777048460796
retrodiction_default_control,7,0.6,2,gps,after_return,True,15.473204304639593,0.03630153526618263,0.071774821415543,0.01220379477473357,0.07044724590623959,0.06807931051600712
retrodiction_default_control,7,0.6,2,transition,after_return,True,15.49899806591106,0.042546298532386076,0.07146155135799682,0.012169362094612984,0.06390457469246909,0.05908927867830444
retrodiction_default_control,7,0.6,4,denied,after_return,True,11.84231809002249,0.04670850153757772,0.07353362287156442,0.02665132476069683,0.11018128606384922,0.10805843105114943
retrodiction_default_control,7,0.6,4,gps,after_return,True,15.600941645942244,0.03286459450021675,0.07173237228735713,0.012440331718287524,0.07919214973022522,0.07723320076794106
retrodiction_default_control,7,0.6,4,transition,after_return,True,15.60364217414724,0.038705658451698134,0.07140733981022493,0.012494453255331247,0.06820044256173516,0.06475979208126162
retrodiction_default_control,101,0.85,2,denied,after_return,True,8.43992254523302,0.05807021701535255,0.06722918532879693,0.028958433946499704,0.08383080821938947,0.07896929739600973
retrodiction_default_control,101,0.85,2,gps,after_return,True,9.27827811033221,0.018890925078346353,0.05804292410540296,0.011260269165522883,0.029874688887832297,0.023654286230295248
retrodiction_default_control,101,0.85,2,transition,after_return,True,10.696290212974962,0.03388787293793868,0.05858110005065986,0.011802647185484735,0.05614809375182021,0.05281977740883112
retrodiction_default_control,101,0.85,4,denied,after_return,True,11.919629452934645,0.05636453624150314,0.06738731485073957,0.034859805278984884,0.15594257694272437,0.1511901406297562
retrodiction_default_control,101,0.85,4,gps,after_return,True,11.746624563959482,0.019761154222643223,0.05802665473024687,0.012014126983279062,0.039758182319837826,0.03563616823254043
retrodiction_default_control,101,0.85,4,transition,after_return,True,13.767032013423233,0.03524986669255689,0.05855607625910928,0.013263258887575248,0.09214389808624655,0.08955057799712673
retrodiction_default_candidate,7,0.6,2,denied,flight,True,10.943917597041091,0.06062276779213713,0.037522076863461686,0.015283128369411108,0.32186964282785346,0.3015433618220614
retrodiction_default_candidate,7,0.6,2,gps,flight,True,14.102008454295957,0.02859531065755059,0.034233225058578585,0.010966907113175902,0.2082384809687525,0.1933588709483699
retrodiction_default_candidate,7,0.6,2,transition,flight,True,13.536279718277065,0.033382192498827915,0.03266465600672454,0.01072126083629739,0.2026894203736274,0.18723796385156774
retrodiction_default_candidate,7,0.6,4,denied,flight,True,11.93325737038366,0.059607865984981134,0.03224869186868873,0.016075781473693616,0.34423521489172987,0.32216694514964805
retrodiction_default_candidate,7,0.6,4,gps,flight,True,14.835105476135109,0.02681684961132674,0.033564389664673226,0.011865299620148562,0.2466378245000495,0.23051450775704596
retrodiction_default_candidate,7,0.6,4,transition,flight,True,14.177949565394561,0.030383582387274937,0.031902484238984945,0.0116426911402928,0.24233387181596713,0.2258780997475808
retrodiction_default_candidate,101,0.85,2,denied,flight,True,7.342859400768427,0.0519560069240632,0.03674318686312527,0.014032975016712745,0.2063283126600134,0.18881549285546032
retrodiction_default_candidate,101,0.85,2,gps,flight,True,9.452671661258085,0.02267270562864145,0.019717311764008406,0.010047409638542979,0.07352860528029205,0.0630054191482699
retrodiction_default_candidate,101,0.85,2,transition,flight,True,10.083926226522243,0.03319386150403096,0.023238367731960936,0.010227592170730106,0.08428299178794127,0.07506823237788987
retrodiction_default_candidate,101,0.85,4,denied,flight,True,10.006217004283423,0.08895929689478167,0.03679040591542287,0.019618290786112012,0.3074623919816588,0.28553422927396993
retrodiction_default_candidate,101,0.85,4,gps,flight,True,11.365553994329163,0.022279715683159593,0.019231150584745074,0.01094945339446291,0.11009299863361985,0.10049827281211446
retrodiction_default_candidate,101,0.85,4,transition,flight,True,12.548804956908729,0.03334545150276104,0.023112564773884483,0.012087106456013632,0.1359127542747176,0.1278040044334801
retrodiction_default_candidate,7,0.6,2,denied,outage_window,True,10.84475318202603,0.045132625594854876,0.040074135211987126,0.008786741341369886,0.08337047538034045,0.07049235149575321
retrodiction_default_candidate,7,0.6,2,gps,outage_window,True,13.475714144527622,0.023678853709533976,0.03503220039083136,0.009496322326170304,0.11347525279340723,0.10442148564749051
retrodiction_default_candidate,7,0.6,2,transition,outage_window,True,11.586270132303277,0.02867881427246577,0.028756720334486997,0.008967767112173106,0.08680335166956571,0.0750038029920175
retrodiction_default_candidate,7,0.6,4,denied,outage_window,True,11.758707970891722,0.04205487505211102,0.034348087257939704,0.009597069911749303,0.08925221907460118,0.07732426230831312
retrodiction_default_candidate,7,0.6,4,gps,outage_window,True,14.706566107048518,0.022791856117889083,0.032955191413875595,0.01020723463590406,0.12532687956010777,0.1165635573288702
retrodiction_default_candidate,7,0.6,4,transition,outage_window,True,12.494962711953056,0.024185390095815534,0.025603551942257365,0.009774489396085346,0.10711132530723717,0.09710315675121287
retrodiction_default_candidate,101,0.85,2,denied,outage_window,True,5.391939225575706,0.05338561647111234,0.04013015389547752,0.011856562698212902,0.10695982889326165,0.10251658493132128
retrodiction_default_candidate,101,0.85,2,gps,outage_window,True,8.944756974239548,0.02314924016787661,0.02550864097750353,0.010958552448927253,0.056005718478646924,0.053078841330234355
retrodiction_default_candidate,101,0.85,2,transition,outage_window,True,8.674070150596783,0.03672161506331074,0.024435394998559384,0.010973303883131606,0.07107701277216726,0.06884870200258011
retrodiction_default_candidate,101,0.85,4,denied,outage_window,True,7.898626250700584,0.09126913507467378,0.03874435728828616,0.01590033565645872,0.18216664741368785,0.1764213492034465
retrodiction_default_candidate,101,0.85,4,gps,outage_window,True,10.746154835104843,0.021817822025971118,0.024046365248348,0.01170708015270497,0.056112492296042885,0.05338700876614481
retrodiction_default_candidate,101,0.85,4,transition,outage_window,True,11.239851765663918,0.036288012829938314,0.02429354493345279,0.013408747174410766,0.11682146051826561,0.11513383110291522
retrodiction_default_candidate,7,0.6,2,denied,after_return,True,9.488144725563822,0.06488962490096487,0.037133726542600255,0.011368873653834558,0.11912057959003224,0.11555858483419354
retrodiction_default_candidate,7,0.6,2,gps,after_return,True,15.105340277627239,0.03648136923083091,0.037629306759366786,0.011603281321835683,0.06981042320283115,0.06776420877283
retrodiction_default_candidate,7,0.6,2,transition,after_return,True,15.202910237590833,0.042798904285645034,0.03833535612535842,0.011376981316479632,0.059339982736151306,0.055462962001538656
retrodiction_default_candidate,7,0.6,4,denied,after_return,True,10.777585892128595,0.06100044951836999,0.031050801821912357,0.012239206499092513,0.1467454549202169,0.14353003582607907
retrodiction_default_candidate,7,0.6,4,gps,after_return,True,15.26048505525483,0.033048358334067954,0.03798938614702893,0.011785569863984505,0.07933463532399229,0.0775269306927717
retrodiction_default_candidate,7,0.6,4,transition,after_return,True,15.386620582912096,0.039019732670331674,0.03886375068376964,0.011536341295296123,0.06725976847352708,0.06446939092407257
retrodiction_default_candidate,101,0.85,2,denied,after_return,True,7.479211182955269,0.047036257353890526,0.04238485967917833,0.01228938040263884,0.08635837049726539,0.0820478638292366
retrodiction_default_candidate,101,0.85,2,gps,after_return,True,8.697913324124873,0.01889021504746536,0.01859144250410407,0.01055076439761989,0.029257147000535513,0.02329439521837388
retrodiction_default_candidate,101,0.85,2,transition,after_return,True,10.400445839479069,0.03359587740436416,0.027226446473803876,0.010938967381003407,0.05837676727942116,0.05490538904256464
retrodiction_default_candidate,101,0.85,4,denied,after_return,True,10.57825717502825,0.07814826576255547,0.04333255240801015,0.015303569570317487,0.15282262865660093,0.14890636557047734
retrodiction_default_candidate,101,0.85,4,gps,after_return,True,11.125152144802215,0.019821889421084416,0.018016341789443068,0.011377151883953898,0.04169290635431383,0.03793252559024123
retrodiction_default_candidate,101,0.85,4,transition,after_return,True,13.554206256176812,0.034767929390192395,0.02649259911813235,0.01260846516646662,0.09376068929910567,0.09101903316867578
horizon_rest_control,7,0.6,2,denied,flight,True,7.74251891038965,0.07744039638074973,0.035635826978457616,0.015640623548939744,0.2816558454315469,0.2667330679173825
horizon_rest_control,7,0.6,2,gps,flight,True,10.865989520007329,0.02881991322245067,0.035305389993532624,0.010217924677925727,0.2085413983393389,0.1964313309812614
horizon_rest_control,7,0.6,2,transition,flight,True,10.873829102808443,0.03421308555395416,0.03587213238960164,0.010024502617076042,0.2064981450678685,0.1937608406195614
horizon_rest_control,7,0.6,4,denied,flight,True,7.817121425676923,0.08940502198024454,0.035613209256726445,0.015169976389460611,0.27963296878697064,0.26462557669027265
horizon_rest_control,7,0.6,4,gps,flight,True,10.673251709929922,0.026854653374286004,0.035270204366277806,0.01086076833973875,0.23363243378511678,0.2201174365163924
horizon_rest_control,7,0.6,4,transition,flight,True,10.594353966047118,0.031222167457742304,0.03572117287164899,0.010657140124655663,0.23148954026827018,0.2174553033833577
horizon_rest_control,101,0.85,2,denied,flight,True,5.025973594934152,0.028359118472377553,0.04016022567666825,0.01639629151390245,0.18707382103498574,0.16616409135797686
horizon_rest_control,101,0.85,2,gps,flight,True,7.230754813216673,0.022045546116814533,0.03545928615592121,0.009287242357637249,0.09898620008046978,0.09051822347304411
horizon_rest_control,101,0.85,2,transition,flight,True,7.561958379179173,0.03167855606078076,0.036204302365934256,0.008486226024650071,0.08829212097258128,0.07890651820204041
horizon_rest_control,101,0.85,4,denied,flight,True,5.085843302977898,0.03128449070404274,0.03991583518360502,0.01631750753163963,0.19386259602839828,0.17298061925040384
horizon_rest_control,101,0.85,4,gps,flight,True,7.130516755652986,0.020221696308583205,0.035371094237566694,0.009258726435952614,0.11334238900496045,0.10496044760924664
horizon_rest_control,101,0.85,4,transition,flight,True,7.668622605934571,0.03092228418051011,0.03625901519114549,0.008629256226468604,0.10475215624044808,0.09599493205964957
horizon_rest_control,7,0.6,2,denied,outage_window,True,8.329396585680168,0.07215818887932764,0.03182994249509234,0.006733387336075023,0.07579121830866119,0.0631226469296527
horizon_rest_control,7,0.6,2,gps,outage_window,True,10.483945471530358,0.0245498691746594,0.028124955134150444,0.00806741356046538,0.09760651430509437,0.08903612420340987
horizon_rest_control,7,0.6,2,transition,outage_window,True,9.490970813580162,0.029719424291867153,0.030492577116209462,0.007382795828843462,0.0657944233590077,0.052390358165625185
horizon_rest_control,7,0.6,4,denied,outage_window,True,8.576411970568989,0.08264308436289883,0.031666557977858764,0.007520239150092978,0.06920293945250955,0.055698368111550156
horizon_rest_control,7,0.6,4,gps,outage_window,True,10.68472452378662,0.02277011278789296,0.028023325512067192,0.007987257425969528,0.09934173416953483,0.09092115798908783
horizon_rest_control,7,0.6,4,transition,outage_window,True,9.477963621431728,0.025513056235883676,0.029970533992900467,0.007187460407646969,0.0681659733274524,0.05534271387967314
horizon_rest_control,101,0.85,2,denied,outage_window,True,3.9551303616071025,0.025245138504430012,0.03708326637207538,0.009014468847787347,0.0821077646495981,0.07356976366922352
horizon_rest_control,101,0.85,2,gps,outage_window,True,7.591740212833919,0.022636711400879028,0.036182925824084784,0.00990149900013538,0.0682965352901228,0.06549128825056566
horizon_rest_control,101,0.85,2,transition,outage_window,True,7.182766709259845,0.03576251622714883,0.03734862235723126,0.007665063097603536,0.033989824320466114,0.028653989307128817
horizon_rest_control,101,0.85,4,denied,outage_window,True,4.139189507330945,0.028176647243965732,0.03727303904917616,0.009230715256798857,0.08775387614318471,0.07940539116456703
horizon_rest_control,101,0.85,4,gps,outage_window,True,7.469687674551497,0.020241821358186057,0.03618277899840333,0.009870998524166143,0.06680465102757269,0.0637480795666437
horizon_rest_control,101,0.85,4,transition,outage_window,True,7.264541784699034,0.0344007168678047,0.03773934944605204,0.007974080292409223,0.03198590324825178,0.027398099138417887
horizon_rest_control,7,0.6,2,denied,after_return,True,6.7127597947919675,0.08671994203400941,0.04391930817778499,0.01588825818353285,0.06985540966048649,0.06486430388874566
horizon_rest_control,7,0.6,2,gps,after_return,True,12.244500922067008,0.03508544813889675,0.045575725395495,0.011181365310039023,0.05614315209877079,0.05270910232408345
horizon_rest_control,7,0.6,2,transition,after_return,True,13.01915718531904,0.042655069827424674,0.04547368500490142,0.011124523156793745,0.07111803581657733,0.06493497045110794
horizon_rest_control,7,0.6,4,denied,after_return,True,6.640372845981752,0.10089402303891021,0.0439844814182508,0.014536063422920898,0.0729610828901213,0.06848300070037343
horizon_rest_control,7,0.6,4,gps,after_return,True,11.508320974522558,0.03181673937659318,0.045577247560121985,0.011042933793283104,0.055898269012151926,0.05266605177693485
horizon_rest_control,7,0.6,4,transition,after_return,True,12.24014274589293,0.03884658331560511,0.04547335319484797,0.010988722495466324,0.06854918323517888,0.06276251320257172
horizon_rest_control,101,0.85,2,denied,after_return,True,4.357118875787267,0.025128910293439766,0.05065412070252784,0.0175494769611032,0.03638016274118889,0.02712553212976262
horizon_rest_control,101,0.85,2,gps,after_return,True,5.365119842018845,0.014697284417937571,0.043326239454194004,0.00948001363058819,0.053869098797027774,0.051164165044025225
horizon_rest_control,101,0.85,2,transition,after_return,True,6.461658374204624,0.02927952912986172,0.04402663034655289,0.009267089923801044,0.028761148489298487,0.024405659073378414
horizon_rest_control,101,0.85,4,denied,after_return,True,4.1798393674791186,0.03144437828503369,0.050121372562882086,0.016668340405539526,0.038601521550156295,0.03013240952362919
horizon_rest_control,101,0.85,4,gps,after_return,True,5.322980876264482,0.013711727120559545,0.04317221381395271,0.0091591060150323,0.051184153794758505,0.048190182616822876
horizon_rest_control,101,0.85,4,transition,after_return,True,6.754794660829811,0.02989714055799779,0.04389767307713024,0.00910034762275536,0.028230396903787418,0.023942512271229663
horizon_rest_candidate,7,0.6,2,denied,flight,True,7.56632064649833,0.08123530805028539,0.02448076412620837,0.013584221175955343,0.28550865162409833,0.270855087877818
horizon_rest_candidate,7,0.6,2,gps,flight,True,10.931346828645928,0.028886184775396652,0.03060718174370166,0.009799335875885783,0.2083735398057099,0.19642031507560856
horizon_rest_candidate,7,0.6,2,transition,flight,True,10.792511170629165,0.034355742143462153,0.027439234982427622,0.009831430040523066,0.20535622230354036,0.19292977230548988
horizon_rest_candidate,7,0.6,4,denied,flight,True,7.705425569378809,0.09401939281076833,0.023656526351790205,0.013530239435635163,0.28388405448340415,0.26913088369818144
horizon_rest_candidate,7,0.6,4,gps,flight,True,10.743627794367685,0.02692789313226942,0.030179735649225013,0.0104895415949035,0.23350176532100425,0.2201147054587789
horizon_rest_candidate,7,0.6,4,transition,flight,True,10.54471304496697,0.03141972459397608,0.026938515615701843,0.010489713765343136,0.23068413272304633,0.21690620065558164
horizon_rest_candidate,101,0.85,2,denied,flight,True,4.898695364111854,0.02899908609914976,0.03163767498446559,0.013172848085603034,0.1876522538981541,0.1668181215727459
horizon_rest_candidate,101,0.85,2,gps,flight,True,7.047665970114395,0.02204739616247626,0.02129712340493816,0.008743749551705935,0.09842447179384486,0.09003562781278866
horizon_rest_candidate,101,0.85,2,transition,flight,True,7.483151168979627,0.0312838866623596,0.026850034494104905,0.007984407082365644,0.08861023098541145,0.07927766521185041
horizon_rest_candidate,101,0.85,4,denied,flight,True,4.993767655525516,0.03241705436788089,0.03155603323101503,0.01339421714625085,0.19424128927326845,0.17343237412343787
horizon_rest_candidate,101,0.85,4,gps,flight,True,6.945275805644537,0.020201961405918824,0.021336514169270092,0.008723666610720418,0.11285848156262386,0.10455401015785393
horizon_rest_candidate,101,0.85,4,transition,flight,True,7.586854313004809,0.03055768887267401,0.026943287838407028,0.007999194692583913,0.10498105154188345,0.09625948280262984
horizon_rest_candidate,7,0.6,2,denied,outage_window,True,8.064987113045612,0.0764134918159572,0.024726257390707062,0.008060912027421437,0.08247883834536733,0.07179347612648154
horizon_rest_candidate,7,0.6,2,gps,outage_window,True,10.705963115444957,0.024444431828875433,0.03261465915872813,0.00766105851527929,0.09747912944748419,0.08922664821494578
horizon_rest_candidate,7,0.6,2,transition,outage_window,True,9.310163869595444,0.030011921361926572,0.025514639138167695,0.007564749609688305,0.06757628596934061,0.05514040648236123
horizon_rest_candidate,7,0.6,4,denied,outage_window,True,8.281993074739107,0.08789013021224344,0.023676925571468586,0.007841660620986457,0.07701424588789095,0.06611732235857434
horizon_rest_candidate,7,0.6,4,gps,outage_window,True,10.884799540514555,0.022663530083261066,0.03156119104994611,0.0076568115762196565,0.09912296952531308,0.09101720934833413
horizon_rest_candidate,7,0.6,4,transition,outage_window,True,9.300008389070795,0.025970276266406373,0.0239483485744547,0.007471784809749079,0.07040973261994508,0.05864842309776825
horizon_rest_candidate,101,0.85,2,denied,outage_window,True,3.9302688685409453,0.027197392266458405,0.03297729614874551,0.00956488021967476,0.0861835429398956,0.0778761352474232
horizon_rest_candidate,101,0.85,2,gps,outage_window,True,7.486729482153898,0.02289520291664635,0.027428624992538533,0.00975742739903419,0.06765093635287989,0.0648905301750254
horizon_rest_candidate,101,0.85,2,transition,outage_window,True,7.079161142550189,0.03512238026652734,0.027946943045799193,0.008486592952370734,0.034450116074484435,0.02937158506089308
horizon_rest_candidate,101,0.85,4,denied,outage_window,True,4.198194636576536,0.030640434232610463,0.03324509215915645,0.00958457019308347,0.09122127486738826,0.08304260118968743
horizon_rest_candidate,101,0.85,4,gps,outage_window,True,7.370544790826132,0.020481954855365723,0.02766456251549233,0.00973256194323233,0.06621832064112802,0.06320004747863285
horizon_rest_candidate,101,0.85,4,transition,outage_window,True,7.1619076355528595,0.03386446190392923,0.028461872537504367,0.008415701182918817,0.032534881714882044,0.028126100512492053
horizon_rest_candidate,7,0.6,2,denied,after_return,True,6.593037750517061,0.09235829103276524,0.027690458796363112,0.009647565787366051,0.09927205628448506,0.09536053686276237
horizon_rest_candidate,7,0.6,2,gps,after_return,True,12.305700271167224,0.03524291993926711,0.035462982404125994,0.010537726964250416,0.052768372676718196,0.05026073614256339
horizon_rest_candidate,7,0.6,2,transition,after_return,True,13.039373543165187,0.04274987824332312,0.03369014405230514,0.010659458376917286,0.059603597384523414,0.054982615248528315
horizon_rest_candidate,7,0.6,4,denied,after_return,True,6.699924145029092,0.10740380024436687,0.026720718128244593,0.009704694693292956,0.10377998431493812,0.09989857985561448
horizon_rest_candidate,7,0.6,4,gps,after_return,True,11.594844505017914,0.03199340268417394,0.03531595464424673,0.010393571332197331,0.05293978595743982,0.050540040527013726
horizon_rest_candidate,7,0.6,4,transition,after_return,True,12.329999249923656,0.03897267103966527,0.03360198744959779,0.010494484728097836,0.058137061503145473,0.053782294542822566
horizon_rest_candidate,101,0.85,2,denied,after_return,True,4.124884267911708,0.024254273387582178,0.03721031016850539,0.008793085394190873,0.040750444254713164,0.03213112787449243
horizon_rest_candidate,101,0.85,2,gps,after_return,True,5.095992743804527,0.014649446466611265,0.02106841382571024,0.008391752033017022,0.051257955947585664,0.048693792989306074
horizon_rest_candidate,101,0.85,2,transition,after_return,True,6.4386670524878795,0.02898548701256799,0.032413579378645134,0.007613127469353682,0.029258991390673783,0.02452974468616716
horizon_rest_candidate,101,0.85,4,denied,after_return,True,3.9697214871866002,0.03212725761511483,0.036896806798385834,0.008363925917711994,0.04280759131349271,0.03479436033454237
horizon_rest_candidate,101,0.85,4,gps,after_return,True,5.040634685882675,0.013628237808743103,0.020829592391263627,0.008052913994144213,0.04865112842417221,0.045842770684975165
horizon_rest_candidate,101,0.85,4,transition,after_return,True,6.720394768259514,0.029589612747650502,0.03219378838429581,0.007369033415517927,0.028793333419493618,0.02428273877621602
retrodiction_rest_control,7,0.6,2,denied,flight,True,10.863807897241298,0.046984291918006287,0.033056694515491224,0.020204891559429464,0.3124068764578342,0.2920196921519347
retrodiction_rest_control,7,0.6,2,gps,flight,True,13.620163662321227,0.028483483179097113,0.03246149835916278,0.011310442191650333,0.20466227259393954,0.1897664387639315
retrodiction_rest_control,7,0.6,2,transition,flight,True,13.271472670277797,0.033083462662191386,0.033345643436826895,0.010932994028346322,0.19928485108907698,0.18363774898005802
retrodiction_rest_control,7,0.6,4,denied,flight,True,11.934762220290198,0.043504832560605014,0.03324479867403058,0.021633311704103673,0.33350389762671934,0.3114121927675061
retrodiction_rest_control,7,0.6,4,gps,flight,True,14.376371000416416,0.026699231836113658,0.032470801046105585,0.012174492094987159,0.24347327673723276,0.22740614636195203
retrodiction_rest_control,7,0.6,4,transition,flight,True,13.900672807918193,0.03003578385794615,0.033323698867601184,0.011976432312023798,0.23881136916062065,0.22227289940336606
retrodiction_rest_control,101,0.85,2,denied,flight,True,7.425023249171509,0.05585928428516329,0.03481746830281309,0.020510515388862324,0.2072663819366326,0.18950044754949122
retrodiction_rest_control,101,0.85,2,gps,flight,True,9.685941480034362,0.022711256001949273,0.03281141724449557,0.010437125813798416,0.07417974258611759,0.06356843441344766
retrodiction_rest_control,101,0.85,2,transition,flight,True,10.199739172537678,0.03381906287926674,0.03280641249658376,0.010486897504658838,0.0837015299167692,0.07449188288988833
retrodiction_rest_control,101,0.85,4,denied,flight,True,10.335087459341388,0.05727082002772393,0.03600146099998813,0.027061317577722257,0.31366923263748175,0.2910731403321407
retrodiction_rest_control,101,0.85,4,gps,flight,True,11.650156313510868,0.022291132474318794,0.032786591100810836,0.011362947150537312,0.11106524022208601,0.10131071453319547
retrodiction_rest_control,101,0.85,4,transition,flight,True,12.649549614214967,0.034042109669928926,0.03291948512442617,0.012337722070894001,0.13647153206597823,0.12832195252375053
retrodiction_rest_control,7,0.6,2,denied,outage_window,True,10.86157674840721,0.03639249708793008,0.031173454552487746,0.009765412840551739,0.07721606045360883,0.061647947545164415
retrodiction_rest_control,7,0.6,2,gps,outage_window,True,12.882583936277518,0.023738514525942004,0.026481005707239585,0.009684948284080928,0.11424965715282091,0.10491954529140131
retrodiction_rest_control,7,0.6,2,transition,outage_window,True,11.657850575284883,0.02810631385486636,0.029854311059340343,0.008558168732318367,0.08524845877864379,0.07258364666895012
retrodiction_rest_control,7,0.6,4,denied,outage_window,True,12.01487022750024,0.030563529591403495,0.031484265658784524,0.012501552551578619,0.08064208594306244,0.06559680536436675
retrodiction_rest_control,7,0.6,4,gps,outage_window,True,14.218290676643223,0.02285148588525792,0.02644298025921974,0.010322269259073598,0.12652196995302023,0.11744452828891029
retrodiction_rest_control,7,0.6,4,transition,outage_window,True,12.646641532105015,0.02354461772649569,0.029708870729410745,0.009790599889217199,0.10512014523035047,0.09431143026933632
retrodiction_rest_control,101,0.85,2,denied,outage_window,True,5.2100652959343385,0.05707027745616458,0.03452358737484814,0.011862718634960507,0.10327737554819406,0.09911799930953234
retrodiction_rest_control,101,0.85,2,gps,outage_window,True,9.026244305287157,0.022991689610811824,0.03442559109059292,0.010889344319518025,0.05725391191916094,0.054079441178781315
retrodiction_rest_control,101,0.85,2,transition,outage_window,True,8.77664990156865,0.037982357907970395,0.033705319312970126,0.01030442689896287,0.07113708481773809,0.06895906440162451
retrodiction_rest_control,101,0.85,4,denied,outage_window,True,7.842074937687856,0.05224484249255505,0.03544201557617964,0.016620154435278017,0.18421870738755605,0.17836612617393063
retrodiction_rest_control,101,0.85,4,gps,outage_window,True,10.918722466949413,0.021609300115556423,0.03447189440490648,0.011783318487358745,0.056676931929592486,0.05365061700349184
retrodiction_rest_control,101,0.85,4,transition,outage_window,True,11.387719029018061,0.03751469252774403,0.034186217698333514,0.013050215511427493,0.11771650533135064,0.11599956334831744
retrodiction_rest_control,7,0.6,2,denied,after_return,True,9.744482870168321,0.037427455952320964,0.039385808307413575,0.023239359728737113,0.08388589893419328,0.07979639766636479
retrodiction_rest_control,7,0.6,2,gps,after_return,True,14.891271786930462,0.036292947413201535,0.04125752986330806,0.012158291170932175,0.06902179799854039,0.0665621297822766
retrodiction_rest_control,7,0.6,2,transition,after_return,True,14.997217527359968,0.0425779038127847,0.041187216383388556,0.01197960866902743,0.0632346119119942,0.05794296095595278
retrodiction_rest_control,7,0.6,4,denied,after_return,True,11.003594563398542,0.03056116944680864,0.03935823082834552,0.02464876149572743,0.10831482790681995,0.10597382109321973
retrodiction_rest_control,7,0.6,4,gps,after_return,True,15.010138426652158,0.032851000831382815,0.04124809675846083,0.01238883410644498,0.07755649680699044,0.0755610996509744
retrodiction_rest_control,7,0.6,4,transition,after_return,True,15.079155258043329,0.03872883579053064,0.04117934805439973,0.012258158090736592,0.0667047375556037,0.06291956248812923
retrodiction_rest_control,101,0.85,2,denied,after_return,True,7.901816623195977,0.048075614886342044,0.04233043576595772,0.025933871408102396,0.07943258877442563,0.07480195880773899
retrodiction_rest_control,101,0.85,2,gps,after_return,True,8.99524620638163,0.01889161517996309,0.039261693539597964,0.01123599465019973,0.029868609792480603,0.023669071984768652
retrodiction_rest_control,101,0.85,2,transition,after_return,True,10.403280130020333,0.03386727499634889,0.03971792311943568,0.011747015651705387,0.05557032492094397,0.05226062291315574
retrodiction_rest_control,101,0.85,4,denied,after_return,True,11.342748840205516,0.042832443189578816,0.042755115300431384,0.03172622836393913,0.15179711936045576,0.14733835899008904
retrodiction_rest_control,101,0.85,4,gps,after_return,True,11.460658908671219,0.01975848011139339,0.03921983310406842,0.011990516152039873,0.03981237646223026,0.03570552290307524
retrodiction_rest_control,101,0.85,4,transition,after_return,True,13.4726750869378,0.03522408013345286,0.03966643286970604,0.013208631724788682,0.091544959085697,0.0889831952074875
retrodiction_rest_candidate,7,0.6,2,denied,flight,True,10.487551027950103,0.05734354409122031,0.021845192844818184,0.015102178169500696,0.317257083167829,0.29723649821566306
retrodiction_rest_candidate,7,0.6,2,gps,flight,True,13.743518358672448,0.028572669823304014,0.030171287944558582,0.010983103568150833,0.2047857310735344,0.19003754872449638
retrodiction_rest_candidate,7,0.6,2,transition,flight,True,13.258742082186192,0.03335018294998975,0.028815947104659796,0.010726715801443208,0.1991156425079721,0.18377858295563412
retrodiction_rest_candidate,7,0.6,4,denied,flight,True,11.602637657790881,0.04964915676234019,0.02503685445553038,0.01588787256473681,0.339685763509931,0.3179231640776039
retrodiction_rest_candidate,7,0.6,4,gps,flight,True,14.506271123402124,0.026797756922263997,0.029867219823475566,0.01187196440882235,0.2436594995506074,0.22770927940991728
retrodiction_rest_candidate,7,0.6,4,transition,flight,True,13.943062011413149,0.030353468035220484,0.028897291198761568,0.011639106978621121,0.23928325095240782,0.2229926777452272
retrodiction_rest_candidate,101,0.85,2,denied,flight,True,7.183140107011254,0.06171949223463506,0.028455916848998945,0.014093839043041196,0.20883764082520015,0.1911702575772025
retrodiction_rest_candidate,101,0.85,2,gps,flight,True,9.510524576531674,0.022700894471823094,0.01969833957529193,0.010089073190907474,0.07365543919830077,0.06319706557773791
retrodiction_rest_candidate,101,0.85,2,transition,flight,True,10.135270482244591,0.03324496130529276,0.023103469457913806,0.010267610821804,0.08403272944314544,0.07488448382642388
retrodiction_rest_candidate,101,0.85,4,denied,flight,True,9.87246416743106,0.10542569504855377,0.030072749177082574,0.01967064305655529,0.3095152001666123,0.28741092511070854
retrodiction_rest_candidate,101,0.85,4,gps,flight,True,11.434893820825813,0.022305454337059636,0.019189454705840936,0.010990191477808907,0.11093759295274813,0.10131850685488049
retrodiction_rest_candidate,101,0.85,4,transition,flight,True,12.608637411297533,0.03338661687803128,0.022983887958143052,0.012118148039225028,0.13623995325593855,0.1281146493260891
retrodiction_rest_candidate,7,0.6,2,denied,outage_window,True,10.493299187595055,0.048880239080067445,0.021634490450807047,0.008701459339075833,0.08384260193426092,0.0709032153015751
retrodiction_rest_candidate,7,0.6,2,gps,outage_window,True,13.112138599981597,0.023668262607749888,0.02844489201923835,0.009512009671173575,0.11386152648174883,0.1048498341330537
retrodiction_rest_candidate,7,0.6,2,transition,outage_window,True,11.442387533118895,0.028646753313999258,0.021261427464422833,0.008937855178917847,0.08727533295091737,0.07555126548508695
retrodiction_rest_candidate,7,0.6,4,denied,outage_window,True,11.577874742427204,0.03724407916744821,0.021862625650418674,0.009521521945097136,0.08857823386238627,0.07647436995203397
retrodiction_rest_candidate,7,0.6,4,gps,outage_window,True,14.391448928099868,0.02279090638734421,0.02644894244257225,0.010226710722044997,0.1257889005084603,0.11705830965514218
retrodiction_rest_candidate,7,0.6,4,transition,outage_window,True,12.427871435516467,0.024160387446723015,0.019333425038264823,0.009752911047358747,0.10765471999269513,0.09768527007578108
retrodiction_rest_candidate,101,0.85,2,denied,outage_window,True,5.244374459742028,0.0644101912680703,0.03128608350088444,0.011854297179721791,0.10696011156346431,0.10252615769787651
retrodiction_rest_candidate,101,0.85,2,gps,outage_window,True,8.97062074006316,0.023201489583836388,0.025399569131716006,0.010914689482887879,0.05614004452322642,0.05315327748325335
retrodiction_rest_candidate,101,0.85,2,transition,outage_window,True,8.68565429126181,0.03680806122545601,0.024312594324273483,0.010941170314454853,0.07029143754073776,0.06812979526119795
retrodiction_rest_candidate,101,0.85,4,denied,outage_window,True,7.778072105761955,0.10897846162590744,0.03076082047462281,0.01586388193179362,0.18096189445772765,0.1752758829268018
retrodiction_rest_candidate,101,0.85,4,gps,outage_window,True,10.780928464219564,0.021869112630545976,0.02387711960971765,0.011658613745601237,0.055883299847222755,0.05307340119208516
retrodiction_rest_candidate,101,0.85,4,transition,outage_window,True,11.255796307055443,0.036357406251442424,0.02417593032751732,0.013366855539259852,0.11581483593595243,0.11418924292652259
retrodiction_rest_candidate,7,0.6,2,denied,after_return,True,9.231928428285102,0.05267028615189481,0.02422012448442686,0.011370764088503713,0.1187401683865721,0.1151373196983298
retrodiction_rest_candidate,7,0.6,2,gps,after_return,True,15.079667587082803,0.036476663677221924,0.03740319715307552,0.011607989575802223,0.07006952398906689,0.0680394786421475
retrodiction_rest_candidate,7,0.6,2,transition,after_return,True,15.201861185612366,0.042783491515057975,0.03845672236371295,0.01138463069831013,0.05948502231188261,0.05563443700274511
retrodiction_rest_candidate,7,0.6,4,denied,after_return,True,10.668635696092114,0.04222108629455976,0.02996844421506527,0.012233678754860793,0.14603133438532875,0.14280226769929358
retrodiction_rest_candidate,7,0.6,4,gps,after_return,True,15.249778619044665,0.03305186903055827,0.03784764811624923,0.011791926289472551,0.07965411585046893,0.07785768635785864
retrodiction_rest_candidate,7,0.6,4,transition,after_return,True,15.409768307311973,0.03900965256311332,0.03927880530522588,0.011544854668884608,0.06747657023532308,0.06470246876179692
retrodiction_rest_candidate,101,0.85,2,denied,after_return,True,7.350565843845679,0.05687409903067027,0.03217954282440258,0.012278940606205638,0.08576149330301935,0.08147831880684028
retrodiction_rest_candidate,101,0.85,2,gps,after_return,True,8.71239021570041,0.018900724108566677,0.01855312988984012,0.01055591231988854,0.029320226810953788,0.023330049611222602
retrodiction_rest_candidate,101,0.85,2,transition,after_return,True,10.410366384675713,0.03363185635964202,0.026967535487361388,0.010933166701349934,0.05799373118873095,0.054538630082327615
retrodiction_rest_candidate,101,0.85,4,denied,after_return,True,10.473989684169158,0.09766806375199948,0.03462030867346774,0.01527452518925343,0.1519343717124904,0.1480641437637592
retrodiction_rest_candidate,101,0.85,4,gps,after_return,True,11.148627750062841,0.019836328738765657,0.0179869501102018,0.011380464814402547,0.04161739725890826,0.0378315793541583
retrodiction_rest_candidate,101,0.85,4,transition,after_return,True,13.569480949681681,0.034800000872219815,0.02624533375395272,0.012597858646017533,0.09333659529592438,0.0906203661017591
