estimator,seed,frequency,climb_height_m,scenario,window,valid_rms,horizontal_position_rmse_m,vertical_position_rmse_m,velocity_3d_rmse_m_s,attitude_rmse_deg,yaw_rmse_deg,mean_nees_15d,nees_rows,covariance_failure
eskf_horizon_control,7,0.6,2,denied,before_takeoff,True,,,,,,7.9066234812961405,300,
eskf_horizon_control,7,0.6,2,denied,flight,True,0.04550370495682623,0.07117301747969708,0.016322839746646663,0.2637833056439201,0.2500876703808431,8.620126329753944,4670,
eskf_horizon_control,7,0.6,2,denied,outage,True,0.03536069002652886,0.06343952272248146,0.009192040667913718,0.06611853985672038,0.05131866105311748,9.118563582191294,1500,
eskf_horizon_control,7,0.6,2,denied,after_return,True,0.0535991323598124,0.0827454104111521,0.017475467880415572,0.0705921783767087,0.06613324839274042,7.45514220082743,1970,
eskf_horizon_control,7,0.6,2,gps,before_takeoff,True,,,,,,10.350190333749007,300,
eskf_horizon_control,7,0.6,2,gps,flight,True,0.02878971916888441,0.068559138067265,0.01028745860802437,0.21187411545951323,0.1993623774424349,11.562825820354528,4670,
eskf_horizon_control,7,0.6,2,gps,outage,True,0.024566742505953948,0.06358758582341847,0.00818067237158085,0.10038652299598029,0.09146170875742264,11.256974467754658,1500,
eskf_horizon_control,7,0.6,2,gps,after_return,True,0.035079815323868994,0.079909773252204,0.011228953666239687,0.05682580354602942,0.05359383243024361,12.759995576174605,1970,
eskf_horizon_control,7,0.6,2,transition,before_takeoff,True,,,,,,10.350190333749007,300,
eskf_horizon_control,7,0.6,2,transition,flight,True,0.03411328833703738,0.06982819408919916,0.010147454947813491,0.20957709711944753,0.19650217070633605,11.566350732505898,4670,
eskf_horizon_control,7,0.6,2,transition,outage,True,0.029513855158511997,0.0682095375927919,0.007655244569373143,0.06910549922027973,0.0557751225409893,10.348064389819527,1500,
eskf_horizon_control,7,0.6,2,transition,after_return,True,0.0426248441415224,0.0796329825002572,0.011207435540012743,0.07021818990884221,0.06443823266834695,13.46041509731653,1970,
eskf_horizon_control,7,0.6,4,denied,before_takeoff,True,,,,,,7.9066234812961405,300,
eskf_horizon_control,7,0.6,4,denied,flight,True,0.04215412583772447,0.07062225131581473,0.01604613717874596,0.2630775625855881,0.24918395924076026,8.717762940738346,4670,
eskf_horizon_control,7,0.6,4,denied,outage,True,0.03203827080564578,0.061714351270045806,0.011512930873874547,0.06339587473424486,0.047703942661666505,9.4435798500009,1500,
eskf_horizon_control,7,0.6,4,denied,after_return,True,0.04899505905687785,0.08289168547477818,0.015647617120405685,0.07385867347452472,0.0698521067977861,7.362515215326458,1970,
eskf_horizon_control,7,0.6,4,gps,before_takeoff,True,,,,,,10.350190333749007,300,
eskf_horizon_control,7,0.6,4,gps,flight,True,0.026830172711173373,0.06847241241677678,0.010940326756437453,0.2366159448499601,0.22276154624144223,11.370061996665811,4670,
eskf_horizon_control,7,0.6,4,gps,outage,True,0.022795843458673273,0.06341298466354402,0.008099019661710364,0.1023040798065556,0.09355114085248395,11.457975192391782,1500,
eskf_horizon_control,7,0.6,4,gps,after_return,True,0.0318214756545365,0.07987874662128541,0.011091620510667916,0.05664736320018133,0.05361203998461808,12.029130114476033,1970,
eskf_horizon_control,7,0.6,4,transition,before_takeoff,True,,,,,,10.350190333749007,300,
eskf_horizon_control,7,0.6,4,transition,flight,True,0.03111189705725876,0.06941682084069371,0.010857615540013838,0.23425029045597967,0.21992633239802267,11.290652448000554,4670,
eskf_horizon_control,7,0.6,4,transition,outage,True,0.02526636766453332,0.06703175742652744,0.007748458192426211,0.07172233517046321,0.05894669678411515,10.344388134315892,1500,
eskf_horizon_control,7,0.6,4,transition,after_return,True,0.03881453725363288,0.07957765121311504,0.011088452833225536,0.0676961325709424,0.06231017747356947,12.688794071251195,1970,
eskf_horizon_control,101,0.85,2,denied,before_takeoff,True,,,,,,14.206871974327884,300,
eskf_horizon_control,101,0.85,2,denied,flight,True,0.027807924726659522,0.06357099758971985,0.018939909639082136,0.20153162547378656,0.17946043580332657,5.707903903513327,4670,
eskf_horizon_control,101,0.85,2,denied,outage,True,0.019633981553837096,0.058726810574325855,0.011662891529495548,0.08963757370016417,0.0799163989989942,4.637874630817451,1500,
eskf_horizon_control,101,0.85,2,denied,after_return,True,0.031088418023639094,0.0776746747482175,0.020769171094234873,0.03864689603233597,0.029162535928825124,4.863406527143432,1970,
eskf_horizon_control,101,0.85,2,gps,before_takeoff,True,,,,,,14.284901473021607,300,
eskf_horizon_control,101,0.85,2,gps,flight,True,0.02208417637801205,0.05564910332443382,0.009403951594233451,0.1001402150092422,0.09149802547801297,7.597486843492651,4670,
eskf_horizon_control,101,0.85,2,gps,outage,True,0.022603716321742406,0.055927576511122123,0.010059447370768483,0.06785751597001606,0.06504198306865276,7.983487900445686,1500,
eskf_horizon_control,101,0.85,2,gps,after_return,True,0.014690110728620191,0.06463583416523314,0.009512183001182506,0.05375720487795357,0.05106402935021024,5.619669971500382,1970,
eskf_horizon_control,101,0.85,2,transition,before_takeoff,True,,,,,,14.284901473021607,300,
eskf_horizon_control,101,0.85,2,transition,flight,True,0.031780766772813863,0.05745866574268991,0.008691371665549405,0.08979010207323933,0.0802089385691001,7.966850020241298,4670,
eskf_horizon_control,101,0.85,2,transition,outage,True,0.0359343860052362,0.060214594675411966,0.007991134017593356,0.03444837406434597,0.028866305035805402,7.672474330042673,1500,
eskf_horizon_control,101,0.85,2,transition,after_return,True,0.029290869841653265,0.06546259195274895,0.00939045065826696,0.02887335328773007,0.024498106371852853,6.732079307043884,1970,
eskf_horizon_control,101,0.85,4,denied,before_takeoff,True,,,,,,14.206871974327884,300,
eskf_horizon_control,101,0.85,4,denied,flight,True,0.035605908756666485,0.0632932847226172,0.018645325758393342,0.20677977770583508,0.18484959089897246,5.811916168896684,4670,
eskf_horizon_control,101,0.85,4,denied,outage,True,0.028273744524788993,0.059215566757044626,0.01211001465895708,0.09636317317554667,0.0869206677906573,4.934010058725034,1500,
eskf_horizon_control,101,0.85,4,denied,after_return,True,0.039865224327779,0.07693578907811639,0.019518722666391545,0.0412880347428994,0.03253901405378953,4.682459852462399,1970,
eskf_horizon_control,101,0.85,4,gps,before_takeoff,True,,,,,,14.284901473021607,300,
eskf_horizon_control,101,0.85,4,gps,flight,True,0.02027168124682076,0.05551134284892378,0.00937610508157413,0.11365264675574092,0.1051809012712656,7.499089174155648,4670,
eskf_horizon_control,101,0.85,4,gps,outage,True,0.020218905104600254,0.055889961174655674,0.010028577533126491,0.0663750109704978,0.06332498842850239,7.861357992293416,1500,
eskf_horizon_control,101,0.85,4,gps,after_return,True,0.013706847838664304,0.06443611203171898,0.00919271894190434,0.051072795462990095,0.048090212630786215,5.578359333966562,1970,
eskf_horizon_control,101,0.85,4,transition,before_takeoff,True,,,,,,14.284901473021607,300,
eskf_horizon_control,101,0.85,4,transition,flight,True,0.0310228508004381,0.05748899136641576,0.008882811624062908,0.10524710181220058,0.09637190587722702,8.076111180626008,4670,
eskf_horizon_control,101,0.85,4,transition,outage,True,0.03454591597964591,0.06061885152684096,0.0084134661854693,0.032368529969677366,0.027576814356089475,7.757163140561978,1500,
eskf_horizon_control,101,0.85,4,transition,after_return,True,0.02992297835428766,0.06529900918539912,0.009256299873613353,0.028336147630193376,0.0240307290955037,7.0255598658517044,1970,
eskf_horizon_candidate,7,0.6,2,denied,before_takeoff,True,,,,,,5.6728585476832,300,
eskf_horizon_candidate,7,0.6,2,denied,flight,True,0.07744039638074973,0.035635826978457616,0.015640623548939744,0.2816558454315469,0.2667330679173825,7.74251891038965,4670,
eskf_horizon_candidate,7,0.6,2,denied,outage,True,0.07215818887932764,0.03182994249509234,0.006733387336075023,0.07579121830866119,0.0631226469296527,8.329396585680168,1500,
eskf_horizon_candidate,7,0.6,2,denied,after_return,True,0.08671994203400941,0.04391930817778499,0.01588825818353285,0.06985540966048649,0.06486430388874566,6.7127597947919675,1970,
eskf_horizon_candidate,7,0.6,2,gps,before_takeoff,True,,,,,,8.15050454702933,300,
eskf_horizon_candidate,7,0.6,2,gps,flight,True,0.02881991322245067,0.035305389993532624,0.010217924677925727,0.2085413983393389,0.1964313309812614,10.865989520007329,4670,
eskf_horizon_candidate,7,0.6,2,gps,outage,True,0.0245498691746594,0.028124955134150444,0.00806741356046538,0.09760651430509437,0.08903612420340987,10.483945471530358,1500,
eskf_horizon_candidate,7,0.6,2,gps,after_return,True,0.03508544813889675,0.045575725395495,0.011181365310039023,0.05614315209877079,0.05270910232408345,12.244500922067008,1970,
eskf_horizon_candidate,7,0.6,2,transition,before_takeoff,True,,,,,,8.15050454702933,300,
eskf_horizon_candidate,7,0.6,2,transition,flight,True,0.03421308555395416,0.03587213238960164,0.010024502617076042,0.2064981450678685,0.1937608406195614,10.873829102808443,4670,
eskf_horizon_candidate,7,0.6,2,transition,outage,True,0.029719424291867153,0.030492577116209462,0.007382795828843462,0.0657944233590077,0.052390358165625185,9.490970813580162,1500,
eskf_horizon_candidate,7,0.6,2,transition,after_return,True,0.042655069827424674,0.04547368500490142,0.011124523156793745,0.07111803581657733,0.06493497045110794,13.01915718531904,1970,
eskf_horizon_candidate,7,0.6,4,denied,before_takeoff,True,,,,,,5.6728585476832,300,
eskf_horizon_candidate,7,0.6,4,denied,flight,True,0.08940502198024454,0.035613209256726445,0.015169976389460611,0.27963296878697064,0.26462557669027265,7.817121425676923,4670,
eskf_horizon_candidate,7,0.6,4,denied,outage,True,0.08264308436289883,0.031666557977858764,0.007520239150092978,0.06920293945250955,0.055698368111550156,8.576411970568989,1500,
eskf_horizon_candidate,7,0.6,4,denied,after_return,True,0.10089402303891021,0.0439844814182508,0.014536063422920898,0.0729610828901213,0.06848300070037343,6.640372845981752,1970,
eskf_horizon_candidate,7,0.6,4,gps,before_takeoff,True,,,,,,8.15050454702933,300,
eskf_horizon_candidate,7,0.6,4,gps,flight,True,0.026854653374286004,0.035270204366277806,0.01086076833973875,0.23363243378511678,0.2201174365163924,10.673251709929922,4670,
eskf_horizon_candidate,7,0.6,4,gps,outage,True,0.02277011278789296,0.028023325512067192,0.007987257425969528,0.09934173416953483,0.09092115798908783,10.68472452378662,1500,
eskf_horizon_candidate,7,0.6,4,gps,after_return,True,0.03181673937659318,0.045577247560121985,0.011042933793283104,0.055898269012151926,0.05266605177693485,11.508320974522558,1970,
eskf_horizon_candidate,7,0.6,4,transition,before_takeoff,True,,,,,,8.15050454702933,300,
eskf_horizon_candidate,7,0.6,4,transition,flight,True,0.031222167457742304,0.03572117287164899,0.010657140124655663,0.23148954026827018,0.2174553033833577,10.594353966047118,4670,
eskf_horizon_candidate,7,0.6,4,transition,outage,True,0.025513056235883676,0.029970533992900467,0.007187460407646969,0.0681659733274524,0.05534271387967314,9.477963621431728,1500,
eskf_horizon_candidate,7,0.6,4,transition,after_return,True,0.03884658331560511,0.04547335319484797,0.010988722495466324,0.06854918323517888,0.06276251320257172,12.24014274589293,1970,
eskf_horizon_candidate,101,0.85,2,denied,before_takeoff,True,,,,,,13.210109411776308,300,
eskf_horizon_candidate,101,0.85,2,denied,flight,True,0.028359118472377553,0.04016022567666825,0.01639629151390245,0.18707382103498574,0.16616409135797686,5.025973594934152,4670,
eskf_horizon_candidate,101,0.85,2,denied,outage,True,0.025245138504430012,0.03708326637207538,0.009014468847787347,0.0821077646495981,0.07356976366922352,3.9551303616071025,1500,
eskf_horizon_candidate,101,0.85,2,denied,after_return,True,0.025128910293439766,0.05065412070252784,0.0175494769611032,0.03638016274118889,0.02712553212976262,4.357118875787267,1970,
eskf_horizon_candidate,101,0.85,2,gps,before_takeoff,True,,,,,,14.412297950508595,300,
eskf_horizon_candidate,101,0.85,2,gps,flight,True,0.022045546116814533,0.03545928615592121,0.009287242357637249,0.09898620008046978,0.09051822347304411,7.230754813216673,4670,
eskf_horizon_candidate,101,0.85,2,gps,outage,True,0.022636711400879028,0.036182925824084784,0.00990149900013538,0.0682965352901228,0.06549128825056566,7.591740212833919,1500,
eskf_horizon_candidate,101,0.85,2,gps,after_return,True,0.014697284417937571,0.043326239454194004,0.00948001363058819,0.053869098797027774,0.051164165044025225,5.365119842018845,1970,
eskf_horizon_candidate,101,0.85,2,transition,before_takeoff,True,,,,,,14.412297950508595,300,
eskf_horizon_candidate,101,0.85,2,transition,flight,True,0.03167855606078076,0.036204302365934256,0.008486226024650071,0.08829212097258128,0.07890651820204041,7.561958379179173,4670,
eskf_horizon_candidate,101,0.85,2,transition,outage,True,0.03576251622714883,0.03734862235723126,0.007665063097603536,0.033989824320466114,0.028653989307128817,7.182766709259845,1500,
eskf_horizon_candidate,101,0.85,2,transition,after_return,True,0.02927952912986172,0.04402663034655289,0.009267089923801044,0.028761148489298487,0.024405659073378414,6.461658374204624,1970,
eskf_horizon_candidate,101,0.85,4,denied,before_takeoff,True,,,,,,13.210109411776308,300,
eskf_horizon_candidate,101,0.85,4,denied,flight,True,0.03128449070404274,0.03991583518360502,0.01631750753163963,0.19386259602839828,0.17298061925040384,5.085843302977898,4670,
eskf_horizon_candidate,101,0.85,4,denied,outage,True,0.028176647243965732,0.03727303904917616,0.009230715256798857,0.08775387614318471,0.07940539116456703,4.139189507330945,1500,
eskf_horizon_candidate,101,0.85,4,denied,after_return,True,0.03144437828503369,0.050121372562882086,0.016668340405539526,0.038601521550156295,0.03013240952362919,4.1798393674791186,1970,
eskf_horizon_candidate,101,0.85,4,gps,before_takeoff,True,,,,,,14.412297950508595,300,
eskf_horizon_candidate,101,0.85,4,gps,flight,True,0.020221696308583205,0.035371094237566694,0.009258726435952614,0.11334238900496045,0.10496044760924664,7.130516755652986,4670,
eskf_horizon_candidate,101,0.85,4,gps,outage,True,0.020241821358186057,0.03618277899840333,0.009870998524166143,0.06680465102757269,0.0637480795666437,7.469687674551497,1500,
eskf_horizon_candidate,101,0.85,4,gps,after_return,True,0.013711727120559545,0.04317221381395271,0.0091591060150323,0.051184153794758505,0.048190182616822876,5.322980876264482,1970,
eskf_horizon_candidate,101,0.85,4,transition,before_takeoff,True,,,,,,14.412297950508595,300,
eskf_horizon_candidate,101,0.85,4,transition,flight,True,0.03092228418051011,0.03625901519114549,0.008629256226468604,0.10475215624044808,0.09599493205964957,7.668622605934571,4670,
eskf_horizon_candidate,101,0.85,4,transition,outage,True,0.0344007168678047,0.03773934944605204,0.007974080292409223,0.03198590324825178,0.027398099138417887,7.264541784699034,1500,
eskf_horizon_candidate,101,0.85,4,transition,after_return,True,0.02989714055799779,0.04389767307713024,0.00910034762275536,0.028230396903787418,0.023942512271229663,6.754794660829811,1970,
eskf_retrodiction_control,7,0.6,2,denied,before_takeoff,True,,,,,,7.7217704239123535,300,
eskf_retrodiction_control,7,0.6,2,denied,flight,True,0.04926230895660374,0.06712735259194424,0.022494584631145828,0.2971351866002112,0.27767382299995247,11.93991170021068,4670,
eskf_retrodiction_control,7,0.6,2,denied,outage,True,0.03795955702644281,0.06270913417993258,0.015946959697210102,0.06892614716413675,0.05066923758959473,11.924773366417906,1500,
eskf_retrodiction_control,7,0.6,2,denied,after_return,True,0.05113176507374528,0.0739362422383977,0.02582946526006471,0.08462140167607848,0.08102777048460796,10.614382879570416,1970,
eskf_retrodiction_control,7,0.6,2,gps,before_takeoff,True,,,,,,10.130830173368203,300,
eskf_retrodiction_control,7,0.6,2,gps,flight,True,0.028474334846312926,0.0646788087448766,0.011442618516175021,0.2084072084494192,0.19316167696108977,14.417604538135024,4670,
eskf_retrodiction_control,7,0.6,2,gps,outage,True,0.02379554679651056,0.06301325026784944,0.009914673777211617,0.1185228787789157,0.10880237145467128,13.790961041492691,1500,
eskf_retrodiction_control,7,0.6,2,gps,after_return,True,0.03630153526618263,0.071774821415543,0.01220379477473357,0.07044724590623959,0.06807931051600712,15.473204304639593,1970,
eskf_retrodiction_control,7,0.6,2,transition,before_takeoff,True,,,,,,10.130830173368203,300,
eskf_retrodiction_control,7,0.6,2,transition,flight,True,0.032957837359689185,0.06590715637281776,0.011261453610837205,0.20306689526461344,0.1871433682258707,14.06127210685158,4670,
eskf_retrodiction_control,7,0.6,2,transition,outage,True,0.027798046234221656,0.06732830614130589,0.009302245224523314,0.09129354134654553,0.07868123646559254,12.647703598960373,1500,
eskf_retrodiction_control,7,0.6,2,transition,after_return,True,0.042546298532386076,0.07146155135799682,0.012169362094612984,0.06390457469246909,0.05908927867830444,15.49899806591106,1970,
eskf_retrodiction_control,7,0.6,4,denied,before_takeoff,True,,,,,,7.7217704239123535,300,
eskf_retrodiction_control,7,0.6,4,denied,flight,True,0.05166476784759778,0.06586181451733082,0.024906579486516103,0.3214049566274039,0.3000434864099668,13.197077726734545,4670,
eskf_retrodiction_control,7,0.6,4,denied,outage,True,0.042260640166542136,0.06072593383871748,0.022080569479470014,0.09319010461000836,0.07731446729672518,13.56138913731719,1500,
eskf_retrodiction_control,7,0.6,4,denied,after_return,True,0.04670850153757772,0.07353362287156442,0.02665132476069683,0.11018128606384922,0.10805843105114943,11.84231809002249,1970,
eskf_retrodiction_control,7,0.6,4,gps,before_takeoff,True,,,,,,10.130830173368203,300,
eskf_retrodiction_control,7,0.6,4,gps,flight,True,0.026704521593528083,0.06456012913218867,0.012290911539599344,0.2468390272590569,0.23044449935091957,15.181692755813941,4670,
eskf_retrodiction_control,7,0.6,4,gps,outage,True,0.022945628237651273,0.06290177834233866,0.010556912568587647,0.13135481531563653,0.12183180217957501,15.148946451782251,1500,
eskf_retrodiction_control,7,0.6,4,gps,after_return,True,0.03286459450021675,0.07173237228735713,0.012440331718287524,0.07919214973022522,0.07723320076794106,15.600941645942244,1970,
eskf_retrodiction_control,7,0.6,4,transition,before_takeoff,True,,,,,,10.130830173368203,300,
eskf_retrodiction_control,7,0.6,4,transition,flight,True,0.029943091527802883,0.06550784905538753,0.012450477304652175,0.242318232325535,0.2254974017665552,14.713456666776551,4670,
eskf_retrodiction_control,7,0.6,4,transition,outage,True,0.023322507588221773,0.06636947267905846,0.011046224582759601,0.11173730884111914,0.10068262554362015,13.687624734203276,1500,
eskf_retrodiction_control,7,0.6,4,transition,after_return,True,0.038705658451698134,0.07140733981022493,0.012494453255331247,0.06820044256173516,0.06475979208126162,15.60364217414724,1970,
eskf_retrodiction_control,101,0.85,2,denied,before_takeoff,True,,,,,,16.125126648808195,300,
eskf_retrodiction_control,101,0.85,2,denied,flight,True,0.04740960875285499,0.058602376130281394,0.02335436847410773,0.22616010377819876,0.20666877887249469,8.129584234951661,4670,
eskf_retrodiction_control,101,0.85,2,denied,outage,True,0.04395209412904228,0.06020077463069992,0.013032835376831394,0.10952845929098547,0.10481887985715187,5.8012933374500495,1500,
eskf_retrodiction_control,101,0.85,2,denied,after_return,True,0.05807021701535255,0.06722918532879693,0.028958433946499704,0.08383080821938947,0.07896929739600973,8.43992254523302,1970,
eskf_retrodiction_control,101,0.85,2,gps,before_takeoff,True,,,,,,16.061789692819925,300,
eskf_retrodiction_control,101,0.85,2,gps,flight,True,0.022774199666936393,0.05223275638549233,0.010552703926001522,0.07425868224333917,0.06358597133598051,10.100788692332422,4670,
eskf_retrodiction_control,101,0.85,2,gps,outage,True,0.02298564003397034,0.05439211475187648,0.010963959213855378,0.05716994926149695,0.05399290136518422,9.425637171808223,1500,
eskf_retrodiction_control,101,0.85,2,gps,after_return,True,0.018890925078346353,0.05804292410540296,0.011260269165522883,0.029874688887832297,0.023654286230295248,9.27827811033221,1970,
eskf_retrodiction_control,101,0.85,2,transition,before_takeoff,True,,,,,,16.061789692819925,300,
eskf_retrodiction_control,101,0.85,2,transition,flight,True,0.03391883244118219,0.054083221255207044,0.010656387224827826,0.08419904642757277,0.07494565477684588,10.668559732603075,4670,
eskf_retrodiction_control,101,0.85,2,transition,outage,True,0.03811417863192133,0.05908679743081722,0.010508104769559445,0.07204388130828988,0.06980122878589569,9.330975115713375,1500,
eskf_retrodiction_control,101,0.85,2,transition,after_return,True,0.03388787293793868,0.05858110005065986,0.011802647185484735,0.05614809375182021,0.05281977740883112,10.696290212974962,1970,
eskf_retrodiction_control,101,0.85,4,denied,before_takeoff,True,,,,,,16.125126648808195,300,
eskf_retrodiction_control,101,0.85,4,denied,flight,True,0.047866942001960226,0.058679235157899357,0.03003148728121782,0.3309866329042345,0.3068705697182586,11.132171926916309,4670,
eskf_retrodiction_control,101,0.85,4,denied,outage,True,0.0422700705601242,0.06110902118812311,0.017485364511082103,0.19232889093862607,0.18605212834202187,8.45393462942582,1500,
eskf_retrodiction_control,101,0.85,4,denied,after_return,True,0.05636453624150314,0.06738731485073957,0.034859805278984884,0.15594257694272437,0.1511901406297562,11.919629452934645,1970,
eskf_retrodiction_control,101,0.85,4,gps,before_takeoff,True,,,,,,16.061789692819925,300,
eskf_retrodiction_control,101,0.85,4,gps,flight,True,0.022362801587957153,0.052166583427627373,0.011498297017025014,0.11073261855272643,0.10097595315062857,12.082672475022962,4670,
eskf_retrodiction_control,101,0.85,4,gps,outage,True,0.02161175048133106,0.05448765993912248,0.01183265054380905,0.05671705126465813,0.05370005535242177,11.320910167543456,1500,
eskf_retrodiction_control,101,0.85,4,gps,after_return,True,0.019761154222643223,0.05802665473024687,0.012014126983279062,0.039758182319837826,0.03563616823254043,11.746624563959482,1970,
eskf_retrodiction_control,101,0.85,4,transition,before_takeoff,True,,,,,,16.061789692819925,300,
eskf_retrodiction_control,101,0.85,4,transition,flight,True,0.034120278181518894,0.054226664810066064,0.012530561333590267,0.13665853858704105,0.12850899643126562,13.13724901029756,4670,
eskf_retrodiction_control,101,0.85,4,transition,outage,True,0.03757450165693036,0.05977767106921143,0.013252604155250411,0.11874546966455819,0.11697114852639016,11.950689997069317,1500,
eskf_retrodiction_control,101,0.85,4,transition,after_return,True,0.03524986669255689,0.05855607625910928,0.013263258887575248,0.09214389808624655,0.08955057799712673,13.767032013423233,1970,
eskf_retrodiction_candidate,7,0.6,2,denied,before_takeoff,True,,,,,,5.1861419399662605,300,
eskf_retrodiction_candidate,7,0.6,2,denied,flight,True,0.046984291918006287,0.033056694515491224,0.020204891559429464,0.3124068764578342,0.2920196921519347,10.863807897241298,4670,
eskf_retrodiction_candidate,7,0.6,2,denied,outage,True,0.03639249708793008,0.031173454552487746,0.009765412840551739,0.07721606045360883,0.061647947545164415,10.86157674840721,1500,
eskf_retrodiction_candidate,7,0.6,2,denied,after_return,True,0.037427455952320964,0.039385808307413575,0.023239359728737113,0.08388589893419328,0.07979639766636479,9.744482870168321,1970,
eskf_retrodiction_candidate,7,0.6,2,gps,before_takeoff,True,,,,,,7.681786835775904,300,
eskf_retrodiction_candidate,7,0.6,2,gps,flight,True,0.028483483179097113,0.03246149835916278,0.011310442191650333,0.20466227259393954,0.1897664387639315,13.620163662321227,4670,
eskf_retrodiction_candidate,7,0.6,2,gps,outage,True,0.023738514525942004,0.026481005707239585,0.009684948284080928,0.11424965715282091,0.10491954529140131,12.882583936277518,1500,
eskf_retrodiction_candidate,7,0.6,2,gps,after_return,True,0.036292947413201535,0.04125752986330806,0.012158291170932175,0.06902179799854039,0.0665621297822766,14.891271786930462,1970,
eskf_retrodiction_candidate,7,0.6,2,transition,before_takeoff,True,,,,,,7.681786835775904,300,
eskf_retrodiction_candidate,7,0.6,2,transition,flight,True,0.033083462662191386,0.033345643436826895,0.010932994028346322,0.19928485108907698,0.18363774898005802,13.271472670277797,4670,
eskf_retrodiction_candidate,7,0.6,2,transition,outage,True,0.02810631385486636,0.029854311059340343,0.008558168732318367,0.08524845877864379,0.07258364666895012,11.657850575284883,1500,
eskf_retrodiction_candidate,7,0.6,2,transition,after_return,True,0.0425779038127847,0.041187216383388556,0.01197960866902743,0.0632346119119942,0.05794296095595278,14.997217527359968,1970,
eskf_retrodiction_candidate,7,0.6,4,denied,before_takeoff,True,,,,,,5.1861419399662605,300,
eskf_retrodiction_candidate,7,0.6,4,denied,flight,True,0.043504832560605014,0.03324479867403058,0.021633311704103673,0.33350389762671934,0.3114121927675061,11.934762220290198,4670,
eskf_retrodiction_candidate,7,0.6,4,denied,outage,True,0.030563529591403495,0.031484265658784524,0.012501552551578619,0.08064208594306244,0.06559680536436675,12.01487022750024,1500,
eskf_retrodiction_candidate,7,0.6,4,denied,after_return,True,0.03056116944680864,0.03935823082834552,0.02464876149572743,0.10831482790681995,0.10597382109321973,11.003594563398542,1970,
eskf_retrodiction_candidate,7,0.6,4,gps,before_takeoff,True,,,,,,7.681786835775904,300,
eskf_retrodiction_candidate,7,0.6,4,gps,flight,True,0.026699231836113658,0.032470801046105585,0.012174492094987159,0.24347327673723276,0.22740614636195203,14.376371000416416,4670,
eskf_retrodiction_candidate,7,0.6,4,gps,outage,True,0.02285148588525792,0.02644298025921974,0.010322269259073598,0.12652196995302023,0.11744452828891029,14.218290676643223,1500,
eskf_retrodiction_candidate,7,0.6,4,gps,after_return,True,0.032851000831382815,0.04124809675846083,0.01238883410644498,0.07755649680699044,0.0755610996509744,15.010138426652158,1970,
eskf_retrodiction_candidate,7,0.6,4,transition,before_takeoff,True,,,,,,7.681786835775904,300,
eskf_retrodiction_candidate,7,0.6,4,transition,flight,True,0.03003578385794615,0.033323698867601184,0.011976432312023798,0.23881136916062065,0.22227289940336606,13.900672807918193,4670,
eskf_retrodiction_candidate,7,0.6,4,transition,outage,True,0.02354461772649569,0.029708870729410745,0.009790599889217199,0.10512014523035047,0.09431143026933632,12.646641532105015,1500,
eskf_retrodiction_candidate,7,0.6,4,transition,after_return,True,0.03872883579053064,0.04117934805439973,0.012258158090736592,0.0667047375556037,0.06291956248812923,15.079155258043329,1970,
eskf_retrodiction_candidate,101,0.85,2,denied,before_takeoff,True,,,,,,15.070280949345603,300,
eskf_retrodiction_candidate,101,0.85,2,denied,flight,True,0.05585928428516329,0.03481746830281309,0.020510515388862324,0.2072663819366326,0.18950044754949122,7.425023249171509,4670,
eskf_retrodiction_candidate,101,0.85,2,denied,outage,True,0.05707027745616458,0.03452358737484814,0.011862718634960507,0.10327737554819406,0.09911799930953234,5.2100652959343385,1500,
eskf_retrodiction_candidate,101,0.85,2,denied,after_return,True,0.048075614886342044,0.04233043576595772,0.025933871408102396,0.07943258877442563,0.07480195880773899,7.901816623195977,1970,
eskf_retrodiction_candidate,101,0.85,2,gps,before_takeoff,True,,,,,,16.010083860043597,300,
eskf_retrodiction_candidate,101,0.85,2,gps,flight,True,0.022711256001949273,0.03281141724449557,0.010437125813798416,0.07417974258611759,0.06356843441344766,9.685941480034362,4670,
eskf_retrodiction_candidate,101,0.85,2,gps,outage,True,0.022991689610811824,0.03442559109059292,0.010889344319518025,0.05725391191916094,0.054079441178781315,9.026244305287157,1500,
eskf_retrodiction_candidate,101,0.85,2,gps,after_return,True,0.01889161517996309,0.039261693539597964,0.01123599465019973,0.029868609792480603,0.023669071984768652,8.99524620638163,1970,
eskf_retrodiction_candidate,101,0.85,2,transition,before_takeoff,True,,,,,,16.010083860043597,300,
eskf_retrodiction_candidate,101,0.85,2,transition,flight,True,0.03381906287926674,0.03280641249658376,0.010486897504658838,0.0837015299167692,0.07449188288988833,10.199739172537678,4670,
eskf_retrodiction_candidate,101,0.85,2,transition,outage,True,0.037982357907970395,0.033705319312970126,0.01030442689896287,0.07113708481773809,0.06895906440162451,8.77664990156865,1500,
eskf_retrodiction_candidate,101,0.85,2,transition,after_return,True,0.03386727499634889,0.03971792311943568,0.011747015651705387,0.05557032492094397,0.05226062291315574,10.403280130020333,1970,
eskf_retrodiction_candidate,101,0.85,4,denied,before_takeoff,True,,,,,,15.070280949345603,300,
eskf_retrodiction_candidate,101,0.85,4,denied,flight,True,0.05727082002772393,0.03600146099998813,0.027061317577722257,0.31366923263748175,0.2910731403321407,10.335087459341388,4670,
eskf_retrodiction_candidate,101,0.85,4,denied,outage,True,0.05224484249255505,0.03544201557617964,0.016620154435278017,0.18421870738755605,0.17836612617393063,7.842074937687856,1500,
eskf_retrodiction_candidate,101,0.85,4,denied,after_return,True,0.042832443189578816,0.042755115300431384,0.03172622836393913,0.15179711936045576,0.14733835899008904,11.342748840205516,1970,
eskf_retrodiction_candidate,101,0.85,4,gps,before_takeoff,True,,,,,,16.010083860043597,300,
eskf_retrodiction_candidate,101,0.85,4,gps,flight,True,0.022291132474318794,0.032786591100810836,0.011362947150537312,0.11106524022208601,0.10131071453319547,11.650156313510868,4670,
eskf_retrodiction_candidate,101,0.85,4,gps,outage,True,0.021609300115556423,0.03447189440490648,0.011783318487358745,0.056676931929592486,0.05365061700349184,10.918722466949413,1500,
eskf_retrodiction_candidate,101,0.85,4,gps,after_return,True,0.01975848011139339,0.03921983310406842,0.011990516152039873,0.03981237646223026,0.03570552290307524,11.460658908671219,1970,
eskf_retrodiction_candidate,101,0.85,4,transition,before_takeoff,True,,,,,,16.010083860043597,300,
eskf_retrodiction_candidate,101,0.85,4,transition,flight,True,0.034042109669928926,0.03291948512442617,0.012337722070894001,0.13647153206597823,0.12832195252375053,12.649549614214967,4670,
eskf_retrodiction_candidate,101,0.85,4,transition,outage,True,0.03751469252774403,0.034186217698333514,0.013050215511427493,0.11771650533135064,0.11599956334831744,11.387719029018061,1500,
eskf_retrodiction_candidate,101,0.85,4,transition,after_return,True,0.03522408013345286,0.03966643286970604,0.013208631724788682,0.091544959085697,0.0889831952074875,13.4726750869378,1970,
px4_published,7,0.6,2,denied,before_takeoff,True,,,,,,4.13278621004692,300,
px4_published,7,0.6,2,denied,flight,True,0.07447743456374555,0.057848285234681905,0.02614908666380414,0.4547906954615616,0.4376607874983451,4.104394062455151,4670,
px4_published,7,0.6,2,denied,outage,True,0.1052423603243542,0.04627041874495338,0.029135006465082717,0.6024363629796641,0.5933065971184118,3.741730944679676,1500,
px4_published,7,0.6,2,denied,after_return,True,0.03180434124869558,0.07297377426492856,0.016959284337046552,0.14291555806417752,0.09109918981117188,3.73612185855764,1970,
px4_published,7,0.6,2,gps,before_takeoff,True,,,,,,6.973507626755627,300,
px4_published,7,0.6,2,gps,flight,True,0.1493902516913904,0.06589729658131192,0.09068453294741265,2.3065517348709856,2.3041138042829092,31.78294702689322,4670,
px4_published,7,0.6,2,gps,outage,True,0.15996116526625223,0.05478784970418472,0.09426472692572745,2.5293765795164656,2.5275472853176426,32.205994459544826,1500,
px4_published,7,0.6,2,gps,after_return,True,0.15166142918344622,0.05439893912611601,0.09545461155120738,2.2722929900986055,2.2718877415863883,41.327853565225894,1970,
px4_published,7,0.6,2,transition,before_takeoff,True,,,,,,6.973507626755627,300,
px4_published,7,0.6,2,transition,flight,True,0.16290753492869478,0.20214403606037265,0.09032893208231838,2.2777481635154744,2.274778107186752,26.636669502781174,4670,
px4_published,7,0.6,2,transition,outage,True,0.20520474703873381,0.03655072166980201,0.09998769934129265,2.548570353470996,2.5468962940639592,22.382596197605544,1500,
px4_published,7,0.6,2,transition,after_return,True,0.1432845427338332,0.30004997899672897,0.09014732845915543,2.1863011725178114,2.1845299501301714,36.6070128241414,1970,
px4_published,7,0.6,4,denied,before_takeoff,True,,,,,,4.13278621004692,300,
px4_published,7,0.6,4,denied,flight,True,0.1456178825629306,0.05833746460109326,0.03182632956657584,0.46721870384315517,0.4498315534319973,4.184017091664216,4670,
px4_published,7,0.6,4,denied,outage,True,0.18288632516654116,0.047840948029207506,0.03465543583280473,0.6524513965673323,0.6440349373446219,3.823603554650114,1500,
px4_published,7,0.6,4,denied,after_return,True,0.1270306236223714,0.0716472239861523,0.022500206300208863,0.179998870650597,0.1390590555821587,3.8217626272515415,1970,
px4_published,7,0.6,4,gps,before_takeoff,True,,,,,,6.973507626755627,300,
px4_published,7,0.6,4,gps,flight,True,0.15012489985144029,0.06830729999273202,0.09175772718347912,2.3065148403252618,2.3041366437715887,31.912449763496458,4670,
px4_published,7,0.6,4,gps,outage,True,0.1604235810156627,0.05952310380572124,0.09478602631907082,2.532085952756097,2.5300879887958003,32.207670976473494,1500,
px4_published,7,0.6,4,gps,after_return,True,0.15284578379364028,0.05920689703145866,0.09746615662887845,2.2776961992142692,2.2774954713860946,41.696497691384025,1970,
px4_published,7,0.6,4,transition,before_takeoff,True,,,,,,6.973507626755627,300,
px4_published,7,0.6,4,transition,flight,True,0.1784224961549062,0.2045141672677339,0.09269709270409056,2.2753023890122464,2.2723482658978504,26.81349220311528,4670,
px4_published,7,0.6,4,transition,outage,True,0.2377897435635854,0.039121109560302195,0.10417745412428167,2.528623685836324,2.5272360947813195,22.44627606723055,1500,
px4_published,7,0.6,4,transition,after_return,True,0.1486736181537501,0.30387699897545406,0.09222485557732059,2.2056672948756644,2.203616825139485,37.040610497837356,1970,
px4_published,101,0.85,2,denied,before_takeoff,True,,,,,,4.269755165507125,300,
px4_published,101,0.85,2,denied,flight,True,0.11326398051307847,0.03598391808231215,0.029947278440065117,0.46409468409425,0.4501444624422069,3.532997826292468,4670,
px4_published,101,0.85,2,denied,outage,True,0.12584081462409194,0.032611248251178615,0.03237992505008786,0.5228936149016905,0.5129577559196876,3.299897020896011,1500,
px4_published,101,0.85,2,denied,after_return,True,0.11808907228188253,0.04480818104012926,0.02688533066789022,0.4215933034459456,0.40950222145621046,3.1191559977264562,1970,
px4_published,101,0.85,2,gps,before_takeoff,True,,,,,,10.611400786663959,300,
px4_published,101,0.85,2,gps,flight,True,0.20358853801076573,0.14153420703342784,0.16600776191359437,3.134035544257076,3.1325938060280447,63.49574131863259,4670,
px4_published,101,0.85,2,gps,outage,True,0.21395324764515825,0.16742310356051024,0.17374779316452338,3.2678109180677746,3.2667490987231513,62.23728174444562,1500,
px4_published,101,0.85,2,gps,after_return,True,0.21649873168874686,0.11266956767294962,0.17132761025412516,3.2495755718534243,3.249253386845033,88.71725852758733,1970,
px4_published,101,0.85,2,transition,before_takeoff,True,,,,,,10.611400786663959,300,
px4_published,101,0.85,2,transition,flight,True,0.20889296583742342,0.12374309119338546,0.16541734583309256,3.121768279754343,3.1195971866552803,39.57377096750251,4670,
px4_published,101,0.85,2,transition,outage,True,0.22404085663739542,0.14116973347453354,0.175863322326298,3.271061206032593,3.270145098185379,36.45850609298935,1500,
px4_published,101,0.85,2,transition,after_return,True,0.22068011925996212,0.08763345230097636,0.16834071307036366,3.219232629637415,3.2171483243057426,51.635400540942165,1970,
px4_published,101,0.85,4,denied,before_takeoff,True,,,,,,4.269755165507125,300,
px4_published,101,0.85,4,denied,flight,True,0.1580351656785241,0.03499054577202538,0.036719824173836464,0.5601620184591333,0.5483599782370631,3.56520097851134,4670,
px4_published,101,0.85,4,denied,outage,True,0.17500117764149348,0.03318029420987955,0.04025839717529895,0.640380612892607,0.6322163542747201,3.3298760310118998,1500,
px4_published,101,0.85,4,denied,after_return,True,0.16432917666950506,0.04334879774680897,0.032327316017421635,0.49613000022328635,0.4854854885272581,3.1596246292891124,1970,
px4_published,101,0.85,4,gps,before_takeoff,True,,,,,,10.611400786663959,300,
px4_published,101,0.85,4,gps,flight,True,0.203426460589618,0.14617076828499603,0.166636080502815,3.1371648890347608,3.1358194681191045,63.887182377329395,4670,
px4_published,101,0.85,4,gps,outage,True,0.21396454762140513,0.1744736127518046,0.17453672334197495,3.271189737267022,3.2701164540401875,62.62628359506558,1500,
px4_published,101,0.85,4,gps,after_return,True,0.21678940798958948,0.11853476872479494,0.171856337055643,3.250987209768678,3.250863915396375,89.43559571132141,1970,
px4_published,101,0.85,4,transition,before_takeoff,True,,,,,,10.611400786663959,300,
px4_published,101,0.85,4,transition,flight,True,0.20868028270075725,0.12559767457880397,0.16658064327294128,3.1281418894948234,3.125846310428685,39.621771884936294,4670,
px4_published,101,0.85,4,transition,outage,True,0.2232455926580057,0.14627353858652978,0.17809679025081884,3.277066242246055,3.2758889807039484,36.531027105412186,1500,
px4_published,101,0.85,4,transition,after_return,True,0.2214551662002877,0.08772220375325808,0.16896638947050158,3.2260203537028835,3.223820992198247,51.7805979937977,1970,
ekf3_published,7,0.6,2,denied,before_takeoff,True,,,,,,6.402672926309647,300,
ekf3_published,7,0.6,2,denied,flight,True,0.11976934051397309,0.05872760609583926,0.02956044199895717,0.3939291652651663,0.3666458959323335,1.6520045595163495,4670,
ekf3_published,7,0.6,2,denied,outage,True,0.09265539479086736,0.040030860345488445,0.02298552487556484,0.5147272009788877,0.4879813047618975,1.1945942605986912,1500,
ekf3_published,7,0.6,2,denied,after_return,True,0.14783070464508802,0.05834665551683317,0.02379907941926218,0.35714968081440585,0.3357384768399109,1.1962708855776292,1970,
ekf3_published,7,0.6,2,gps,before_takeoff,True,,,,,,6.402673003104348,300,
ekf3_published,7,0.6,2,gps,flight,True,0.10123718232520611,0.06088677502600385,0.03578185088239276,0.39516278467124927,0.3672588501224559,2.1409670584293363,4670,
ekf3_published,7,0.6,2,gps,outage,True,0.13851126937138256,0.04267892618143057,0.04104958917565332,0.5004330529952151,0.47162294796799065,1.241658801579476,1500,
ekf3_published,7,0.6,2,gps,after_return,True,0.0654117316533229,0.062024152392435,0.02557674731512218,0.3751357324195052,0.35433153496669695,2.3195490796996308,1970,
ekf3_published,7,0.6,2,transition,before_takeoff,True,,,,,,6.402673003104348,300,
ekf3_published,7,0.6,2,transition,flight,True,0.08531299905376497,0.056537920626884446,0.031525619751661724,0.42553423753689534,0.40020992856135484,2.165370948790272,4670,
ekf3_published,7,0.6,2,transition,outage,True,0.09265539448204925,0.040030860345488445,0.02298552487556484,0.5147268206025165,0.4879808982422265,1.1945942319755523,1500,
ekf3_published,7,0.6,2,transition,after_return,True,0.07244244299934656,0.053020782481966434,0.02912905524820679,0.4340731636811959,0.4161813834112112,2.4132358930963083,1970,
ekf3_published,7,0.6,4,denied,before_takeoff,True,,,,,,6.402672926309647,300,
ekf3_published,7,0.6,4,denied,flight,True,0.07863941310498765,0.05858401912004592,0.03588206581240808,0.6237615863372872,0.611840226426212,1.1334034484085997,4670,
ekf3_published,7,0.6,4,denied,outage,True,0.09559079377701638,0.03915681200847008,0.03273624745007347,0.8825097045525773,0.8734261795650677,0.8955503295711434,1500,
ekf3_published,7,0.6,4,denied,after_return,True,0.056189466264457234,0.05774593674017247,0.02018860288886687,0.2283355577331926,0.20421214826674192,0.9083614776242427,1970,
ekf3_published,7,0.6,4,gps,before_takeoff,True,,,,,,6.402673003104348,300,
ekf3_published,7,0.6,4,gps,flight,True,0.097149099951484,0.05648753037394419,0.039615591173289694,0.7374079328265635,0.7267150726444198,1.9398984183279415,4670,
ekf3_published,7,0.6,4,gps,outage,True,0.09559091439568197,0.03915681200847008,0.03273624745007347,0.8825095160175844,0.8734259891982993,0.8955503419999691,1500,
ekf3_published,7,0.6,4,gps,after_return,True,0.1039404831899277,0.05260859834665812,0.032710546719001594,0.6447200286362457,0.6348655063735429,2.8202048574276204,1970,
ekf3_published,7,0.6,4,transition,before_takeoff,True,,,,,,6.402673003104348,300,
ekf3_published,7,0.6,4,transition,flight,True,0.097149099951484,0.05648753037394419,0.039615591173289694,0.7374079328265635,0.7267150726444198,1.9398984183279415,4670,
ekf3_published,7,0.6,4,transition,outage,True,0.09559091439568197,0.03915681200847008,0.03273624745007347,0.8825095160175844,0.8734259891982993,0.8955503419999691,1500,
ekf3_published,7,0.6,4,transition,after_return,True,0.1039404831899277,0.05260859834665812,0.032710546719001594,0.6447200286362457,0.6348655063735429,2.8202048574276204,1970,
ekf3_published,101,0.85,2,denied,before_takeoff,True,,,,,,6.016240474174889,300,
ekf3_published,101,0.85,2,denied,flight,True,0.05188167951812744,0.04731318425388795,0.035111244835890905,0.43236458879306916,0.41277350534848606,1.4007571233954785,4670,
ekf3_published,101,0.85,2,denied,outage,True,0.03615409202136861,0.04297815863901104,0.03460978565513777,0.534334301277155,0.5167004827218402,1.0217853570737905,1500,
ekf3_published,101,0.85,2,denied,after_return,True,0.04386594030971504,0.04180813838237717,0.024508653572794702,0.30795544961123583,0.2874055589745297,0.9479652231371591,1970,
ekf3_published,101,0.85,2,gps,before_takeoff,True,,,,,,6.016240396054211,300,
ekf3_published,101,0.85,2,gps,flight,True,0.06709750225654788,0.0475038027367822,0.04470470119098572,0.3827294683766914,0.3611523204069452,1.5996855683532627,4670,
ekf3_published,101,0.85,2,gps,outage,True,0.0670926459605664,0.04621643957150601,0.0613632213478338,0.4960305565195438,0.47626632594486934,1.031160264072345,1500,
ekf3_published,101,0.85,2,gps,after_return,True,0.06150489873073357,0.03967072163447497,0.02178046634167775,0.17135318441343939,0.13722018873306174,1.4123984883341552,1970,
ekf3_published,101,0.85,2,transition,before_takeoff,True,,,,,,6.016240396054211,300,
ekf3_published,101,0.85,2,transition,flight,True,0.06783781247271209,0.04627635311294354,0.04845874500673912,0.405295417506843,0.3858590297246686,1.5822315839443015,4670,
ekf3_published,101,0.85,2,transition,outage,True,0.036154123344578515,0.04297815863901104,0.034609868951789545,0.5343344799894265,0.5167006455517742,1.021785341347171,1500,
ekf3_published,101,0.85,2,transition,after_return,True,0.08008327122124304,0.0389856967361108,0.056762473006622426,0.20383961949875287,0.17913395588674375,1.378161065439694,1970,
ekf3_published,101,0.85,4,denied,before_takeoff,True,,,,,,6.016240474174889,300,
ekf3_published,101,0.85,4,denied,flight,True,0.06667669644897398,0.04758174729003327,0.04192638103888264,0.5758000112984855,0.5637856695387388,0.9673947106524057,4670,
ekf3_published,101,0.85,4,denied,outage,True,0.06753986031301223,0.04358071102372395,0.042924265937110684,0.6722142283307967,0.6606935299539106,0.7772754819281926,1500,
ekf3_published,101,0.85,4,denied,after_return,True,0.05444140639401486,0.040670992795848994,0.03458111954023428,0.5464542106502902,0.5386592916747928,0.7378530181219953,1970,
ekf3_published,101,0.85,4,gps,before_takeoff,True,,,,,,6.016240396054211,300,
ekf3_published,101,0.85,4,gps,flight,True,0.09580677753421732,0.046012552897103626,0.04716239349465222,0.605987675521015,0.5928409637168138,1.6024293426636256,4670,
ekf3_published,101,0.85,4,gps,outage,True,0.06753989293704807,0.04358071102372395,0.042924265937110684,0.6722143302557344,0.6606936499008091,0.7772754487796664,1500,
ekf3_published,101,0.85,4,gps,after_return,True,0.11868774932383656,0.03617997616085451,0.04787544434784953,0.6184246443340435,0.6075589167397799,2.2432397433064826,1970,
ekf3_published,101,0.85,4,transition,before_takeoff,True,,,,,,6.016240396054211,300,
ekf3_published,101,0.85,4,transition,flight,True,0.09580677753421732,0.046012552897103626,0.04716239349465222,0.605987675521015,0.5928409637168138,1.6024293426636256,4670,
ekf3_published,101,0.85,4,transition,outage,True,0.06753989293704807,0.04358071102372395,0.042924265937110684,0.6722143302557344,0.6606936499008091,0.7772754487796664,1500,
ekf3_published,101,0.85,4,transition,after_return,True,0.11868774932383656,0.03617997616085451,0.04787544434784953,0.6184246443340435,0.6075589167397799,2.2432397433064826,1970,
px4_sensor_informed,7,0.6,2,denied,before_takeoff,True,,,,,,7.429510624881647,300,
px4_sensor_informed,7,0.6,2,denied,flight,True,0.05360277641133474,0.028057604363015253,0.019089647718666444,0.29846803803656474,0.23614232221011994,11.726858586014941,4670,
px4_sensor_informed,7,0.6,2,denied,outage,True,0.04822571866885405,0.03122411829719936,0.01957236544903888,0.31702645625276565,0.304791788755182,14.407347595189725,1500,
px4_sensor_informed,7,0.6,2,denied,after_return,True,0.0671423494983308,0.02411244968566549,0.01115683100066355,0.0935593679404294,0.08398509421088851,10.206414617353865,1970,
px4_sensor_informed,7,0.6,2,gps,before_takeoff,True,,,,,,17.090626258859526,300,
px4_sensor_informed,7,0.6,2,gps,flight,True,0.1530663595827289,0.05482986621608312,0.10360621213157196,2.695956694642095,2.6844003145717106,841.5974409450304,4670,
px4_sensor_informed,7,0.6,2,gps,outage,True,0.16448438007218052,0.049516434423540985,0.1095918757767088,2.6932187243652557,2.689979813092021,828.3549551874722,1500,
px4_sensor_informed,7,0.6,2,gps,after_return,True,0.15207027986516328,0.058787971099669906,0.09375539590018762,2.361044655683942,2.3612486235033128,1170.3929733080138,1970,
px4_sensor_informed,7,0.6,2,transition,before_takeoff,True,,,,,,17.090626258859526,300,
px4_sensor_informed,7,0.6,2,transition,flight,True,0.21856009351660538,0.05847311282139486,0.1078998091957916,2.7611559703943693,2.7484015836166034,522.1845258928706,4670,
px4_sensor_informed,7,0.6,2,transition,outage,True,0.2885057348812193,0.06237094625604937,0.11998173527549048,2.8605069782056036,2.853522860695871,515.7822813050294,1500,
px4_sensor_informed,7,0.6,2,transition,after_return,True,0.1954153619561044,0.05785663688970781,0.09557840720351092,2.390367455945573,2.390115829459656,651.2203344319531,1970,
px4_sensor_informed,7,0.6,4,denied,before_takeoff,True,,,,,,7.429510624881647,300,
px4_sensor_informed,7,0.6,4,denied,flight,True,0.07159850133370665,0.0284471494450877,0.024272195462189953,0.3157185840483028,0.24225805105971868,12.326175108679976,4670,
px4_sensor_informed,7,0.6,4,denied,outage,True,0.05070136561624174,0.03196647058670745,0.025002611789708855,0.32841999662759347,0.3078408147289552,14.9508975633833,1500,
px4_sensor_informed,7,0.6,4,denied,after_return,True,0.0935659924014155,0.022481088957235242,0.014417478871893303,0.09029625163695783,0.07107296592433875,10.85059177282145,1970,
px4_sensor_informed,7,0.6,4,gps,before_takeoff,True,,,,,,17.090626258859526,300,
px4_sensor_informed,7,0.6,4,gps,flight,True,0.15189552248458174,0.056999228719658755,0.10702863295555257,2.712884972934934,2.682279101324899,855.9125932370074,4670,
px4_sensor_informed,7,0.6,4,gps,outage,True,0.16420307709075385,0.05156797679499523,0.11162354204332242,2.719367328424746,2.709685075705048,846.1404043929047,1500,
px4_sensor_informed,7,0.6,4,gps,after_return,True,0.15205120732758615,0.05969762180734779,0.09450641330197443,2.367303518317672,2.3667641301744218,1178.2738329314088,1970,
px4_sensor_informed,7,0.6,4,transition,before_takeoff,True,,,,,,17.090626258859526,300,
px4_sensor_informed,7,0.6,4,transition,flight,True,0.26756372343849,0.06242802388584438,0.11341175501620823,2.7998364703810594,2.768085175937535,540.1004967963571,4670,
px4_sensor_informed,7,0.6,4,transition,outage,True,0.37808214649367833,0.06884208661025731,0.1280828419717596,2.938205460960335,2.923937309494356,541.552257356589,1500,
px4_sensor_informed,7,0.6,4,transition,after_return,True,0.22394084451587043,0.05939222904766245,0.09632804771473039,2.4087349384020245,2.4073522940443124,661.557917105472,1970,
px4_sensor_informed,101,0.85,2,denied,before_takeoff,True,,,,,,15.422759985140635,300,
px4_sensor_informed,101,0.85,2,denied,flight,True,0.07332339721001231,0.12839200052843253,0.02410497783288303,0.2370692517162711,0.12512585283765135,60.190924924616716,4670,
px4_sensor_informed,101,0.85,2,denied,outage,True,0.060184944946521685,0.13536757910331287,0.02256006291927278,0.21150252262434582,0.11799198404162532,70.98980315947533,1500,
px4_sensor_informed,101,0.85,2,denied,after_return,True,0.08747699973649505,0.1325343474620353,0.017406221848820135,0.1358426766758773,0.12038227047888335,66.5845876004322,1970,
px4_sensor_informed,101,0.85,2,gps,before_takeoff,True,,,,,,14.903941767592423,300,
px4_sensor_informed,101,0.85,2,gps,flight,True,0.21802249114531708,0.10966755360832445,0.18506414193421666,3.52484205240861,3.5187887782489224,2706.474187756536,4670,
px4_sensor_informed,101,0.85,2,gps,outage,True,0.22108551302171764,0.11557407475835574,0.19240922852296205,3.5431467319303556,3.54076402064798,2617.562350009034,1500,
px4_sensor_informed,101,0.85,2,gps,after_return,True,0.22547496500357936,0.11433793142103203,0.17700042311075692,3.319086445016395,3.3193216990125505,3908.7234484419896,1970,
px4_sensor_informed,101,0.85,2,transition,before_takeoff,True,,,,,,14.903941767592423,300,
px4_sensor_informed,101,0.85,2,transition,flight,True,0.2426072673028107,0.10973562258205227,0.18909296352001678,3.615060077184783,3.6089799558560505,1749.7496762946396,4670,
px4_sensor_informed,101,0.85,2,transition,outage,True,0.29062722100691135,0.11458391209702318,0.19904995661764424,3.6705578164838952,3.669617977947051,1624.1913611240689,1500,
px4_sensor_informed,101,0.85,2,transition,after_return,True,0.22530524524220952,0.1152353206940856,0.181443897661976,3.4410395053462524,3.439739410499335,2397.182107982325,1970,
px4_sensor_informed,101,0.85,4,denied,before_takeoff,True,,,,,,15.422759985140635,300,
px4_sensor_informed,101,0.85,4,denied,flight,True,0.10746076650684427,0.12684971739514453,0.030160509145718172,0.29936413743245127,0.215158791868209,59.04320847691567,4670,
px4_sensor_informed,101,0.85,4,denied,outage,True,0.09373941753689324,0.13439487449381515,0.02670546031281652,0.26254725583723265,0.1870936988260506,69.18678010774596,1500,
px4_sensor_informed,101,0.85,4,denied,after_return,True,0.11701416302180823,0.13072715001220098,0.02198450828496885,0.20877993852940166,0.19576704942938322,65.09381594392406,1970,
px4_sensor_informed,101,0.85,4,gps,before_takeoff,True,,,,,,14.903941767592423,300,
px4_sensor_informed,101,0.85,4,gps,flight,True,0.22067631465203016,0.061023098516978486,0.18754549089964534,3.328897420272858,3.3196732314186925,2450.142909170525,4670,
px4_sensor_informed,101,0.85,4,gps,outage,True,0.22047815348918076,0.06615327837917406,0.1925649521396124,3.4944672646495323,3.4865387225598012,2279.347307611005,1500,
px4_sensor_informed,101,0.85,4,gps,after_return,True,0.22679496765415674,0.060298508339499984,0.17733760058614595,3.3241101495224834,3.32332430936397,3718.639491332108,1970,
px4_sensor_informed,101,0.85,4,transition,before_takeoff,True,,,,,,14.903941767592423,300,
px4_sensor_informed,101,0.85,4,transition,flight,True,0.28713823567624985,0.061446449987856935,0.19265094211145178,3.417982415831635,3.4083539443783244,1482.831535169716,4670,
px4_sensor_informed,101,0.85,4,transition,outage,True,0.3946563659352324,0.06596133704836749,0.20321623222867966,3.6202245198417176,3.6149391421728976,1292.3282137228307,1500,
px4_sensor_informed,101,0.85,4,transition,after_return,True,0.22448153791389017,0.061455437582980596,0.18124146074585326,3.433820429193053,3.4296834535887317,2177.161351069119,1970,
ekf3_sensor_informed,7,0.6,2,denied,before_takeoff,True,,,,,,16.239470586996323,300,
ekf3_sensor_informed,7,0.6,2,denied,flight,True,0.0851277273213826,0.07551798698798622,0.06694156872347556,0.25588930720594116,0.18872846180485545,20.854608842812393,4670,
ekf3_sensor_informed,7,0.6,2,denied,outage,True,0.08655505381567365,0.08962431511593268,0.07318197145191598,0.20278368490870163,0.07217990327612933,20.686426785897446,1500,
ekf3_sensor_informed,7,0.6,2,denied,after_return,True,0.0742922978845144,0.06627036539811743,0.05786758991436812,0.3026025417347568,0.2529608386068028,19.48435975600512,1970,
ekf3_sensor_informed,7,0.6,2,gps,before_takeoff,True,,,,,,17.881922191002012,300,
ekf3_sensor_informed,7,0.6,2,gps,flight,True,0.046022910012233055,0.050587606921848376,0.03722459029367256,0.33380512934846923,0.2659774362627638,26.824596293027493,4670,
ekf3_sensor_informed,7,0.6,2,gps,outage,True,0.040379330929139944,0.04661485499995325,0.04064975442540377,0.284753594488256,0.19629742062567906,22.923245362342772,1500,
ekf3_sensor_informed,7,0.6,2,gps,after_return,True,0.04899605151932677,0.0568768812436125,0.03289721649455335,0.4293937186715288,0.36160724288160445,32.74189516194408,1970,
ekf3_sensor_informed,7,0.6,2,transition,before_takeoff,True,,,,,,17.881922191002012,300,
ekf3_sensor_informed,7,0.6,2,transition,flight,True,0.05124713893910033,0.05937521432556771,0.05023446248293033,0.47308357097257087,0.4021689437235968,28.021070820616146,4670,
ekf3_sensor_informed,7,0.6,2,transition,outage,True,0.03863434493824684,0.07294624404313083,0.06814156711792425,0.3489023297521009,0.2785693524806108,20.677995971697772,1500,
ekf3_sensor_informed,7,0.6,2,transition,after_return,True,0.06081282546222193,0.05607718787528491,0.038897004493136975,0.6465222098161241,0.5615148442734466,37.28778862885092,1970,
ekf3_sensor_informed,7,0.6,4,denied,before_takeoff,True,,,,,,16.239470586996323,300,
ekf3_sensor_informed,7,0.6,4,denied,flight,True,0.14754987035378805,0.07379201486711404,0.0745370858534476,0.8513537584723884,0.8448357188003702,11.990236351641155,4670,
ekf3_sensor_informed,7,0.6,4,denied,outage,True,0.16151936861884103,0.08687093990512593,0.07877191230402784,0.9479416739362219,0.9436915918482424,9.269672198467333,1500,
ekf3_sensor_informed,7,0.6,4,denied,after_return,True,0.11993800238870177,0.06518860322172887,0.059570710540457344,0.6443560631343302,0.6387690376220578,14.194414645111296,1970,
ekf3_sensor_informed,7,0.6,4,gps,before_takeoff,True,,,,,,17.881922191002012,300,
ekf3_sensor_informed,7,0.6,4,gps,flight,True,0.05803837738100824,0.0513404620315087,0.03860046174081031,0.5606930598923798,0.5282910460591338,34.46509230498197,4670,
ekf3_sensor_informed,7,0.6,4,gps,outage,True,0.04550055829010219,0.046262883899154686,0.03674258138334108,0.41504791116781153,0.3845179322879799,21.816059001248156,1500,
ekf3_sensor_informed,7,0.6,4,gps,after_return,True,0.06492644487437836,0.056612160840229374,0.03951467271577592,0.7025176182353722,0.6633690230383271,54.557818662397096,1970,
ekf3_sensor_informed,7,0.6,4,transition,before_takeoff,True,,,,,,17.881922191002012,300,
ekf3_sensor_informed,7,0.6,4,transition,flight,True,0.07396934524009054,0.05471078847586955,0.046827426175597,0.593818811515589,0.5652071958189516,29.479962980359836,4670,
ekf3_sensor_informed,7,0.6,4,transition,outage,True,0.06530159167425398,0.0587303396891249,0.05277535840319625,0.32594173050917885,0.3006700631309424,17.11335937462494,1500,
ekf3_sensor_informed,7,0.6,4,transition,after_return,True,0.08667191464828741,0.05534566116688824,0.04622339390020044,0.7955656128253691,0.7602705611734554,46.321014344604954,1970,
ekf3_sensor_informed,101,0.85,2,denied,before_takeoff,True,,,,,,15.56072276393922,300,
ekf3_sensor_informed,101,0.85,2,denied,flight,True,0.16704589502411213,0.06153405842820936,0.06285179205941556,0.24832669192513088,0.21088516881628325,16.565144098429,4670,
ekf3_sensor_informed,101,0.85,2,denied,outage,True,0.1621308359285459,0.06417879260316448,0.04800056607982833,0.2228038794433351,0.17203435415200902,18.507315955355214,1500,
ekf3_sensor_informed,101,0.85,2,denied,after_return,True,0.18295723678713463,0.07136509801716803,0.07010578598184909,0.2646069851422039,0.23538890551998531,12.996359877295323,1970,
ekf3_sensor_informed,101,0.85,2,gps,before_takeoff,True,,,,,,,,Matrix is not positive definite
ekf3_sensor_informed,101,0.85,2,gps,flight,True,2.5534278454102126,0.10333677457214224,1.2931075098151859,0.8911636090274174,0.6943415656740937,,,Matrix is not positive definite
ekf3_sensor_informed,101,0.85,2,gps,outage,True,0.8787558718863936,0.09381613791525067,0.29424853373228826,0.4272289185694116,0.16692218335266992,,,Matrix is not positive definite
ekf3_sensor_informed,101,0.85,2,gps,after_return,True,3.8391090969214825,0.1330690473213061,1.9656137388443289,1.3082532863214824,1.0495388688871767,,,Matrix is not positive definite
ekf3_sensor_informed,101,0.85,2,transition,before_takeoff,True,,,,,,,,Matrix is not positive definite
ekf3_sensor_informed,101,0.85,2,transition,flight,True,0.18250207553642014,0.07701876678070452,0.08254198191041748,0.6403252775815802,0.41213015178446283,,,Matrix is not positive definite
ekf3_sensor_informed,101,0.85,2,transition,outage,True,0.29931464290171667,0.11717371553950713,0.1306368057227912,0.2084457375958972,0.18444042316667217,,,Matrix is not positive definite
ekf3_sensor_informed,101,0.85,2,transition,after_return,True,0.08373622885688299,0.053448160585748875,0.04782241991758033,0.9555448596772648,0.6025834955777725,,,Matrix is not positive definite
ekf3_sensor_informed,101,0.85,4,denied,before_takeoff,True,,,,,,15.56072276393922,300,
ekf3_sensor_informed,101,0.85,4,denied,flight,True,0.1763237065739687,0.06043329965859805,0.06578732280251604,0.6394497277538874,0.6299022600857795,8.44377760984425,4670,
ekf3_sensor_informed,101,0.85,4,denied,outage,True,0.17967160280107186,0.06336672449585297,0.0563143291306534,0.5728565330912931,0.5601251540440148,8.72531984128869,1500,
ekf3_sensor_informed,101,0.85,4,denied,after_return,True,0.1802828953253738,0.06980848587385347,0.06484135172152936,0.5638892629591523,0.556429289609893,7.902673234948782,1970,
ekf3_sensor_informed,101,0.85,4,gps,before_takeoff,True,,,,,,,,Matrix is not positive definite
ekf3_sensor_informed,101,0.85,4,gps,flight,False,1.2257922412920765,0.05197655753784315,0.23166801753939617,0.7902415733464541,0.7246313090229939,,,Matrix is not positive definite
ekf3_sensor_informed,101,0.85,4,gps,outage,True,1.3020220114548908,0.056268290537388826,0.34287047949034366,0.7069836032499683,0.6300686130313594,,,Matrix is not positive definite
ekf3_sensor_informed,101,0.85,4,gps,after_return,False,1.5016840634996587,0.05522975932411801,0.18884577676105693,0.8478693942274882,0.7540788752548355,,,Matrix is not positive definite
ekf3_sensor_informed,101,0.85,4,transition,before_takeoff,True,,,,,,,,Matrix is not positive definite
ekf3_sensor_informed,101,0.85,4,transition,flight,True,0.1521633173321583,0.07732551858845878,0.08118332964080993,0.7195607073111187,0.7015792012838763,,,Matrix is not positive definite
ekf3_sensor_informed,101,0.85,4,transition,outage,True,0.22853711895125436,0.11681736354954546,0.11683761168236867,0.8161684508525259,0.7950929777464476,,,Matrix is not positive definite
ekf3_sensor_informed,101,0.85,4,transition,after_return,True,0.10348278419358867,0.05378407403683734,0.05438877003027861,0.5859824690671266,0.5612342099341925,,,Matrix is not positive definite
