estimator,seed,frequency,climb_height_m,scenario,explicit_exposure,window,horizontal_position_rmse_m,vertical_position_rmse_m,velocity_3d_rmse_m_s,attitude_rmse_deg,yaw_rmse_deg,output_sha256
horizon-dense,7,0.6,2,denied,False,flight,0.2319155008763654,0.07077099852016748,0.11297543028957556,0.7170434812287503,0.6645683097781477,b44f605c9f6ca8ae3739f68afea3dc6c9f5eb9c95304f3910edc95c87844663d
horizon-dense,7,0.6,2,denied,False,outage_window,0.2769519049790323,0.08797822675992771,0.10074209423620069,0.6493882401361173,0.5979726631047249,b44f605c9f6ca8ae3739f68afea3dc6c9f5eb9c95304f3910edc95c87844663d
horizon-dense,7,0.6,2,denied,False,after_return,0.22682743505980787,0.06380020861216976,0.13837051451254295,0.1605822964662937,0.1362283669686519,b44f605c9f6ca8ae3739f68afea3dc6c9f5eb9c95304f3910edc95c87844663d
horizon-dense,7,0.6,2,denied,True,flight,0.04550370495682623,0.07117301747969708,0.016322839746646663,0.2637833056439201,0.2500876703808431,fc778f8f803cf7bb81d3fd2eae7e3e724779c073734cfb35197769fbb30c0f51
horizon-dense,7,0.6,2,denied,True,outage_window,0.03536069002652886,0.06343952272248146,0.009192040667913718,0.06611853985672038,0.05131866105311748,fc778f8f803cf7bb81d3fd2eae7e3e724779c073734cfb35197769fbb30c0f51
horizon-dense,7,0.6,2,denied,True,after_return,0.0535991323598124,0.0827454104111521,0.017475467880415572,0.0705921783767087,0.06613324839274042,fc778f8f803cf7bb81d3fd2eae7e3e724779c073734cfb35197769fbb30c0f51
horizon-dense,7,0.6,2,gps,False,flight,0.09106714014507566,0.06770018869466318,0.04852097569008933,0.4262271980845104,0.40697419038486066,9b8c4a12ec4b1fca1bd811523e6a00f15dc67c1aa4219dbf8a55097eae0d45ab
horizon-dense,7,0.6,2,gps,False,outage_window,0.08831062042417617,0.06531282632219135,0.05467891939754652,0.45707207773977515,0.444555905334822,9b8c4a12ec4b1fca1bd811523e6a00f15dc67c1aa4219dbf8a55097eae0d45ab
horizon-dense,7,0.6,2,gps,False,after_return,0.08446123601309881,0.07789822438785803,0.049880837787294054,0.3096333780630417,0.2998176641412143,9b8c4a12ec4b1fca1bd811523e6a00f15dc67c1aa4219dbf8a55097eae0d45ab
horizon-dense,7,0.6,2,gps,True,flight,0.02878971916888441,0.068559138067265,0.01028745860802437,0.21187411545951323,0.1993623774424349,31785afaefc765b86b00d32c2286cc78faf14f332f164de268db2c5e4658488e
horizon-dense,7,0.6,2,gps,True,outage_window,0.024566742505953948,0.06358758582341847,0.00818067237158085,0.10038652299598029,0.09146170875742264,31785afaefc765b86b00d32c2286cc78faf14f332f164de268db2c5e4658488e
horizon-dense,7,0.6,2,gps,True,after_return,0.035079815323868994,0.079909773252204,0.011228953666239687,0.05682580354602942,0.05359383243024361,31785afaefc765b86b00d32c2286cc78faf14f332f164de268db2c5e4658488e
horizon-dense,7,0.6,2,transition,False,flight,0.10836819328372498,0.07504728314755421,0.05965858903453159,0.3636042582598995,0.34205906541185044,37179cc8fe85b9c5ff3be21cee2493e3e20343082818049219dfc0345fdb9883
horizon-dense,7,0.6,2,transition,False,outage_window,0.13215554186095937,0.08745269649166186,0.08178474469820726,0.32490859927350996,0.30850512240402955,37179cc8fe85b9c5ff3be21cee2493e3e20343082818049219dfc0345fdb9883
horizon-dense,7,0.6,2,transition,False,after_return,0.08940076215250156,0.07743453850988324,0.05045100478526646,0.23906089045486995,0.22905481469265054,37179cc8fe85b9c5ff3be21cee2493e3e20343082818049219dfc0345fdb9883
horizon-dense,7,0.6,2,transition,True,flight,0.03411328833703738,0.06982819408919916,0.010147454947813491,0.20957709711944753,0.19650217070633605,c41d94d5adf6da1cfa24c20fd2fd4a03037f63447adc553a7d42f6f9c86d5399
horizon-dense,7,0.6,2,transition,True,outage_window,0.029513855158511997,0.0682095375927919,0.007655244569373143,0.06910549922027973,0.0557751225409893,c41d94d5adf6da1cfa24c20fd2fd4a03037f63447adc553a7d42f6f9c86d5399
horizon-dense,7,0.6,2,transition,True,after_return,0.0426248441415224,0.0796329825002572,0.011207435540012743,0.07021818990884221,0.06443823266834695,c41d94d5adf6da1cfa24c20fd2fd4a03037f63447adc553a7d42f6f9c86d5399
horizon-dense,7,0.6,4,denied,False,flight,0.1394525917084511,0.06633073881352597,0.07102558525719066,0.523407136430923,0.47998573546469614,aeb01ada6289e4fd496dc8687413f039c6276c3852f97887d228840c8d893de5
horizon-dense,7,0.6,4,denied,False,outage_window,0.14907704756047654,0.07422036769401198,0.06838239293880916,0.32107643062776126,0.2980187691827502,aeb01ada6289e4fd496dc8687413f039c6276c3852f97887d228840c8d893de5
horizon-dense,7,0.6,4,denied,False,after_return,0.12581359277571502,0.06951208913523613,0.08043464488247755,0.11351773992723176,0.09645801423196054,aeb01ada6289e4fd496dc8687413f039c6276c3852f97887d228840c8d893de5
horizon-dense,7,0.6,4,denied,True,flight,0.04215412583772447,0.07062225131581473,0.01604613717874596,0.2630775625855881,0.24918395924076026,fc3f66522349ae7a4587f477d45729340c734b885d1ead0f85086dd5388778f6
horizon-dense,7,0.6,4,denied,True,outage_window,0.03203827080564578,0.061714351270045806,0.011512930873874547,0.06339587473424486,0.047703942661666505,fc3f66522349ae7a4587f477d45729340c734b885d1ead0f85086dd5388778f6
horizon-dense,7,0.6,4,denied,True,after_return,0.04899505905687785,0.08289168547477818,0.015647617120405685,0.07385867347452472,0.0698521067977861,fc3f66522349ae7a4587f477d45729340c734b885d1ead0f85086dd5388778f6
horizon-dense,7,0.6,4,gps,False,flight,0.06524274493981637,0.06792701505481435,0.032181828812236295,0.3481176442863152,0.32933295900371234,7aab5ec68f7dfb261b2f8901557b854b6a1b55d43a1686021a558fab4fd80567
horizon-dense,7,0.6,4,gps,False,outage_window,0.061680076113633096,0.06458556938168286,0.033647524509118266,0.2665452694576923,0.2587813547863337,7aab5ec68f7dfb261b2f8901557b854b6a1b55d43a1686021a558fab4fd80567
horizon-dense,7,0.6,4,gps,False,after_return,0.06738539145078605,0.07878487178523846,0.03302876046466344,0.1611378989641399,0.15596437513880299,7aab5ec68f7dfb261b2f8901557b854b6a1b55d43a1686021a558fab4fd80567
horizon-dense,7,0.6,4,gps,True,flight,0.026830172711173373,0.06847241241677678,0.010940326756437453,0.2366159448499601,0.22276154624144223,ceb1cb940427fb47e175ede5e9f8d3df4cea7275be06354eb11ee9cf8b101e66
horizon-dense,7,0.6,4,gps,True,outage_window,0.022795843458673273,0.06341298466354402,0.008099019661710364,0.1023040798065556,0.09355114085248395,ceb1cb940427fb47e175ede5e9f8d3df4cea7275be06354eb11ee9cf8b101e66
horizon-dense,7,0.6,4,gps,True,after_return,0.0318214756545365,0.07987874662128541,0.011091620510667916,0.05664736320018133,0.05361203998461808,ceb1cb940427fb47e175ede5e9f8d3df4cea7275be06354eb11ee9cf8b101e66
horizon-dense,7,0.6,4,transition,False,flight,0.09273334679457114,0.07259703276493557,0.042550541189234736,0.31880612264331143,0.29798334821377365,aa55999dd5a032a72e73fe7c95648829b5811c8fdc8c858886a415b52e5a597d
horizon-dense,7,0.6,4,transition,False,outage_window,0.1287211540323407,0.07937428590119308,0.05928804968128641,0.17549737634273008,0.161740559961362,aa55999dd5a032a72e73fe7c95648829b5811c8fdc8c858886a415b52e5a597d
horizon-dense,7,0.6,4,transition,False,after_return,0.07192342543625675,0.0784379175907819,0.033536184603948097,0.10105254895699882,0.09335595897507977,aa55999dd5a032a72e73fe7c95648829b5811c8fdc8c858886a415b52e5a597d
horizon-dense,7,0.6,4,transition,True,flight,0.03111189705725876,0.06941682084069371,0.010857615540013838,0.23425029045597967,0.21992633239802267,5f4cad466d0c130a31fd6837191a42a7a62fb1479555c3297f65aba55967a357
horizon-dense,7,0.6,4,transition,True,outage_window,0.02526636766453332,0.06703175742652744,0.007748458192426211,0.07172233517046321,0.05894669678411515,5f4cad466d0c130a31fd6837191a42a7a62fb1479555c3297f65aba55967a357
horizon-dense,7,0.6,4,transition,True,after_return,0.03881453725363288,0.07957765121311504,0.011088452833225536,0.0676961325709424,0.06231017747356947,5f4cad466d0c130a31fd6837191a42a7a62fb1479555c3297f65aba55967a357
horizon-dense,101,0.85,2,denied,False,flight,132.26117140724165,0.08973491608467839,0.21152701612313626,1.6824148482471524,1.5633330893999662,f06e22a8586bd008a81aedbeb54b65b085af3d14176d5aaa9cccdef84073073e
horizon-dense,101,0.85,2,denied,False,outage_window,28.608475290536575,0.09216301445137982,0.23733026742303212,2.0888721162691177,1.9392915742438162,f06e22a8586bd008a81aedbeb54b65b085af3d14176d5aaa9cccdef84073073e
horizon-dense,101,0.85,2,denied,False,after_return,201.232801866592,0.09961583099949702,0.21320691471236358,1.3625551999894758,1.2701818908828408,f06e22a8586bd008a81aedbeb54b65b085af3d14176d5aaa9cccdef84073073e
horizon-dense,101,0.85,2,denied,True,flight,0.027807924726659522,0.06357099758971985,0.018939909639082136,0.20153162547378656,0.17946043580332657,5153635743a5ac81833ebab35d203987bb978b5a5c7b112373431bfd820a9fc7
horizon-dense,101,0.85,2,denied,True,outage_window,0.019633981553837096,0.058726810574325855,0.011662891529495548,0.08963757370016417,0.0799163989989942,5153635743a5ac81833ebab35d203987bb978b5a5c7b112373431bfd820a9fc7
horizon-dense,101,0.85,2,denied,True,after_return,0.031088418023639094,0.0776746747482175,0.020769171094234873,0.03864689603233597,0.029162535928825124,5153635743a5ac81833ebab35d203987bb978b5a5c7b112373431bfd820a9fc7
horizon-dense,101,0.85,2,gps,False,flight,0.16490941689666033,0.05630021646275618,0.05109792683647193,0.1629016422199983,0.14975788981035323,daadc4ec36ae7c7566d977455ee6761cdad4a44f5939138dec771e45bd11aa8f
horizon-dense,101,0.85,2,gps,False,outage_window,0.13990754022662133,0.05624481771300225,0.047199529240548196,0.05947089088800714,0.042746066490869136,daadc4ec36ae7c7566d977455ee6761cdad4a44f5939138dec771e45bd11aa8f
horizon-dense,101,0.85,2,gps,False,after_return,0.1698455093315585,0.0646133664377519,0.05319997343201215,0.06392725649499605,0.0531058181736098,daadc4ec36ae7c7566d977455ee6761cdad4a44f5939138dec771e45bd11aa8f
horizon-dense,101,0.85,2,gps,True,flight,0.02208417637801205,0.05564910332443382,0.009403951594233451,0.1001402150092422,0.09149802547801297,d745c6def51945693d27580e928fb69e01cd9155f39737214a6a0ab4b460498d
horizon-dense,101,0.85,2,gps,True,outage_window,0.022603716321742406,0.055927576511122123,0.010059447370768483,0.06785751597001606,0.06504198306865276,d745c6def51945693d27580e928fb69e01cd9155f39737214a6a0ab4b460498d
horizon-dense,101,0.85,2,gps,True,after_return,0.014690110728620191,0.06463583416523314,0.009512183001182506,0.05375720487795357,0.05106402935021024,d745c6def51945693d27580e928fb69e01cd9155f39737214a6a0ab4b460498d
horizon-dense,101,0.85,2,transition,False,flight,0.40540519935602093,0.06619263738500512,0.09385092391003243,0.29410011275184256,0.2655618110651464,fd720869c9c0dc8354db1c01012ad32303488ec0b23f67e9a64202c32afa2e8e
horizon-dense,101,0.85,2,transition,False,outage_window,0.6754076182859357,0.0816111637891454,0.12828010994744293,0.24801105264061737,0.2097058873300182,fd720869c9c0dc8354db1c01012ad32303488ec0b23f67e9a64202c32afa2e8e
horizon-dense,101,0.85,2,transition,False,after_return,0.154007822843438,0.0663311749170125,0.08198895473265737,0.318603689731602,0.29022922929570877,fd720869c9c0dc8354db1c01012ad32303488ec0b23f67e9a64202c32afa2e8e
horizon-dense,101,0.85,2,transition,True,flight,0.031780766772813863,0.05745866574268991,0.008691371665549405,0.08979010207323933,0.0802089385691001,3f1223bbf352be14ec4e9f75e0d6f4037c82bd280e2a5a1cb91b319ea6e8b682
horizon-dense,101,0.85,2,transition,True,outage_window,0.0359343860052362,0.060214594675411966,0.007991134017593356,0.03444837406434597,0.028866305035805402,3f1223bbf352be14ec4e9f75e0d6f4037c82bd280e2a5a1cb91b319ea6e8b682
horizon-dense,101,0.85,2,transition,True,after_return,0.029290869841653265,0.06546259195274895,0.00939045065826696,0.02887335328773007,0.024498106371852853,3f1223bbf352be14ec4e9f75e0d6f4037c82bd280e2a5a1cb91b319ea6e8b682
horizon-dense,101,0.85,4,denied,False,flight,25.725409962329437,0.0779685994715988,0.2115974314737597,2.501315739484022,2.3166293703409284,3eb649631753ec225da44ca22409675373ee02360610a833f68210654088e61b
horizon-dense,101,0.85,4,denied,False,outage_window,1.2442475086152127,0.07476307879009737,0.22644096650973172,2.8463685955331592,2.6440977343423184,3eb649631753ec225da44ca22409675373ee02360610a833f68210654088e61b
horizon-dense,101,0.85,4,denied,False,after_return,39.419835826213884,0.08824344205743684,0.22853312916226173,2.6477439670575795,2.444940150383732,3eb649631753ec225da44ca22409675373ee02360610a833f68210654088e61b
horizon-dense,101,0.85,4,denied,True,flight,0.035605908756666485,0.0632932847226172,0.018645325758393342,0.20677977770583508,0.18484959089897246,e216f99737b54b222fb34e2c8c7944b8bf3610ea733d5dd2e6e0d198dce6e9b4
horizon-dense,101,0.85,4,denied,True,outage_window,0.028273744524788993,0.059215566757044626,0.01211001465895708,0.09636317317554667,0.0869206677906573,e216f99737b54b222fb34e2c8c7944b8bf3610ea733d5dd2e6e0d198dce6e9b4
horizon-dense,101,0.85,4,denied,True,after_return,0.039865224327779,0.07693578907811639,0.019518722666391545,0.0412880347428994,0.03253901405378953,e216f99737b54b222fb34e2c8c7944b8bf3610ea733d5dd2e6e0d198dce6e9b4
horizon-dense,101,0.85,4,gps,False,flight,0.09512423484008009,0.05661857114224467,0.04246034984283739,0.13681103420401614,0.12353421786506756,915b36c332a190a3e15136dbffb42faaa5c011169b2f7b07780a638a4f96cfc9
horizon-dense,101,0.85,4,gps,False,outage_window,0.0902593837495466,0.05647242215219182,0.04511975784630115,0.10446499224803124,0.08867608027329323,915b36c332a190a3e15136dbffb42faaa5c011169b2f7b07780a638a4f96cfc9
horizon-dense,101,0.85,4,gps,False,after_return,0.07760064432653217,0.06537195237993841,0.04131970981180282,0.05720202683596971,0.03768097157675631,915b36c332a190a3e15136dbffb42faaa5c011169b2f7b07780a638a4f96cfc9
horizon-dense,101,0.85,4,gps,True,flight,0.02027168124682076,0.05551134284892378,0.00937610508157413,0.11365264675574092,0.1051809012712656,effec5597aa3db6cc59852b5d947f76baab1094e6e41ef0950dac40289438631
horizon-dense,101,0.85,4,gps,True,outage_window,0.020218905104600254,0.055889961174655674,0.010028577533126491,0.0663750109704978,0.06332498842850239,effec5597aa3db6cc59852b5d947f76baab1094e6e41ef0950dac40289438631
horizon-dense,101,0.85,4,gps,True,after_return,0.013706847838664304,0.06443611203171898,0.00919271894190434,0.051072795462990095,0.048090212630786215,effec5597aa3db6cc59852b5d947f76baab1094e6e41ef0950dac40289438631
horizon-dense,101,0.85,4,transition,False,flight,0.1357421037469339,0.05734312999044945,0.05619315344552056,0.1589115103619721,0.14297682640509324,9d571f6bca8a5495198b14757c8c7174a37e04d8f532fc93e50a97d224554d8b
horizon-dense,101,0.85,4,transition,False,outage_window,0.19341781874475109,0.05830503414826035,0.07713811959745963,0.15634832262173756,0.1342511951013488,9d571f6bca8a5495198b14757c8c7174a37e04d8f532fc93e50a97d224554d8b
horizon-dense,101,0.85,4,transition,False,after_return,0.0781712203948333,0.06564890976960462,0.0442176468660657,0.0920969901530438,0.07730994610258365,9d571f6bca8a5495198b14757c8c7174a37e04d8f532fc93e50a97d224554d8b
horizon-dense,101,0.85,4,transition,True,flight,0.0310228508004381,0.05748899136641576,0.008882811624062908,0.10524710181220058,0.09637190587722702,24c8de7d15207399a71273ad71886f956e07beeb1f39b1ab2d46a20e577ae36a
horizon-dense,101,0.85,4,transition,True,outage_window,0.03454591597964591,0.06061885152684096,0.0084134661854693,0.032368529969677366,0.027576814356089475,24c8de7d15207399a71273ad71886f956e07beeb1f39b1ab2d46a20e577ae36a
horizon-dense,101,0.85,4,transition,True,after_return,0.02992297835428766,0.06529900918539912,0.009256299873613353,0.028336147630193376,0.0240307290955037,24c8de7d15207399a71273ad71886f956e07beeb1f39b1ab2d46a20e577ae36a
retrodiction-dense,7,0.6,2,denied,False,flight,0.23624202427047813,0.06680240158389116,0.11166748458788804,0.6483021604439994,0.5990187918777193,335d24058a387d5c982c02c745db0d4bc8c282ecbc973eacef7cfa98e8107986
retrodiction-dense,7,0.6,2,denied,False,outage_window,0.26914474862344506,0.08056479327556146,0.09682484356255804,0.6827370873931919,0.6275050353705349,335d24058a387d5c982c02c745db0d4bc8c282ecbc973eacef7cfa98e8107986
retrodiction-dense,7,0.6,2,denied,False,after_return,0.24860317949320873,0.06048764937011597,0.1386346823509437,0.1595565423971733,0.1339466691061091,335d24058a387d5c982c02c745db0d4bc8c282ecbc973eacef7cfa98e8107986
retrodiction-dense,7,0.6,2,denied,True,flight,0.04926230895660374,0.06712735259194424,0.022494584631145828,0.2971351866002112,0.27767382299995247,c33b41dd304cfc02d67904fce136f5c80df370f0dc8ab5ffdaac30d599c1ec41
retrodiction-dense,7,0.6,2,denied,True,outage_window,0.03795955702644281,0.06270913417993258,0.015946959697210102,0.06892614716413675,0.05066923758959473,c33b41dd304cfc02d67904fce136f5c80df370f0dc8ab5ffdaac30d599c1ec41
retrodiction-dense,7,0.6,2,denied,True,after_return,0.05113176507374528,0.0739362422383977,0.02582946526006471,0.08462140167607848,0.08102777048460796,c33b41dd304cfc02d67904fce136f5c80df370f0dc8ab5ffdaac30d599c1ec41
retrodiction-dense,7,0.6,2,gps,False,flight,0.08539576474271114,0.06415358506088041,0.04633536387435142,0.4497714736442255,0.4280135928361076,27f0657164ec0fe3d24de0784cc811afa200b06de6bf755b12324cecd0f9614b
retrodiction-dense,7,0.6,2,gps,False,outage_window,0.08109151409276669,0.06426552600851922,0.0514589136509431,0.4847149812697824,0.4715447514099205,27f0657164ec0fe3d24de0784cc811afa200b06de6bf755b12324cecd0f9614b
retrodiction-dense,7,0.6,2,gps,False,after_return,0.07695147931563726,0.07059850494721234,0.047487118778328195,0.3354843942644645,0.32531072950170914,27f0657164ec0fe3d24de0784cc811afa200b06de6bf755b12324cecd0f9614b
retrodiction-dense,7,0.6,2,gps,True,flight,0.028474334846312926,0.0646788087448766,0.011442618516175021,0.2084072084494192,0.19316167696108977,c6d9e1d50b6b2eb628abd9b8317f6a211af2a70e0ba1a950b59367a881233120
retrodiction-dense,7,0.6,2,gps,True,outage_window,0.02379554679651056,0.06301325026784944,0.009914673777211617,0.1185228787789157,0.10880237145467128,c6d9e1d50b6b2eb628abd9b8317f6a211af2a70e0ba1a950b59367a881233120
retrodiction-dense,7,0.6,2,gps,True,after_return,0.03630153526618263,0.071774821415543,0.01220379477473357,0.07044724590623959,0.06807931051600712,c6d9e1d50b6b2eb628abd9b8317f6a211af2a70e0ba1a950b59367a881233120
retrodiction-dense,7,0.6,2,transition,False,flight,0.10026547525077696,0.06973626720044088,0.05674071806249292,0.38462953867003585,0.3605981672724246,a1efc61d97cb50949d88db22c073ae5bd9a299add48643b8765a35866583a5d4
retrodiction-dense,7,0.6,2,transition,False,outage_window,0.11881864704338589,0.08093950465983768,0.07698452542069284,0.34830050040798527,0.3322554178121669,a1efc61d97cb50949d88db22c073ae5bd9a299add48643b8765a35866583a5d4
retrodiction-dense,7,0.6,2,transition,False,after_return,0.0821749057975179,0.07017714199720884,0.048130601604868546,0.26465683991488115,0.2546779520250929,a1efc61d97cb50949d88db22c073ae5bd9a299add48643b8765a35866583a5d4
retrodiction-dense,7,0.6,2,transition,True,flight,0.032957837359689185,0.06590715637281776,0.011261453610837205,0.20306689526461344,0.1871433682258707,f0efb345fa4a383968c691d690195675143ee63feb1909bc7f319b49fdbc8aa2
retrodiction-dense,7,0.6,2,transition,True,outage_window,0.027798046234221656,0.06732830614130589,0.009302245224523314,0.09129354134654553,0.07868123646559254,f0efb345fa4a383968c691d690195675143ee63feb1909bc7f319b49fdbc8aa2
retrodiction-dense,7,0.6,2,transition,True,after_return,0.042546298532386076,0.07146155135799682,0.012169362094612984,0.06390457469246909,0.05908927867830444,f0efb345fa4a383968c691d690195675143ee63feb1909bc7f319b49fdbc8aa2
retrodiction-dense,7,0.6,4,denied,False,flight,0.12494065878932141,0.06508995128388548,0.07064293874342761,0.5533658122187343,0.5021732517431441,caa20fbb74f0bf6e3410fa84e2ff7716078fe2f1a6f2e3566ef3dac93e29c916
retrodiction-dense,7,0.6,4,denied,False,outage_window,0.13481525781722414,0.07159743347335512,0.06528907950328626,0.31891725695088247,0.29564353327135984,caa20fbb74f0bf6e3410fa84e2ff7716078fe2f1a6f2e3566ef3dac93e29c916
retrodiction-dense,7,0.6,4,denied,False,after_return,0.11091560557691138,0.06791167324597427,0.08032692426230444,0.11444295539131225,0.0983819282772487,caa20fbb74f0bf6e3410fa84e2ff7716078fe2f1a6f2e3566ef3dac93e29c916
retrodiction-dense,7,0.6,4,denied,True,flight,0.05166476784759778,0.06586181451733082,0.024906579486516103,0.3214049566274039,0.3000434864099668,f0237534a54cecb5bd563c42e65db73418ca99984e65278adc6493d3de23c4dd
retrodiction-dense,7,0.6,4,denied,True,outage_window,0.042260640166542136,0.06072593383871748,0.022080569479470014,0.09319010461000836,0.07731446729672518,f0237534a54cecb5bd563c42e65db73418ca99984e65278adc6493d3de23c4dd
retrodiction-dense,7,0.6,4,denied,True,after_return,0.04670850153757772,0.07353362287156442,0.02665132476069683,0.11018128606384922,0.10805843105114943,f0237534a54cecb5bd563c42e65db73418ca99984e65278adc6493d3de23c4dd
retrodiction-dense,7,0.6,4,gps,False,flight,0.06083541144031556,0.0643056083102323,0.03141103533550512,0.3730288711011921,0.35134070814432117,a0e34fec500422c88e9ed36d17b545c5e58a154f415e539cae9a064d1f665259
retrodiction-dense,7,0.6,4,gps,False,outage_window,0.057701104762744274,0.06378691930463905,0.0325594106178308,0.29841543358787576,0.28983181740057246,a0e34fec500422c88e9ed36d17b545c5e58a154f415e539cae9a064d1f665259
retrodiction-dense,7,0.6,4,gps,False,after_return,0.06273876744092553,0.07120920688940217,0.03196900177745768,0.1881410943328517,0.18279668020899492,a0e34fec500422c88e9ed36d17b545c5e58a154f415e539cae9a064d1f665259
retrodiction-dense,7,0.6,4,gps,True,flight,0.026704521593528083,0.06456012913218867,0.012290911539599344,0.2468390272590569,0.23044449935091957,c423d5c289edb20a64832332b9e8a1fb9d726a7e4d9f91f1f54ff5a5ebff5757
retrodiction-dense,7,0.6,4,gps,True,outage_window,0.022945628237651273,0.06290177834233866,0.010556912568587647,0.13135481531563653,0.12183180217957501,c423d5c289edb20a64832332b9e8a1fb9d726a7e4d9f91f1f54ff5a5ebff5757
retrodiction-dense,7,0.6,4,gps,True,after_return,0.03286459450021675,0.07173237228735713,0.012440331718287524,0.07919214973022522,0.07723320076794106,c423d5c289edb20a64832332b9e8a1fb9d726a7e4d9f91f1f54ff5a5ebff5757
retrodiction-dense,7,0.6,4,transition,False,flight,0.08451516078285662,0.06819621498443527,0.04064740714808172,0.3393631846948617,0.3157524627257313,ed6f1e0daa19257e5229d83ecc08790ac2eecb65f73a0f960a7ea710e543098b
retrodiction-dense,7,0.6,4,transition,False,outage_window,0.11575883614646738,0.07584317135860877,0.05573613972585622,0.1994449306116913,0.18678854615338206,ed6f1e0daa19257e5229d83ecc08790ac2eecb65f73a0f960a7ea710e543098b
retrodiction-dense,7,0.6,4,transition,False,after_return,0.06686940985003563,0.07084944455483903,0.032423420058797774,0.12645847393376752,0.12024321172305112,ed6f1e0daa19257e5229d83ecc08790ac2eecb65f73a0f960a7ea710e543098b
retrodiction-dense,7,0.6,4,transition,True,flight,0.029943091527802883,0.06550784905538753,0.012450477304652175,0.242318232325535,0.2254974017665552,70a197ed1c66de18a98ceb75298b19176f9304fabf0b7d32aa99ea4c45d6c4b4
retrodiction-dense,7,0.6,4,transition,True,outage_window,0.023322507588221773,0.06636947267905846,0.011046224582759601,0.11173730884111914,0.10068262554362015,70a197ed1c66de18a98ceb75298b19176f9304fabf0b7d32aa99ea4c45d6c4b4
retrodiction-dense,7,0.6,4,transition,True,after_return,0.038705658451698134,0.07140733981022493,0.012494453255331247,0.06820044256173516,0.06475979208126162,70a197ed1c66de18a98ceb75298b19176f9304fabf0b7d32aa99ea4c45d6c4b4
retrodiction-dense,101,0.85,2,denied,False,flight,69.48604060197566,0.07581323933296873,0.2292098413746126,2.3634531186904373,2.1875187678350354,2d0bab0a59bb6d8ed832a50a419cd887907cc8c2e768a44d0f1f71d480b08b28
retrodiction-dense,101,0.85,2,denied,False,outage_window,17.76975872351122,0.08379728205194112,0.23035752835236645,2.3545022796387176,2.1764871733773536,2d0bab0a59bb6d8ed832a50a419cd887907cc8c2e768a44d0f1f71d480b08b28
retrodiction-dense,101,0.85,2,denied,False,after_return,105.40212401649211,0.0785938165843784,0.25806295887664765,2.73950484929466,2.536035257394788,2d0bab0a59bb6d8ed832a50a419cd887907cc8c2e768a44d0f1f71d480b08b28
retrodiction-dense,101,0.85,2,denied,True,flight,0.04740960875285499,0.058602376130281394,0.02335436847410773,0.22616010377819876,0.20666877887249469,f2bc2d11b25e3ba22e5b06bde82eb997a8814bf1494f18a362872fd2dc84c171
retrodiction-dense,101,0.85,2,denied,True,outage_window,0.04395209412904228,0.06020077463069992,0.013032835376831394,0.10952845929098547,0.10481887985715187,f2bc2d11b25e3ba22e5b06bde82eb997a8814bf1494f18a362872fd2dc84c171
retrodiction-dense,101,0.85,2,denied,True,after_return,0.05807021701535255,0.06722918532879693,0.028958433946499704,0.08383080821938947,0.07896929739600973,f2bc2d11b25e3ba22e5b06bde82eb997a8814bf1494f18a362872fd2dc84c171
retrodiction-dense,101,0.85,2,gps,False,flight,0.16756095899436077,0.052742733765028985,0.04183317829961965,0.12992950338582984,0.12061856122686149,aed706794db9e3c599cdb04a3c2179452e7aaa51dffef7229787a5902d8b80ae
retrodiction-dense,101,0.85,2,gps,False,outage_window,0.15030699172918696,0.05384484292181636,0.03728435867658334,0.05057517924173979,0.04492441493995739,aed706794db9e3c599cdb04a3c2179452e7aaa51dffef7229787a5902d8b80ae
retrodiction-dense,101,0.85,2,gps,False,after_return,0.1699346717911233,0.05857646748962845,0.03882037569660402,0.053077812807357336,0.04808083757302343,aed706794db9e3c599cdb04a3c2179452e7aaa51dffef7229787a5902d8b80ae
retrodiction-dense,101,0.85,2,gps,True,flight,0.022774199666936393,0.05223275638549233,0.010552703926001522,0.07425868224333917,0.06358597133598051,e8febb6bd82e93f071cbd8e4c02de0d568ee50d0f4405a0bb8a4088073e35fe8
retrodiction-dense,101,0.85,2,gps,True,outage_window,0.02298564003397034,0.05439211475187648,0.010963959213855378,0.05716994926149695,0.05399290136518422,e8febb6bd82e93f071cbd8e4c02de0d568ee50d0f4405a0bb8a4088073e35fe8
retrodiction-dense,101,0.85,2,gps,True,after_return,0.018890925078346353,0.05804292410540296,0.011260269165522883,0.029874688887832297,0.023654286230295248,e8febb6bd82e93f071cbd8e4c02de0d568ee50d0f4405a0bb8a4088073e35fe8
retrodiction-dense,101,0.85,2,transition,False,flight,0.4052044905898252,0.06009181352719636,0.09167917635978434,0.27493654574276455,0.24518161994627016,50a698e2b2e1374d5e2e1ec91f3dfd153d6793cd651f710911dd6f1472b70e2d
retrodiction-dense,101,0.85,2,transition,False,outage_window,0.6820632435400845,0.07399836110354593,0.12795900893833173,0.2477896018293935,0.2078745202831258,50a698e2b2e1374d5e2e1ec91f3dfd153d6793cd651f710911dd6f1472b70e2d
retrodiction-dense,101,0.85,2,transition,False,after_return,0.12954591951434433,0.05871563248200138,0.07686914912372914,0.3108869284559781,0.28016914944071514,50a698e2b2e1374d5e2e1ec91f3dfd153d6793cd651f710911dd6f1472b70e2d
retrodiction-dense,101,0.85,2,transition,True,flight,0.03391883244118219,0.054083221255207044,0.010656387224827826,0.08419904642757277,0.07494565477684588,e3ecd3efdec6971547e5ea933c27e701b20b9f6085879db00ba4bdbc7effbd47
retrodiction-dense,101,0.85,2,transition,True,outage_window,0.03811417863192133,0.05908679743081722,0.010508104769559445,0.07204388130828988,0.06980122878589569,e3ecd3efdec6971547e5ea933c27e701b20b9f6085879db00ba4bdbc7effbd47
retrodiction-dense,101,0.85,2,transition,True,after_return,0.03388787293793868,0.05858110005065986,0.011802647185484735,0.05614809375182021,0.05281977740883112,e3ecd3efdec6971547e5ea933c27e701b20b9f6085879db00ba4bdbc7effbd47
retrodiction-dense,101,0.85,4,denied,False,flight,71.57705972818161,0.07323375648526839,0.21523041158873085,2.487261743979912,2.303941016017729,a3301b9468d1e70a4926570244878d8bd325950d5d00e459a1b8886dcf403b4e
retrodiction-dense,101,0.85,4,denied,False,outage_window,1.6798747955023592,0.06817198832896616,0.23107910130786255,2.8325916084187663,2.630404037786165,a3301b9468d1e70a4926570244878d8bd325950d5d00e459a1b8886dcf403b4e
retrodiction-dense,101,0.85,4,denied,False,after_return,109.71532872418662,0.08372302797101731,0.2315102157611868,2.618867882715615,2.4193580353435156,a3301b9468d1e70a4926570244878d8bd325950d5d00e459a1b8886dcf403b4e
retrodiction-dense,101,0.85,4,denied,True,flight,0.047866942001960226,0.058679235157899357,0.03003148728121782,0.3309866329042345,0.3068705697182586,9d210e249b96d5986c649535e03e631775b9926b1beaf3b0ef827d270b833b45
retrodiction-dense,101,0.85,4,denied,True,outage_window,0.0422700705601242,0.06110902118812311,0.017485364511082103,0.19232889093862607,0.18605212834202187,9d210e249b96d5986c649535e03e631775b9926b1beaf3b0ef827d270b833b45
retrodiction-dense,101,0.85,4,denied,True,after_return,0.05636453624150314,0.06738731485073957,0.034859805278984884,0.15594257694272437,0.1511901406297562,9d210e249b96d5986c649535e03e631775b9926b1beaf3b0ef827d270b833b45
retrodiction-dense,101,0.85,4,gps,False,flight,0.09220947163147998,0.05287160240734384,0.04226478974546512,0.12977590214969648,0.11634932350710732,ec329f494578fb785797a8f144457633f8163d3bb8cea69094daa0b636a7e2d2
retrodiction-dense,101,0.85,4,gps,False,outage_window,0.08647226645172068,0.05469786643024273,0.044742855410371325,0.11115617520581662,0.09442816339597862,ec329f494578fb785797a8f144457633f8163d3bb8cea69094daa0b636a7e2d2
retrodiction-dense,101,0.85,4,gps,False,after_return,0.0742703163281928,0.058471797772895386,0.04122711605711686,0.05725985305936353,0.03764636501149753,ec329f494578fb785797a8f144457633f8163d3bb8cea69094daa0b636a7e2d2
retrodiction-dense,101,0.85,4,gps,True,flight,0.022362801587957153,0.052166583427627373,0.011498297017025014,0.11073261855272643,0.10097595315062857,5bfb7010b9edb739a897f36f5132230ebf57277509fc7eda74ee042cb403a9f2
retrodiction-dense,101,0.85,4,gps,True,outage_window,0.02161175048133106,0.05448765993912248,0.01183265054380905,0.05671705126465813,0.05370005535242177,5bfb7010b9edb739a897f36f5132230ebf57277509fc7eda74ee042cb403a9f2
retrodiction-dense,101,0.85,4,gps,True,after_return,0.019761154222643223,0.05802665473024687,0.012014126983279062,0.039758182319837826,0.03563616823254043,5bfb7010b9edb739a897f36f5132230ebf57277509fc7eda74ee042cb403a9f2
retrodiction-dense,101,0.85,4,transition,False,flight,0.12885241547810367,0.0538066426591473,0.05495945036755956,0.1509579704689124,0.13483455691476628,24588e9720ae49d836045a5cdc4739cb4d7a7e15935d5ea8cd024705d121b299
retrodiction-dense,101,0.85,4,transition,False,outage_window,0.1808338153668412,0.057135086794578516,0.07444844770192904,0.15652899894752959,0.1333489898018838,24588e9720ae49d836045a5cdc4739cb4d7a7e15935d5ea8cd024705d121b299
retrodiction-dense,101,0.85,4,transition,False,after_return,0.07506237402275069,0.05872766670313773,0.0440979186412485,0.09024299511013319,0.07536441644017794,24588e9720ae49d836045a5cdc4739cb4d7a7e15935d5ea8cd024705d121b299
retrodiction-dense,101,0.85,4,transition,True,flight,0.034120278181518894,0.054226664810066064,0.012530561333590267,0.13665853858704105,0.12850899643126562,23e6e6521f13c15515c0eb76f52c4c0487eae845b6fad5ea35a02a34f170d29c
retrodiction-dense,101,0.85,4,transition,True,outage_window,0.03757450165693036,0.05977767106921143,0.013252604155250411,0.11874546966455819,0.11697114852639016,23e6e6521f13c15515c0eb76f52c4c0487eae845b6fad5ea35a02a34f170d29c
retrodiction-dense,101,0.85,4,transition,True,after_return,0.03524986669255689,0.05855607625910928,0.013263258887575248,0.09214389808624655,0.08955057799712673,23e6e6521f13c15515c0eb76f52c4c0487eae845b6fad5ea35a02a34f170d29c
horizon-root,7,0.6,2,denied,False,flight,0.2320960056872987,0.07077311694057473,0.11299173465752392,0.7179597527073674,0.6654350844289745,0b025b4c8de00650dc336361eb663d862077b25d770ca29a2ede98caa3a41f48
horizon-root,7,0.6,2,denied,False,outage_window,0.27723376822346657,0.0879716070212344,0.10075240926255913,0.6503346365283317,0.5988996689057128,0b025b4c8de00650dc336361eb663d862077b25d770ca29a2ede98caa3a41f48
horizon-root,7,0.6,2,denied,False,after_return,0.22695949035353158,0.06380660545370925,0.13838271656578083,0.1607936839298285,0.13653334355753483,0b025b4c8de00650dc336361eb663d862077b25d770ca29a2ede98caa3a41f48
horizon-root,7,0.6,2,denied,True,flight,0.04545234774071746,0.07117503474477972,0.01632053647958135,0.2637711091993573,0.25006703990200524,cee89a16591dd5654c551af974736fdb68d7f5d1414052d0dcadf97609884292
horizon-root,7,0.6,2,denied,True,outage_window,0.03531892070723628,0.0634387986292447,0.009200713991211043,0.06598253340023072,0.05112114364907786,cee89a16591dd5654c551af974736fdb68d7f5d1414052d0dcadf97609884292
horizon-root,7,0.6,2,denied,True,after_return,0.05352981046672243,0.08274696424428854,0.017471008260231787,0.07078935224897596,0.06634640497107294,cee89a16591dd5654c551af974736fdb68d7f5d1414052d0dcadf97609884292
horizon-root,7,0.6,2,gps,False,flight,0.09106075165113997,0.06769905988700017,0.04851940520556161,0.4263584114016321,0.40708870830602134,869e99914118e08b79c7ae502d6bbfe5f5fba721494315307a3ab555ae0a2d30
horizon-root,7,0.6,2,gps,False,outage_window,0.0883008289372662,0.06531112170124934,0.05467581532330044,0.4573272308211206,0.44479091848869917,869e99914118e08b79c7ae502d6bbfe5f5fba721494315307a3ab555ae0a2d30
horizon-root,7,0.6,2,gps,False,after_return,0.08445951960544859,0.07789626350984251,0.04987798841490148,0.3096420668383408,0.29982349142785664,869e99914118e08b79c7ae502d6bbfe5f5fba721494315307a3ab555ae0a2d30
horizon-root,7,0.6,2,gps,True,flight,0.028792855568687787,0.06855949075471639,0.01028778473936608,0.21202135942382797,0.1994967695110054,b6e4119978f69880ac4d4d797d8a01c78744605ca00e1016841b25f748b981d3
horizon-root,7,0.6,2,gps,True,outage_window,0.024571190184992587,0.06358649701150576,0.008182393395517375,0.10055543599273105,0.09161741286670193,b6e4119978f69880ac4d4d797d8a01c78744605ca00e1016841b25f748b981d3
horizon-root,7,0.6,2,gps,True,after_return,0.03508332835621348,0.07991006268861059,0.011229136445567615,0.05687206561605217,0.05364654520909476,b6e4119978f69880ac4d4d797d8a01c78744605ca00e1016841b25f748b981d3
horizon-root,7,0.6,2,transition,False,flight,0.10835207384006906,0.07504698532570415,0.0596570102601609,0.3637796381498984,0.34222460615339456,5ddd1619c2d1cd43ea0a99371c914d7f138dd5bb7f00699d2b9b3102c233c69d
horizon-root,7,0.6,2,transition,False,outage_window,0.13212721428749435,0.08745337270393369,0.08178184606520382,0.3252642090370845,0.3088578298789799,5ddd1619c2d1cd43ea0a99371c914d7f138dd5bb7f00699d2b9b3102c233c69d
horizon-root,7,0.6,2,transition,False,after_return,0.08939266749580928,0.0774325556980373,0.050448350868388246,0.23915258352849136,0.22915097524079284,5ddd1619c2d1cd43ea0a99371c914d7f138dd5bb7f00699d2b9b3102c233c69d
horizon-root,7,0.6,2,transition,True,flight,0.03411314953551119,0.06982794158287599,0.010146296702740394,0.20970769400295547,0.19662014958628665,9bedfe012b9fe84887a2e149ab6c64b249b38638f40e367c3e615f0b81317332
horizon-root,7,0.6,2,transition,True,outage_window,0.0295140977241322,0.06820577913020537,0.0076529716879807615,0.06929587221682842,0.05596797121980489,9bedfe012b9fe84887a2e149ab6c64b249b38638f40e367c3e615f0b81317332
horizon-root,7,0.6,2,transition,True,after_return,0.042624292700233005,0.07963380139984527,0.011206557293854558,0.07016802240295078,0.06439084822109341,9bedfe012b9fe84887a2e149ab6c64b249b38638f40e367c3e615f0b81317332
horizon-root,7,0.6,4,denied,False,flight,0.13936683443254996,0.06633143252946669,0.0710321042678727,0.5237000949728562,0.48025783297594127,927775bcd86a9fc71e332dd3d5dbb6294a3d9317f38203b5dc1030dba7407233
horizon-root,7,0.6,4,denied,False,outage_window,0.14897198386880967,0.0742226731429703,0.06839101405239786,0.32178659396807185,0.298711613243337,927775bcd86a9fc71e332dd3d5dbb6294a3d9317f38203b5dc1030dba7407233
horizon-root,7,0.6,4,denied,False,after_return,0.12574678631319108,0.06951227844704255,0.08043698942730239,0.1136608577573207,0.09662856747640819,927775bcd86a9fc71e332dd3d5dbb6294a3d9317f38203b5dc1030dba7407233
horizon-root,7,0.6,4,denied,True,flight,0.04210886394081126,0.07062337437845409,0.01604478803060968,0.26306549330623197,0.24916349726451503,d716f22f2e3e434978f0b5dde45f6de8223deb74bdf380f4f0a79c82688c4eb8
horizon-root,7,0.6,4,denied,True,outage_window,0.032012491857342916,0.061712116715278015,0.011522101848202494,0.06338421447792919,0.047647439813763355,d716f22f2e3e434978f0b5dde45f6de8223deb74bdf380f4f0a79c82688c4eb8
horizon-root,7,0.6,4,denied,True,after_return,0.048936107766742835,0.08289157090988544,0.015645593001691768,0.07406595962265801,0.07007007948036552,d716f22f2e3e434978f0b5dde45f6de8223deb74bdf380f4f0a79c82688c4eb8
horizon-root,7,0.6,4,gps,False,flight,0.06524145734916612,0.06792659216258147,0.03217970868232258,0.34820515019620724,0.3294106002481704,e484c86937641d488f68a997e6cac72e8e8ec20dc8ae583a062c74ba6817931c
horizon-root,7,0.6,4,gps,False,outage_window,0.06167965895724841,0.06458422133147013,0.033648112816632256,0.26679386777463476,0.25901575885177497,e484c86937641d488f68a997e6cac72e8e8ec20dc8ae583a062c74ba6817931c
horizon-root,7,0.6,4,gps,False,after_return,0.06738308888457333,0.07878385658304995,0.033026266918843535,0.16120415184365208,0.15603163791183333,e484c86937641d488f68a997e6cac72e8e8ec20dc8ae583a062c74ba6817931c
horizon-root,7,0.6,4,gps,True,flight,0.026831872641619455,0.06847271996629482,0.010940923380547411,0.23674753190180245,0.22288085926695012,8dc5fcf3b7049486aaec69b3f3eb2d91bc403bcb72c88c5f66bd29d33351f7c3
horizon-root,7,0.6,4,gps,True,outage_window,0.022799271045101523,0.06341184469768862,0.008100643138610582,0.10247014246032168,0.09370457496124375,8dc5fcf3b7049486aaec69b3f3eb2d91bc403bcb72c88c5f66bd29d33351f7c3
horizon-root,7,0.6,4,gps,True,after_return,0.03182250039210292,0.07987890164250708,0.011091659307704962,0.05669377975150365,0.053662743985875054,8dc5fcf3b7049486aaec69b3f3eb2d91bc403bcb72c88c5f66bd29d33351f7c3
horizon-root,7,0.6,4,transition,False,flight,0.09272192536184545,0.07259651965532507,0.04254609904964737,0.31888357735684153,0.29805534986920257,61591953534f229e5840f3c0eb42d4238b68049c4845cb1eb4a2895e5c614fea
horizon-root,7,0.6,4,transition,False,outage_window,0.1286983154484328,0.07937274304748616,0.05928222839269842,0.17578269345194583,0.16203920980211672,61591953534f229e5840f3c0eb42d4238b68049c4845cb1eb4a2895e5c614fea
horizon-root,7,0.6,4,transition,False,after_return,0.07191979335716064,0.078436980973934,0.03353342624786376,0.10114407948294048,0.09346383399295394,61591953534f229e5840f3c0eb42d4238b68049c4845cb1eb4a2895e5c614fea
horizon-root,7,0.6,4,transition,True,flight,0.031112678870124363,0.06941687085713007,0.010857071140453598,0.23436904832821426,0.22003318926450036,c8ede34ec3023d964112caa4e6d8e9d43b5f7eab4e0de06652b21abd23546877
horizon-root,7,0.6,4,transition,True,outage_window,0.025267810581683113,0.06702884602686646,0.007747258073737617,0.07192893917893735,0.05915784992819183,c8ede34ec3023d964112caa4e6d8e9d43b5f7eab4e0de06652b21abd23546877
horizon-root,7,0.6,4,transition,True,after_return,0.038814893992488414,0.07957844542868572,0.011087373892040078,0.06764374956068372,0.062260505505358256,c8ede34ec3023d964112caa4e6d8e9d43b5f7eab4e0de06652b21abd23546877
horizon-root,101,0.85,2,denied,False,flight,134.85225064265938,0.09002492173047885,0.21211826356348867,1.6813094073839456,1.562273269246484,b158893621f5aff5aa8bb901a92e1e77676d15baeabb3894fa0c197d76deb16c
horizon-root,101,0.85,2,denied,False,outage_window,29.535885183258117,0.09328932166893786,0.2390596671023849,2.090566503291801,1.9408625347212742,b158893621f5aff5aa8bb901a92e1e77676d15baeabb3894fa0c197d76deb16c
horizon-root,101,0.85,2,denied,False,after_return,205.13571346620512,0.09943549707208917,0.21313619980983117,1.3563361867310317,1.2643286002080025,b158893621f5aff5aa8bb901a92e1e77676d15baeabb3894fa0c197d76deb16c
horizon-root,101,0.85,2,denied,True,flight,0.027796967377948706,0.06357209267372796,0.018946273410207833,0.20171663819842317,0.1796458692859211,8c4a4a7896d1cf47c5baf23af7d420f255ac0be954fc68f3aadc4c9f9e62326f
horizon-root,101,0.85,2,denied,True,outage_window,0.019586526652433857,0.05872712367665521,0.011647796946330053,0.08946473549826563,0.07979668874718183,8c4a4a7896d1cf47c5baf23af7d420f255ac0be954fc68f3aadc4c9f9e62326f
horizon-root,101,0.85,2,denied,True,after_return,0.031054962041268154,0.07767909458019263,0.02077632321314553,0.038605850764113256,0.029136020997100408,8c4a4a7896d1cf47c5baf23af7d420f255ac0be954fc68f3aadc4c9f9e62326f
horizon-root,101,0.85,2,gps,False,flight,0.16490652801770594,0.056299400814440195,0.051092069560528225,0.16299958014862867,0.14982518915240747,236ea157bd4d9efc0f4b4b23766cc1db1d82cbb90d21853c2483f2117b47df93
horizon-root,101,0.85,2,gps,False,outage_window,0.13991217496020902,0.056245098743271625,0.04720304782175248,0.05942169410978553,0.042728434566721187,236ea157bd4d9efc0f4b4b23766cc1db1d82cbb90d21853c2483f2117b47df93
horizon-root,101,0.85,2,gps,False,after_return,0.16985131720504076,0.06461217988576075,0.053198674575964236,0.06392720740947902,0.053117958652701,236ea157bd4d9efc0f4b4b23766cc1db1d82cbb90d21853c2483f2117b47df93
horizon-root,101,0.85,2,gps,True,flight,0.02208382687758238,0.05564908765135827,0.009404601127283174,0.10045185658287481,0.09178063545813171,f8ed9f1ccf512f181d426a11303e741ec08a20e081b5e350ed823d9fad9437a7
horizon-root,101,0.85,2,gps,True,outage_window,0.022604699036919387,0.05592835256442777,0.010058817251220865,0.06795404399659098,0.06511991121525729,f8ed9f1ccf512f181d426a11303e741ec08a20e081b5e350ed823d9fad9437a7
horizon-root,101,0.85,2,gps,True,after_return,0.014695116799301787,0.06463555174393099,0.009515206141416082,0.05385237109311071,0.051144580482540135,f8ed9f1ccf512f181d426a11303e741ec08a20e081b5e350ed823d9fad9437a7
horizon-root,101,0.85,2,transition,False,flight,0.4053516224404375,0.06619368674932545,0.09384760814333813,0.2942442799120037,0.26567211062448925,3af348a11f67abae90f38fc80d77e4742e9193a7327c6724b4c25421a256c495
horizon-root,101,0.85,2,transition,False,outage_window,0.6753114785193555,0.08161522980606681,0.12827395259175742,0.24793090018007144,0.20961327050325038,3af348a11f67abae90f38fc80d77e4742e9193a7327c6724b4c25421a256c495
horizon-root,101,0.85,2,transition,False,after_return,0.15400944313134285,0.0663305335071566,0.08199651481943655,0.3188385964060375,0.29043520737411194,3af348a11f67abae90f38fc80d77e4742e9193a7327c6724b4c25421a256c495
horizon-root,101,0.85,2,transition,True,flight,0.0317824965422529,0.05745967455261519,0.008686454474570776,0.09007284761317919,0.08048106250884833,66610d6fc33af434c22504800e531d5410c7321bac4acd2c64a77bcfe091a1be
horizon-root,101,0.85,2,transition,True,outage_window,0.035936649153840684,0.06021795299371794,0.007977053953541272,0.03432076129827703,0.028798777261399684,66610d6fc33af434c22504800e531d5410c7321bac4acd2c64a77bcfe091a1be
horizon-root,101,0.85,2,transition,True,after_return,0.02929689656031927,0.06546260565601955,0.00938976496206734,0.02886053636835914,0.024494010460763757,66610d6fc33af434c22504800e531d5410c7321bac4acd2c64a77bcfe091a1be
horizon-root,101,0.85,4,denied,False,flight,25.22804797494682,0.07788186610122194,0.21169112219650743,2.5022840070031194,2.317568672406403,fed3edaf6178b4c5232591c720a6a01f15c96143673e12d9be88788fc624fe3f
horizon-root,101,0.85,4,denied,False,outage_window,1.2598525433654377,0.07477188390923138,0.22627860367942507,2.844227266205981,2.6422302428187785,fed3edaf6178b4c5232591c720a6a01f15c96143673e12d9be88788fc624fe3f
horizon-root,101,0.85,4,denied,False,after_return,38.6567050304425,0.08788549560022972,0.22847228339355174,2.6495689018665143,2.4465704885943382,fed3edaf6178b4c5232591c720a6a01f15c96143673e12d9be88788fc624fe3f
horizon-root,101,0.85,4,denied,True,flight,0.03556965246214554,0.06329261491018759,0.018650391362518833,0.20691459605694573,0.18499159513685676,1b58f4e32d024b22f8f0d88a06a474bb688c956acab05968fbc67dc135b0b487
horizon-root,101,0.85,4,denied,True,outage_window,0.02820368335302343,0.05921407259494668,0.012097242518590411,0.09616024119034954,0.08677664638582308,1b58f4e32d024b22f8f0d88a06a474bb688c956acab05968fbc67dc135b0b487
horizon-root,101,0.85,4,denied,True,after_return,0.03980647514268502,0.07693916106203817,0.019522965714918,0.041159154923158615,0.032423138659216914,1b58f4e32d024b22f8f0d88a06a474bb688c956acab05968fbc67dc135b0b487
horizon-root,101,0.85,4,gps,False,flight,0.09510666312612942,0.056617109126168706,0.04244013734915469,0.13644320003636035,0.1231888111383067,322e1251f9bc15a81ac50aa855df305dc98fe1ba15318f9aa84e52d32756cfe2
horizon-root,101,0.85,4,gps,False,outage_window,0.09025556254853402,0.05647085583169528,0.04510322873437164,0.10423570008404617,0.08851653859420511,322e1251f9bc15a81ac50aa855df305dc98fe1ba15318f9aa84e52d32756cfe2
horizon-root,101,0.85,4,gps,False,after_return,0.07760135088201155,0.0653703994964074,0.04131376067638712,0.05716302339596609,0.03765263681200328,322e1251f9bc15a81ac50aa855df305dc98fe1ba15318f9aa84e52d32756cfe2
horizon-root,101,0.85,4,gps,True,flight,0.020272993581748933,0.05551126897524777,0.009375908148151714,0.11368680315044911,0.10520124785007866,4ee68160627e43eed8d2ac46122af06de66fcc4c70caea842ee2bf8aa296788e
horizon-root,101,0.85,4,gps,True,outage_window,0.020222954691969487,0.05589090283195391,0.010028703523530054,0.06647868177048201,0.0634021053387622,4ee68160627e43eed8d2ac46122af06de66fcc4c70caea842ee2bf8aa296788e
horizon-root,101,0.85,4,gps,True,after_return,0.013712471411473458,0.06443569722081025,0.00919496347778526,0.05116037005871087,0.048163012534054944,4ee68160627e43eed8d2ac46122af06de66fcc4c70caea842ee2bf8aa296788e
horizon-root,101,0.85,4,transition,False,flight,0.1357219677637268,0.057340996610216875,0.0561696961363922,0.15857720101037823,0.1426718032732316,5fcaadb5bc2ec9701419b60de60d7b184416e964fab4352c1c81099425d5e5e6
horizon-root,101,0.85,4,transition,False,outage_window,0.1933986591210827,0.0583008517698212,0.07710983386511194,0.15616845691558892,0.13414316368033333,5fcaadb5bc2ec9701419b60de60d7b184416e964fab4352c1c81099425d5e5e6
horizon-root,101,0.85,4,transition,False,after_return,0.07817224703710195,0.06564772273606866,0.04421200326402969,0.09203498929711268,0.07727062573045121,5fcaadb5bc2ec9701419b60de60d7b184416e964fab4352c1c81099425d5e5e6
horizon-root,101,0.85,4,transition,True,flight,0.031026549213467564,0.05748904579762996,0.008876560578237994,0.10523265508228959,0.09635560649605039,8fee4c8157593519933cddc590836f852a6323a548e7631956da80a3066aea37
horizon-root,101,0.85,4,transition,True,outage_window,0.03454704184744222,0.060620147567401306,0.00839860046959204,0.03225845700996649,0.027513593123730848,8fee4c8157593519933cddc590836f852a6323a548e7631956da80a3066aea37
horizon-root,101,0.85,4,transition,True,after_return,0.029933552486876437,0.06529856216424108,0.009255133217354262,0.028322457793862756,0.024020480311212806,8fee4c8157593519933cddc590836f852a6323a548e7631956da80a3066aea37
retrodiction-root,7,0.6,2,denied,False,flight,0.23625241709450953,0.06680322447476611,0.11168744586354568,0.6499726889663933,0.6005767013257783,6140f5aa264217c6832e6f5709a6abefeccd06201f6d713f1e8b5a6d30401081
retrodiction-root,7,0.6,2,denied,False,outage_window,0.2694226375173305,0.08057200180074424,0.09681622588850328,0.6832907384676854,0.6280807356954966,6140f5aa264217c6832e6f5709a6abefeccd06201f6d713f1e8b5a6d30401081
retrodiction-root,7,0.6,2,denied,False,after_return,0.2483222835020532,0.060488606609202175,0.13865422251477072,0.1596813503961851,0.1341650702715559,6140f5aa264217c6832e6f5709a6abefeccd06201f6d713f1e8b5a6d30401081
retrodiction-root,7,0.6,2,denied,True,flight,0.04923249169742867,0.06712616339153511,0.022498033661503023,0.2971397827321199,0.27770311719807966,ff5d1d18ab6d222ebe6a2b3a949a2b6d163242aecbdd422001340f302cecb291
retrodiction-root,7,0.6,2,denied,True,outage_window,0.03784053392780428,0.06270648206311404,0.015965721746786874,0.06895563543129236,0.050700789364440134,ff5d1d18ab6d222ebe6a2b3a949a2b6d163242aecbdd422001340f302cecb291
retrodiction-root,7,0.6,2,denied,True,after_return,0.05111181873708776,0.0739378514606789,0.02582357182573754,0.0849178561896593,0.08134384557526668,ff5d1d18ab6d222ebe6a2b3a949a2b6d163242aecbdd422001340f302cecb291
retrodiction-root,7,0.6,2,gps,False,flight,0.0853953882982082,0.06415253762337683,0.04632761288911363,0.44954928187474374,0.42780613309564475,21059a5f8a739b5bfd126feacacc305088f48feb361fd92a47b4f41fc57f1f95
retrodiction-root,7,0.6,2,gps,False,outage_window,0.08108300239369863,0.06426579487807603,0.05145663866272659,0.4846972096801062,0.4715350162478798,21059a5f8a739b5bfd126feacacc305088f48feb361fd92a47b4f41fc57f1f95
retrodiction-root,7,0.6,2,gps,False,after_return,0.07695626300550318,0.07059707944061908,0.0474841850120344,0.3352352933151052,0.3250698731921849,21059a5f8a739b5bfd126feacacc305088f48feb361fd92a47b4f41fc57f1f95
retrodiction-root,7,0.6,2,gps,True,flight,0.02847842959705311,0.06467820885696231,0.011444169388924282,0.20920712113460985,0.19394725494087398,12a0d4c7fee82db5791a498a6425d07853f9a2df460346e160c6907263db2cfe
retrodiction-root,7,0.6,2,gps,True,outage_window,0.0238021262151213,0.06301334665472971,0.009914233461841636,0.11858612183539383,0.10887911031025681,12a0d4c7fee82db5791a498a6425d07853f9a2df460346e160c6907263db2cfe
retrodiction-root,7,0.6,2,gps,True,after_return,0.036301334987513575,0.0717747465940677,0.012204100045443934,0.07049607865342697,0.06812779520439828,12a0d4c7fee82db5791a498a6425d07853f9a2df460346e160c6907263db2cfe
retrodiction-root,7,0.6,2,transition,False,flight,0.10026161648684066,0.0697378548492335,0.056736604838703776,0.38443783616551974,0.3604224564003621,163023958281ef8d1f058fcba27b85305c069d75c177d2223f27201d25ced8d2
retrodiction-root,7,0.6,2,transition,False,outage_window,0.11880731206733401,0.08094676375572152,0.07698762652512148,0.3483678945788094,0.33233557445513967,163023958281ef8d1f058fcba27b85305c069d75c177d2223f27201d25ced8d2
retrodiction-root,7,0.6,2,transition,False,after_return,0.08217523293757335,0.07017557080958944,0.04812830180137695,0.2644827912274529,0.25451303612157317,163023958281ef8d1f058fcba27b85305c069d75c177d2223f27201d25ced8d2
retrodiction-root,7,0.6,2,transition,True,flight,0.03296601414426661,0.0659064756290197,0.011263238159149211,0.20387857741583457,0.187942541992739,535829a060681e06d6490c55b467ffd1e3b1ed663d3b00967f1bce3a3ef6eb17
retrodiction-root,7,0.6,2,transition,True,outage_window,0.027806165532675963,0.0673276321525195,0.009301896444909825,0.09134790810273093,0.07875134209366008,535829a060681e06d6490c55b467ffd1e3b1ed663d3b00967f1bce3a3ef6eb17
retrodiction-root,7,0.6,2,transition,True,after_return,0.04255335439304998,0.07146181673149668,0.01217005310635374,0.06391929957573407,0.05909471917992481,535829a060681e06d6490c55b467ffd1e3b1ed663d3b00967f1bce3a3ef6eb17
retrodiction-root,7,0.6,4,denied,False,flight,0.1249232262880234,0.06509334415791596,0.07063349460446733,0.5530152027092866,0.5018482873531637,b23957e57fcb6a917ef75142987d1d99ebef8d5bbe4a2f3f5e0676e60498f444
retrodiction-root,7,0.6,4,denied,False,outage_window,0.134797287352761,0.07160972601595353,0.06527130858721446,0.31923244312673477,0.2959531648656818,b23957e57fcb6a917ef75142987d1d99ebef8d5bbe4a2f3f5e0676e60498f444
retrodiction-root,7,0.6,4,denied,False,after_return,0.11091318577558341,0.0679109288652,0.08033231328495652,0.11451065377291213,0.09845352834504909,b23957e57fcb6a917ef75142987d1d99ebef8d5bbe4a2f3f5e0676e60498f444
retrodiction-root,7,0.6,4,denied,True,flight,0.051655206309410104,0.06586232678727189,0.024908795764235273,0.3215640598348816,0.30022012713839735,fe4b969fefb7fedecf2af2d9f6017c0c6721b366097489bf020f4f6a71b3569d
retrodiction-root,7,0.6,4,denied,True,outage_window,0.042164886161003945,0.06072446348790335,0.02210119283541389,0.09359684152426753,0.07776856759626524,fe4b969fefb7fedecf2af2d9f6017c0c6721b366097489bf020f4f6a71b3569d
retrodiction-root,7,0.6,4,denied,True,after_return,0.046719668704114446,0.07353916530879306,0.026633204874072548,0.1106013766001328,0.10848390860229438,fe4b969fefb7fedecf2af2d9f6017c0c6721b366097489bf020f4f6a71b3569d
retrodiction-root,7,0.6,4,gps,False,flight,0.06082757585341085,0.06430514334918153,0.0314019713633037,0.37274725944789233,0.35107479228958105,2607f25a6e5081c889890d279b2124778c5a8eed8ede99c2aeba4262046e85c7
retrodiction-root,7,0.6,4,gps,False,outage_window,0.05769273123749464,0.06378710274458543,0.03255556035475358,0.29828791761925955,0.28971263378901346,2607f25a6e5081c889890d279b2124778c5a8eed8ede99c2aeba4262046e85c7
retrodiction-root,7,0.6,4,gps,False,after_return,0.062741337507261,0.07120869233053276,0.03196432193548171,0.18793574385293185,0.18259699531147144,2607f25a6e5081c889890d279b2124778c5a8eed8ede99c2aeba4262046e85c7
retrodiction-root,7,0.6,4,gps,True,flight,0.026706366053062418,0.06455968151188182,0.012296057778364252,0.2476146991437026,0.23119153772551804,5afd0627f70908ae8f6adfc8d4320913130e0d4942ec61d0ce33f798c35a1808
retrodiction-root,7,0.6,4,gps,True,outage_window,0.022948048938548498,0.06290186659017971,0.010556179421096554,0.13141337662073635,0.12190518126287776,5afd0627f70908ae8f6adfc8d4320913130e0d4942ec61d0ce33f798c35a1808
retrodiction-root,7,0.6,4,gps,True,after_return,0.032860597801768546,0.07173237592659881,0.012440762927635147,0.07923482980093799,0.07727638740862736,5afd0627f70908ae8f6adfc8d4320913130e0d4942ec61d0ce33f798c35a1808
retrodiction-root,7,0.6,4,transition,False,flight,0.08451371565139895,0.06819714466400954,0.04064192168477908,0.3390749256748227,0.3154771901372616,d789f1f547102c4cc991c2d10db9a3fd1577afbd0884549f0a6a604500c75c39
retrodiction-root,7,0.6,4,transition,False,outage_window,0.1157654774072364,0.07584723581453619,0.055736445587013274,0.19930833221547453,0.18665617782897842,d789f1f547102c4cc991c2d10db9a3fd1577afbd0884549f0a6a604500c75c39
retrodiction-root,7,0.6,4,transition,False,after_return,0.06687023845549352,0.07084888264005436,0.03241998484290178,0.12622308947753844,0.12000558703733166,d789f1f547102c4cc991c2d10db9a3fd1577afbd0884549f0a6a604500c75c39
retrodiction-root,7,0.6,4,transition,True,flight,0.029943577284215497,0.06550725882991057,0.012455670997218036,0.2431018047095683,0.22625274693665193,2c8acbd409e16eda98a6729dbff23aad403e1991325aeb9a355c84487c0009e8
retrodiction-root,7,0.6,4,transition,True,outage_window,0.023318171389220977,0.06636855981266922,0.011045509786480985,0.11178618597706828,0.10074697149162967,2c8acbd409e16eda98a6729dbff23aad403e1991325aeb9a355c84487c0009e8
retrodiction-root,7,0.6,4,transition,True,after_return,0.03870319327740292,0.07140771671622606,0.012495157568307363,0.06821989964563059,0.06477391419840293,2c8acbd409e16eda98a6729dbff23aad403e1991325aeb9a355c84487c0009e8
retrodiction-root,101,0.85,2,denied,False,flight,66.5865401208931,0.07607305572138197,0.22992096684008706,2.375370436538144,2.1984971277578724,599cb05edfce517212d41f8ab18f7986f7a9111eb308f024a67c954cb41674c9
retrodiction-root,101,0.85,2,denied,False,outage_window,17.934526270812817,0.08343334822308568,0.23031579870338484,2.3581334205347666,2.179752231018474,599cb05edfce517212d41f8ab18f7986f7a9111eb308f024a67c954cb41674c9
retrodiction-root,101,0.85,2,denied,False,after_return,100.88617703658588,0.07947123982852826,0.2595568288365721,2.7607822077399335,2.555696710171259,599cb05edfce517212d41f8ab18f7986f7a9111eb308f024a67c954cb41674c9
retrodiction-root,101,0.85,2,denied,True,flight,0.047388941853008654,0.058604759847744256,0.023344659911429585,0.2258163784316759,0.20635734206166817,d41097c9b9a55c3012bdf08b1131d8ab65ce97fec7d4d68511eb5f86a118103a
retrodiction-root,101,0.85,2,denied,True,outage_window,0.043914878849616965,0.060205917530877485,0.0130208347214334,0.10938522505492762,0.10471054066288271,d41097c9b9a55c3012bdf08b1131d8ab65ce97fec7d4d68511eb5f86a118103a
retrodiction-root,101,0.85,2,denied,True,after_return,0.05804633513939874,0.06723071565208592,0.02895663538666008,0.08369419056873267,0.07883897824061195,d41097c9b9a55c3012bdf08b1131d8ab65ce97fec7d4d68511eb5f86a118103a
retrodiction-root,101,0.85,2,gps,False,flight,0.16756615184956933,0.05274215963805372,0.04182992523606305,0.13012730137192607,0.12078195147429666,9af95196c55fddd50f0fb52d4713f5b1590303104a49838ccb447d99c459d562
retrodiction-root,101,0.85,2,gps,False,outage_window,0.1503130828520498,0.05384437618622277,0.037287831653719766,0.0505795837023995,0.04495119131387252,9af95196c55fddd50f0fb52d4713f5b1590303104a49838ccb447d99c459d562
retrodiction-root,101,0.85,2,gps,False,after_return,0.1699489179804172,0.05857607821018908,0.03882039189082103,0.053068270320649195,0.048077984681916444,9af95196c55fddd50f0fb52d4713f5b1590303104a49838ccb447d99c459d562
retrodiction-root,101,0.85,2,gps,True,flight,0.02277347149157895,0.05223257032468592,0.010550688428476639,0.07428716334688151,0.0636295029105087,627abfbbde58add588ac199d89697be2102de57b35aaf327be93c09e9d11fd31
retrodiction-root,101,0.85,2,gps,True,outage_window,0.022985273249987684,0.054392275117865416,0.010960819724446926,0.05716898144409717,0.05397182553052025,627abfbbde58add588ac199d89697be2102de57b35aaf327be93c09e9d11fd31
retrodiction-root,101,0.85,2,gps,True,after_return,0.018895419188803487,0.05804282765730764,0.01126038083654371,0.029885203408985407,0.02364912345158045,627abfbbde58add588ac199d89697be2102de57b35aaf327be93c09e9d11fd31
retrodiction-root,101,0.85,2,transition,False,flight,0.4051629660144741,0.06009382712221874,0.09167041790302992,0.27505893625872185,0.24528563764828218,93bce67bbd20ea3c2d3f06fbb0490329c1b5bb62e31d2e1c4ce03f7fc3263f8a
retrodiction-root,101,0.85,2,transition,False,outage_window,0.6819878837097115,0.07400455049814351,0.12794127979773187,0.24761460265289514,0.20771396518847687,93bce67bbd20ea3c2d3f06fbb0490329c1b5bb62e31d2e1c4ce03f7fc3263f8a
retrodiction-root,101,0.85,2,transition,False,after_return,0.12954647477750286,0.05871512745333297,0.07687216702804389,0.311050369716588,0.2803096988368612,93bce67bbd20ea3c2d3f06fbb0490329c1b5bb62e31d2e1c4ce03f7fc3263f8a
retrodiction-root,101,0.85,2,transition,True,flight,0.03391920054854517,0.05408332149419513,0.010652956422101057,0.08423686033179809,0.07501562408797477,d3a764b48be18ba2d0098b3bade8f99acf1b2e60e1d1bd5ccb320a7b8660a60b
retrodiction-root,101,0.85,2,transition,True,outage_window,0.038114634920612706,0.05908750805013122,0.01050117505955868,0.07207377916402902,0.06986366108395375,d3a764b48be18ba2d0098b3bade8f99acf1b2e60e1d1bd5ccb320a7b8660a60b
retrodiction-root,101,0.85,2,transition,True,after_return,0.03389182262183358,0.05858118592844624,0.011802148640936988,0.056168920063419184,0.05284961832865865,d3a764b48be18ba2d0098b3bade8f99acf1b2e60e1d1bd5ccb320a7b8660a60b
retrodiction-root,101,0.85,4,denied,False,flight,65.35025275597296,0.07270918621540054,0.2151000522931175,2.487305364409197,2.3039202385469597,3a56a4f9b96ae5522d7bd0ef9c9176141b36504a495d1c35d765930c69143ad6
retrodiction-root,101,0.85,4,denied,False,outage_window,1.6815872266131247,0.06819837521347362,0.2311996811313343,2.835332996320813,2.6328945853923713,3a56a4f9b96ae5522d7bd0ef9c9176141b36504a495d1c35d765930c69143ad6
retrodiction-root,101,0.85,4,denied,False,after_return,100.16881738116604,0.08262465173001271,0.23113070893354695,2.616182558072618,2.4167685034319306,3a56a4f9b96ae5522d7bd0ef9c9176141b36504a495d1c35d765930c69143ad6
retrodiction-root,101,0.85,4,denied,True,flight,0.047805572183457073,0.05868026360683304,0.03002583414858989,0.3308074837520131,0.3067256171540418,b735b6ff211a72960da071106b74529c2b7f1b4ad64e7d07fbbe441a65340cd8
retrodiction-root,101,0.85,4,denied,True,outage_window,0.042185694176583154,0.061113138140956515,0.017488084663566786,0.19246275932056486,0.18621206847012686,b735b6ff211a72960da071106b74529c2b7f1b4ad64e7d07fbbe441a65340cd8
retrodiction-root,101,0.85,4,denied,True,after_return,0.0562976841975253,0.0673878478288746,0.03485772229460304,0.15607881740223906,0.15133255526284964,b735b6ff211a72960da071106b74529c2b7f1b4ad64e7d07fbbe441a65340cd8
retrodiction-root,101,0.85,4,gps,False,flight,0.0921987386063053,0.052870553424209786,0.04224916039877217,0.12933858953472188,0.11594118884405237,06d49e21b15f2114a9302d99ef544fa6c802b1754c9f3e63975ed5b78a02ca0b
retrodiction-root,101,0.85,4,gps,False,outage_window,0.08646799773799863,0.05469650943883325,0.04473164126706205,0.1110461000742788,0.09437707263296007,06d49e21b15f2114a9302d99ef544fa6c802b1754c9f3e63975ed5b78a02ca0b
retrodiction-root,101,0.85,4,gps,False,after_return,0.0742689693548612,0.05847098838173578,0.04122273662656962,0.057251449682225966,0.03765732347890853,06d49e21b15f2114a9302d99ef544fa6c802b1754c9f3e63975ed5b78a02ca0b
retrodiction-root,101,0.85,4,gps,True,flight,0.022363703884490764,0.052166300898082205,0.011497520241973593,0.11091729028534082,0.10115554589516053,41973b24f34cb84c89848697d2becea3be3a723975c039215d889716ae8ed039
retrodiction-root,101,0.85,4,gps,True,outage_window,0.021612310297913637,0.05448769513901516,0.01182986138086564,0.05673363782458668,0.05369406124324956,41973b24f34cb84c89848697d2becea3be3a723975c039215d889716ae8ed039
retrodiction-root,101,0.85,4,gps,True,after_return,0.0197655176570852,0.0580266467940716,0.01201479499409244,0.03979667813820558,0.035667299558105804,41973b24f34cb84c89848697d2becea3be3a723975c039215d889716ae8ed039
retrodiction-root,101,0.85,4,transition,False,flight,0.12883309297663376,0.05380488214491629,0.054941428642242565,0.150588476439109,0.1344997533490331,781f0e63d10225e51ea32ac18bca7f74112d1fac7765775719548efdc0609c95
retrodiction-root,101,0.85,4,transition,False,outage_window,0.1808051119614178,0.057131634362010186,0.07442750315403415,0.15643423943157508,0.1333163901627412,781f0e63d10225e51ea32ac18bca7f74112d1fac7765775719548efdc0609c95
retrodiction-root,101,0.85,4,transition,False,after_return,0.07506225247514324,0.05872686077855605,0.0440942298561361,0.09028391748608337,0.07543732676892637,781f0e63d10225e51ea32ac18bca7f74112d1fac7765775719548efdc0609c95
retrodiction-root,101,0.85,4,transition,True,flight,0.03412524399959905,0.054226570441975354,0.012528956844855702,0.13681606074412878,0.12867338719683755,c906cde7c0bb58b6e084ef756b4d4107612fd4bdfc476f59f13eed269f60544c
retrodiction-root,101,0.85,4,transition,True,outage_window,0.037579551771054126,0.0597783871636996,0.013249008248386752,0.11879356454985912,0.11704575391754693,c906cde7c0bb58b6e084ef756b4d4107612fd4bdfc476f59f13eed269f60544c
retrodiction-root,101,0.85,4,transition,True,after_return,0.03525848315774705,0.05855593080818139,0.013262712802133895,0.09214904343969035,0.08956558986051667,c906cde7c0bb58b6e084ef756b4d4107612fd4bdfc476f59f13eed269f60544c
px4,7,0.6,2,denied,False,flight,0.17893286879906428,0.055702005101848834,0.056480191043146465,0.6586073344591885,0.6432994961293111,8fe3821e71dd05e99e77b47e75a867fc8446568c34b891e30e4ac37988544ec3
px4,7,0.6,2,denied,False,outage_window,0.18722134683229705,0.042064703898428896,0.05678735216580828,0.2387994958905056,0.2117240615907834,8fe3821e71dd05e99e77b47e75a867fc8446568c34b891e30e4ac37988544ec3
px4,7,0.6,2,denied,False,after_return,0.18058630859126276,0.07333311670842768,0.05406585348857462,0.6356015321320411,0.6233939852689515,8fe3821e71dd05e99e77b47e75a867fc8446568c34b891e30e4ac37988544ec3
px4,7,0.6,2,denied,True,flight,0.07447743456374555,0.057848285234681905,0.02614908666380414,0.4547906954615616,0.4376607874983451,ff77262150cbb8ec183a896452928616a519d131ca0652966cdfbdc70b37cf13
px4,7,0.6,2,denied,True,outage_window,0.1052423603243542,0.04627041874495338,0.029135006465082717,0.6024363629796641,0.5933065971184118,ff77262150cbb8ec183a896452928616a519d131ca0652966cdfbdc70b37cf13
px4,7,0.6,2,denied,True,after_return,0.03180434124869558,0.07297377426492856,0.016959284337046552,0.14291555806417752,0.09109918981117188,ff77262150cbb8ec183a896452928616a519d131ca0652966cdfbdc70b37cf13
px4,7,0.6,2,gps,False,flight,0.1276726878609286,0.10566468772022694,0.09159498158246958,2.3732511617425813,2.3704859142041372,94e46494d45cf2c405f16b05bd542de15bef8961b37aab36a10c387d86d23f65
px4,7,0.6,2,gps,False,outage_window,0.1320794049139604,0.12114480062357195,0.09221932951857989,2.56258224540211,2.560498421107896,94e46494d45cf2c405f16b05bd542de15bef8961b37aab36a10c387d86d23f65
px4,7,0.6,2,gps,False,after_return,0.1288675389022732,0.07377778999722749,0.09549185271791706,2.319286171263228,2.3188369283376526,94e46494d45cf2c405f16b05bd542de15bef8961b37aab36a10c387d86d23f65
px4,7,0.6,2,gps,True,flight,0.1493902516913904,0.06589729658131192,0.09068453294741265,2.3065517348709856,2.3041138042829092,da1935e62c3be4b8a12454f7b7d6269ac6dfff21cc5935343a7448dedafecb7b
px4,7,0.6,2,gps,True,outage_window,0.15996116526625223,0.05478784970418472,0.09426472692572745,2.5293765795164656,2.5275472853176426,da1935e62c3be4b8a12454f7b7d6269ac6dfff21cc5935343a7448dedafecb7b
px4,7,0.6,2,gps,True,after_return,0.15166142918344622,0.05439893912611601,0.09545461155120738,2.2722929900986055,2.2718877415863883,da1935e62c3be4b8a12454f7b7d6269ac6dfff21cc5935343a7448dedafecb7b
px4,7,0.6,2,transition,False,flight,0.14092507239234411,0.1838395047939952,0.09391291590657658,2.3232167972454825,2.3196055257097408,5ee189a7e04b677def61094ed5b6810c33fdce0b1cb39fa65db8e674b733afb6
px4,7,0.6,2,transition,False,outage_window,0.16447376009375192,0.08420967286086162,0.10521859905336851,2.514040395939049,2.5111755069278563,5ee189a7e04b677def61094ed5b6810c33fdce0b1cb39fa65db8e674b733afb6
px4,7,0.6,2,transition,False,after_return,0.13329225053402705,0.25360759101199287,0.09057743006448724,2.2386816605815936,2.2369237511561595,5ee189a7e04b677def61094ed5b6810c33fdce0b1cb39fa65db8e674b733afb6
px4,7,0.6,2,transition,True,flight,0.16290753492869478,0.20214403606037265,0.09032893208231838,2.2777481635154744,2.274778107186752,b803333f717726d73b9417b880589defce8466dd5c87a4920be4afcdd3c979dd
px4,7,0.6,2,transition,True,outage_window,0.20520474703873381,0.03655072166980201,0.09998769934129265,2.548570353470996,2.5468962940639592,b803333f717726d73b9417b880589defce8466dd5c87a4920be4afcdd3c979dd
px4,7,0.6,2,transition,True,after_return,0.1432845427338332,0.30004997899672897,0.09014732845915543,2.1863011725178114,2.1845299501301714,b803333f717726d73b9417b880589defce8466dd5c87a4920be4afcdd3c979dd
px4,7,0.6,4,denied,False,flight,0.21064156899063557,0.06865763999902068,0.047087154051103614,0.5096296239299081,0.4921140761034679,85cd7422b2d7e5ca3ca905d656f853cbb94fb573d3613e78474fd1351ad20771
px4,7,0.6,4,denied,False,outage_window,0.2063344567953195,0.04324247934371558,0.046815743986366926,0.542841327639633,0.5333235676338626,85cd7422b2d7e5ca3ca905d656f853cbb94fb573d3613e78474fd1351ad20771
px4,7,0.6,4,denied,False,after_return,0.2244898163808544,0.08401380706327755,0.0382649214978575,0.15238455408354065,0.09751920405217206,85cd7422b2d7e5ca3ca905d656f853cbb94fb573d3613e78474fd1351ad20771
px4,7,0.6,4,denied,True,flight,0.1456178825629306,0.05833746460109326,0.03182632956657584,0.46721870384315517,0.4498315534319973,77d7fe9b0ea17284bf44ecbb5524a6b0bcaa5d11a0bb25217f176d2d5778e87f
px4,7,0.6,4,denied,True,outage_window,0.18288632516654116,0.047840948029207506,0.03465543583280473,0.6524513965673323,0.6440349373446219,77d7fe9b0ea17284bf44ecbb5524a6b0bcaa5d11a0bb25217f176d2d5778e87f
px4,7,0.6,4,denied,True,after_return,0.1270306236223714,0.0716472239861523,0.022500206300208863,0.179998870650597,0.1390590555821587,77d7fe9b0ea17284bf44ecbb5524a6b0bcaa5d11a0bb25217f176d2d5778e87f
px4,7,0.6,4,gps,False,flight,0.14144720876721745,0.17803447947509093,0.0926403588671392,2.324795329543883,2.3224860956133546,76a080a5c68f0ad9850113ff67d9d42d919db37da99b6f63544646f57b3a1e15
px4,7,0.6,4,gps,False,outage_window,0.1487322737050098,0.22448902186317113,0.09356858877955988,2.5428470755846453,2.5409280778861256,76a080a5c68f0ad9850113ff67d9d42d919db37da99b6f63544646f57b3a1e15
px4,7,0.6,4,gps,False,after_return,0.14356256599574455,0.12308474689244855,0.09792224873831248,2.2954840562037906,2.29535871166198,76a080a5c68f0ad9850113ff67d9d42d919db37da99b6f63544646f57b3a1e15
px4,7,0.6,4,gps,True,flight,0.15012489985144029,0.06830729999273202,0.09175772718347912,2.3065148403252618,2.3041366437715887,36b17ba8c747d3b1a78e493e02ffce6323c13b2c2d12af9c02931779cb9650ef
px4,7,0.6,4,gps,True,outage_window,0.1604235810156627,0.05952310380572124,0.09478602631907082,2.532085952756097,2.5300879887958003,36b17ba8c747d3b1a78e493e02ffce6323c13b2c2d12af9c02931779cb9650ef
px4,7,0.6,4,gps,True,after_return,0.15284578379364028,0.05920689703145866,0.09746615662887845,2.2776961992142692,2.2774954713860946,36b17ba8c747d3b1a78e493e02ffce6323c13b2c2d12af9c02931779cb9650ef
px4,7,0.6,4,transition,False,flight,0.17092355760247335,0.1930530215287021,0.09328434650124408,2.282772113445828,2.279727153781,dbbf956154ba8b7802a8b471a249ae7d69aaca6691f93864966e20b2e96997d6
px4,7,0.6,4,transition,False,outage_window,0.21888823830389662,0.1581717099550491,0.1040171114777667,2.5048096025892743,2.5029383662778137,dbbf956154ba8b7802a8b471a249ae7d69aaca6691f93864966e20b2e96997d6
px4,7,0.6,4,transition,False,after_return,0.15134356072475325,0.21743880141407748,0.09122379535320227,2.226708073641208,2.2248452379038177,dbbf956154ba8b7802a8b471a249ae7d69aaca6691f93864966e20b2e96997d6
px4,7,0.6,4,transition,True,flight,0.1784224961549062,0.2045141672677339,0.09269709270409056,2.2753023890122464,2.2723482658978504,2183733c6a1451b1337d6186f82cfb104169938fc17b0b0032cd9e706ffd8322
px4,7,0.6,4,transition,True,outage_window,0.2377897435635854,0.039121109560302195,0.10417745412428167,2.528623685836324,2.5272360947813195,2183733c6a1451b1337d6186f82cfb104169938fc17b0b0032cd9e706ffd8322
px4,7,0.6,4,transition,True,after_return,0.1486736181537501,0.30387699897545406,0.09222485557732059,2.2056672948756644,2.203616825139485,2183733c6a1451b1337d6186f82cfb104169938fc17b0b0032cd9e706ffd8322
px4,101,0.85,2,denied,False,flight,0.33672900125124344,0.040996147591340966,0.10735660057281349,1.7859143247513078,1.780102269391653,e4478e40c5924f8256e4e1bb0dfc7868afdbc52771815026d9137a7b435985d2
px4,101,0.85,2,denied,False,outage_window,0.4055271031345362,0.030404077880620453,0.11856106740488805,2.0238036639854724,2.019168606640347,e4478e40c5924f8256e4e1bb0dfc7868afdbc52771815026d9137a7b435985d2
px4,101,0.85,2,denied,False,after_return,0.33811210682159765,0.05203214396979764,0.10962111001564605,1.829752451021938,1.824759110947098,e4478e40c5924f8256e4e1bb0dfc7868afdbc52771815026d9137a7b435985d2
px4,101,0.85,2,denied,True,flight,0.11326398051307847,0.03598391808231215,0.029947278440065117,0.46409468409425,0.4501444624422069,dd4a0ec5a2557f751c3a5f295fb9d66dd0e9220a6eb4a5e57eedefd8c47fdeb3
px4,101,0.85,2,denied,True,outage_window,0.12584081462409194,0.032611248251178615,0.03237992505008786,0.5228936149016905,0.5129577559196876,dd4a0ec5a2557f751c3a5f295fb9d66dd0e9220a6eb4a5e57eedefd8c47fdeb3
px4,101,0.85,2,denied,True,after_return,0.11808907228188253,0.04480818104012926,0.02688533066789022,0.4215933034459456,0.40950222145621046,dd4a0ec5a2557f751c3a5f295fb9d66dd0e9220a6eb4a5e57eedefd8c47fdeb3
px4,101,0.85,2,gps,False,flight,0.16856820315643775,0.16157678585999027,0.16977836202281166,3.181930304449218,3.180452500241601,c863d67b0bb1b31b7d196a1167a2b67838fca12c5db5e214df5f160413925c98
px4,101,0.85,2,gps,False,outage_window,0.17040172601353656,0.20277611365637555,0.17613590829291897,3.285595251749447,3.2849813321881363,c863d67b0bb1b31b7d196a1167a2b67838fca12c5db5e214df5f160413925c98
px4,101,0.85,2,gps,False,after_return,0.17861846698068193,0.11410004093311055,0.17354788952759218,3.2739069206074,3.2736177079379774,c863d67b0bb1b31b7d196a1167a2b67838fca12c5db5e214df5f160413925c98
px4,101,0.85,2,gps,True,flight,0.20358853801076573,0.14153420703342784,0.16600776191359437,3.134035544257076,3.1325938060280447,4b92e8fb198adcbaa0ea0a3934e1fea33034ca0e9efb521ecae538741f4e0ad1
px4,101,0.85,2,gps,True,outage_window,0.21395324764515825,0.16742310356051024,0.17374779316452338,3.2678109180677746,3.2667490987231513,4b92e8fb198adcbaa0ea0a3934e1fea33034ca0e9efb521ecae538741f4e0ad1
px4,101,0.85,2,gps,True,after_return,0.21649873168874686,0.11266956767294962,0.17132761025412516,3.2495755718534243,3.249253386845033,4b92e8fb198adcbaa0ea0a3934e1fea33034ca0e9efb521ecae538741f4e0ad1
px4,101,0.85,2,transition,False,flight,0.15872538281436654,0.13261631011944275,0.17666691010561078,3.1514939599101575,3.1491095173659165,7a8c0d59bec23a0ffea6bb23823e1cc56d7e629128c083784b87901c6b7c154d
px4,101,0.85,2,transition,False,outage_window,0.13852164203208714,0.16723001136844926,0.19644141079339314,3.2403070328003243,3.2389009586126707,7a8c0d59bec23a0ffea6bb23823e1cc56d7e629128c083784b87901c6b7c154d
px4,101,0.85,2,transition,False,after_return,0.17810229592762197,0.05348917433842338,0.17335838383751867,3.23838318120734,3.236638660066194,7a8c0d59bec23a0ffea6bb23823e1cc56d7e629128c083784b87901c6b7c154d
px4,101,0.85,2,transition,True,flight,0.20889296583742342,0.12374309119338546,0.16541734583309256,3.121768279754343,3.1195971866552803,6c7c426307d6465fad6b8e66d41850987567a0c7ee1e7c96a11da06497f3ca46
px4,101,0.85,2,transition,True,outage_window,0.22404085663739542,0.14116973347453354,0.175863322326298,3.271061206032593,3.270145098185379,6c7c426307d6465fad6b8e66d41850987567a0c7ee1e7c96a11da06497f3ca46
px4,101,0.85,2,transition,True,after_return,0.22068011925996212,0.08763345230097636,0.16834071307036366,3.219232629637415,3.2171483243057426,6c7c426307d6465fad6b8e66d41850987567a0c7ee1e7c96a11da06497f3ca46
px4,101,0.85,4,denied,False,flight,0.22424928423667106,0.06024533390139255,0.06381049073268487,0.5979582647628326,0.5851547886866943,d7bf734bb31945f4baeca18758418f46b7c03cfbc0dc82eeaefa0128c51ec312
px4,101,0.85,4,denied,False,outage_window,0.26173814422825303,0.039308412798926835,0.06539794045710544,0.45158826323420376,0.4395643077066714,d7bf734bb31945f4baeca18758418f46b7c03cfbc0dc82eeaefa0128c51ec312
px4,101,0.85,4,denied,False,after_return,0.22385945553741124,0.055036226753952706,0.05576480404872926,0.14779594814663807,0.09448134626022338,d7bf734bb31945f4baeca18758418f46b7c03cfbc0dc82eeaefa0128c51ec312
px4,101,0.85,4,denied,True,flight,0.1580351656785241,0.03499054577202538,0.036719824173836464,0.5601620184591333,0.5483599782370631,0d44d022c1eeb145e52273981a11d22a3f22dd4c4c794e36449ac67315ab9401
px4,101,0.85,4,denied,True,outage_window,0.17500117764149348,0.03318029420987955,0.04025839717529895,0.640380612892607,0.6322163542747201,0d44d022c1eeb145e52273981a11d22a3f22dd4c4c794e36449ac67315ab9401
px4,101,0.85,4,denied,True,after_return,0.16432917666950506,0.04334879774680897,0.032327316017421635,0.49613000022328635,0.4854854885272581,0d44d022c1eeb145e52273981a11d22a3f22dd4c4c794e36449ac67315ab9401
px4,101,0.85,4,gps,False,flight,0.1894733030402162,0.2369215422227428,0.1683730320558937,3.1527873120504983,3.1515511876886872,e5eb98f4f8a5a3101ed772028aad7405798781e430236be4abbbacae57d45239
px4,101,0.85,4,gps,False,outage_window,0.19644899308788039,0.30893289470436236,0.17569807419715874,3.277069948621962,3.2763174785394793,e5eb98f4f8a5a3101ed772028aad7405798781e430236be4abbbacae57d45239
px4,101,0.85,4,gps,False,after_return,0.2016848885309083,0.1680080160796837,0.17281275370627058,3.260444022808071,3.260396389983649,e5eb98f4f8a5a3101ed772028aad7405798781e430236be4abbbacae57d45239
px4,101,0.85,4,gps,True,flight,0.203426460589618,0.14617076828499603,0.166636080502815,3.1371648890347608,3.1358194681191045,cc53967cac70ba15a5787067b0b1cbbf3ecadb1f0497026360bc7dc75c1831fe
px4,101,0.85,4,gps,True,outage_window,0.21396454762140513,0.1744736127518046,0.17453672334197495,3.271189737267022,3.2701164540401875,cc53967cac70ba15a5787067b0b1cbbf3ecadb1f0497026360bc7dc75c1831fe
px4,101,0.85,4,gps,True,after_return,0.21678940798958948,0.11853476872479494,0.171856337055643,3.250987209768678,3.250863915396375,cc53967cac70ba15a5787067b0b1cbbf3ecadb1f0497026360bc7dc75c1831fe
px4,101,0.85,4,transition,False,flight,0.16997748813934127,0.18111929233061433,0.17170279767299132,3.1408683049244845,3.138616854570334,65e648b87ada1331d134609425d8663d2dd2e59fe23272410a691f6a159fda4c
px4,101,0.85,4,transition,False,outage_window,0.13182826654649332,0.24296283311102,0.18739984639542773,3.2671990713832937,3.2658319217026306,65e648b87ada1331d134609425d8663d2dd2e59fe23272410a691f6a159fda4c
px4,101,0.85,4,transition,False,after_return,0.20029636346365282,0.026706458299854647,0.1712853089761401,3.240780814325993,3.238894753862622,65e648b87ada1331d134609425d8663d2dd2e59fe23272410a691f6a159fda4c
px4,101,0.85,4,transition,True,flight,0.20868028270075725,0.12559767457880397,0.16658064327294128,3.1281418894948234,3.125846310428685,f0781da609afbaf9413a50c5ba278cf74c9b1dad0e18236b8c40bbc39c96bb34
px4,101,0.85,4,transition,True,outage_window,0.2232455926580057,0.14627353858652978,0.17809679025081884,3.277066242246055,3.2758889807039484,f0781da609afbaf9413a50c5ba278cf74c9b1dad0e18236b8c40bbc39c96bb34
px4,101,0.85,4,transition,True,after_return,0.2214551662002877,0.08772220375325808,0.16896638947050158,3.2260203537028835,3.223820992198247,f0781da609afbaf9413a50c5ba278cf74c9b1dad0e18236b8c40bbc39c96bb34
ekf3,7,0.6,2,denied,False,flight,0.16767225755305917,0.05874563269418217,0.03049267825480617,0.39589521064371347,0.36880445794846806,b21df634233f14eae5597e26eda4993fec224c482fe4c2dc380dec60b780f2ac
ekf3,7,0.6,2,denied,False,outage_window,0.11985561663253336,0.040058941157582614,0.02210676245733115,0.5166142465580074,0.49012504098304127,b21df634233f14eae5597e26eda4993fec224c482fe4c2dc380dec60b780f2ac
ekf3,7,0.6,2,denied,False,after_return,0.22197301022433769,0.05837451417356721,0.02601069218660191,0.3600451766032038,0.33880466177646834,b21df634233f14eae5597e26eda4993fec224c482fe4c2dc380dec60b780f2ac
ekf3,7,0.6,2,denied,True,flight,0.11976934051397309,0.05872760609583926,0.02956044199895717,0.3939291652651663,0.3666458959323335,5eb528c01f0737529cf2f4e7cce8e69d4a55783fa5db03a19d73fb3533723f3c
ekf3,7,0.6,2,denied,True,outage_window,0.09265539479086736,0.040030860345488445,0.02298552487556484,0.5147272009788877,0.4879813047618975,5eb528c01f0737529cf2f4e7cce8e69d4a55783fa5db03a19d73fb3533723f3c
ekf3,7,0.6,2,denied,True,after_return,0.14783070464508802,0.05834665551683317,0.02379907941926218,0.35714968081440585,0.3357384768399109,5eb528c01f0737529cf2f4e7cce8e69d4a55783fa5db03a19d73fb3533723f3c
ekf3,7,0.6,2,gps,False,flight,0.10595773589596967,0.06090341211663167,0.036056250676398185,0.39714195012902326,0.3694329042155931,bf8113163cb67e4566bf49681284e176f20ed4efe0f8e4882de59e86daecdbd3
ekf3,7,0.6,2,gps,False,outage_window,0.14652644082345115,0.04271606840522662,0.040915839316774935,0.5036254322592411,0.47516035594190026,bf8113163cb67e4566bf49681284e176f20ed4efe0f8e4882de59e86daecdbd3
ekf3,7,0.6,2,gps,False,after_return,0.06526269357208675,0.06204305186723168,0.025643657321169303,0.3766895738925258,0.35596771590127607,bf8113163cb67e4566bf49681284e176f20ed4efe0f8e4882de59e86daecdbd3
ekf3,7,0.6,2,gps,True,flight,0.10123718232520611,0.06088677502600385,0.03578185088239276,0.39516278467124927,0.3672588501224559,2318f9d5db496119a83f1d41eb9fefb3e14fcd41b092e16e02a769f263b0a028
ekf3,7,0.6,2,gps,True,outage_window,0.13851126937138256,0.04267892618143057,0.04104958917565332,0.5004330529952151,0.47162294796799065,2318f9d5db496119a83f1d41eb9fefb3e14fcd41b092e16e02a769f263b0a028
ekf3,7,0.6,2,gps,True,after_return,0.0654117316533229,0.062024152392435,0.02557674731512218,0.3751357324195052,0.35433153496669695,2318f9d5db496119a83f1d41eb9fefb3e14fcd41b092e16e02a769f263b0a028
ekf3,7,0.6,2,transition,False,flight,0.09698503750846629,0.05652939667376028,0.0316934640849586,0.42684506854705284,0.401683930069623,688a086ca62de89a40593240d5685d0dbe66baae12b30c6293d15d56dd43c77a
ekf3,7,0.6,2,transition,False,outage_window,0.11985561663253336,0.040058941157582614,0.02210676245733115,0.5166137795202166,0.4901244897889695,688a086ca62de89a40593240d5685d0dbe66baae12b30c6293d15d56dd43c77a
ekf3,7,0.6,2,transition,False,after_return,0.07285926052294475,0.0529831456691654,0.029189683888789637,0.43528477067143007,0.4175193433765642,688a086ca62de89a40593240d5685d0dbe66baae12b30c6293d15d56dd43c77a
ekf3,7,0.6,2,transition,True,flight,0.08531299905376497,0.056537920626884446,0.031525619751661724,0.42553423753689534,0.40020992856135484,4cf9fede584bb9a2e07fa39845a72f216aded081cb9a40bb5c70a225ec37371a
ekf3,7,0.6,2,transition,True,outage_window,0.09265539448204925,0.040030860345488445,0.02298552487556484,0.5147268206025165,0.4879808982422265,4cf9fede584bb9a2e07fa39845a72f216aded081cb9a40bb5c70a225ec37371a
ekf3,7,0.6,2,transition,True,after_return,0.07244244299934656,0.053020782481966434,0.02912905524820679,0.4340731636811959,0.4161813834112112,4cf9fede584bb9a2e07fa39845a72f216aded081cb9a40bb5c70a225ec37371a
ekf3,7,0.6,4,denied,False,flight,0.13878463951460387,0.058587218102476954,0.03680699142073221,0.6194656757627182,0.6076220477527324,95a64238553081cc0174b0bfae983bcc3267542af7c4c208616d9f7fac2f114a
ekf3,7,0.6,4,denied,False,outage_window,0.08803843080182483,0.03919770027267756,0.031957012057698415,0.8792434162171753,0.8703613381916816,95a64238553081cc0174b0bfae983bcc3267542af7c4c208616d9f7fac2f114a
ekf3,7,0.6,4,denied,False,after_return,0.18836550109942393,0.05776824252995758,0.02298209431513416,0.23185832126571576,0.2082474761567416,95a64238553081cc0174b0bfae983bcc3267542af7c4c208616d9f7fac2f114a
ekf3,7,0.6,4,denied,True,flight,0.07863941310498765,0.05858401912004592,0.03588206581240808,0.6237615863372872,0.611840226426212,bb3150cae98a2bd57da02828ab027dd0afdc18c99d63e695794d1ca43f704b32
ekf3,7,0.6,4,denied,True,outage_window,0.09559079377701638,0.03915681200847008,0.03273624745007347,0.8825097045525773,0.8734261795650677,bb3150cae98a2bd57da02828ab027dd0afdc18c99d63e695794d1ca43f704b32
ekf3,7,0.6,4,denied,True,after_return,0.056189466264457234,0.05774593674017247,0.02018860288886687,0.2283355577331926,0.20421214826674192,bb3150cae98a2bd57da02828ab027dd0afdc18c99d63e695794d1ca43f704b32
ekf3,7,0.6,4,gps,False,flight,0.09108591059822305,0.05697284193898199,0.04269956642840874,0.7489506121960867,0.7388725347599633,5996c2f67eb4db6e0b95927e2b9055c0bfeb8fa0a38345bc5ad3fa0640547ebf
ekf3,7,0.6,4,gps,False,outage_window,0.08803854929905333,0.03919770027267756,0.031957012057698415,0.8792433220935799,0.870361233705022,5996c2f67eb4db6e0b95927e2b9055c0bfeb8fa0a38345bc5ad3fa0640547ebf
ekf3,7,0.6,4,gps,False,after_return,0.09856419245681529,0.053840133172197865,0.0403627030198806,0.6856775179701886,0.677258091228854,5996c2f67eb4db6e0b95927e2b9055c0bfeb8fa0a38345bc5ad3fa0640547ebf
ekf3,7,0.6,4,gps,True,flight,0.097149099951484,0.05648753037394419,0.039615591173289694,0.7374079328265635,0.7267150726444198,6a12d2f8f54d0a41ef196b4a438fb15700674013b6fdad9dc054cc4f6c1a7fd0
ekf3,7,0.6,4,gps,True,outage_window,0.09559091439568197,0.03915681200847008,0.03273624745007347,0.8825095160175844,0.8734259891982993,6a12d2f8f54d0a41ef196b4a438fb15700674013b6fdad9dc054cc4f6c1a7fd0
ekf3,7,0.6,4,gps,True,after_return,0.1039404831899277,0.05260859834665812,0.032710546719001594,0.6447200286362457,0.6348655063735429,6a12d2f8f54d0a41ef196b4a438fb15700674013b6fdad9dc054cc4f6c1a7fd0
ekf3,7,0.6,4,transition,False,flight,0.09108591059822305,0.05697284193898199,0.04269956642840874,0.7489506121960867,0.7388725347599633,5996c2f67eb4db6e0b95927e2b9055c0bfeb8fa0a38345bc5ad3fa0640547ebf
ekf3,7,0.6,4,transition,False,outage_window,0.08803854929905333,0.03919770027267756,0.031957012057698415,0.8792433220935799,0.870361233705022,5996c2f67eb4db6e0b95927e2b9055c0bfeb8fa0a38345bc5ad3fa0640547ebf
ekf3,7,0.6,4,transition,False,after_return,0.09856419245681529,0.053840133172197865,0.0403627030198806,0.6856775179701886,0.677258091228854,5996c2f67eb4db6e0b95927e2b9055c0bfeb8fa0a38345bc5ad3fa0640547ebf
ekf3,7,0.6,4,transition,True,flight,0.097149099951484,0.05648753037394419,0.039615591173289694,0.7374079328265635,0.7267150726444198,6a12d2f8f54d0a41ef196b4a438fb15700674013b6fdad9dc054cc4f6c1a7fd0
ekf3,7,0.6,4,transition,True,outage_window,0.09559091439568197,0.03915681200847008,0.03273624745007347,0.8825095160175844,0.8734259891982993,6a12d2f8f54d0a41ef196b4a438fb15700674013b6fdad9dc054cc4f6c1a7fd0
ekf3,7,0.6,4,transition,True,after_return,0.1039404831899277,0.05260859834665812,0.032710546719001594,0.6447200286362457,0.6348655063735429,6a12d2f8f54d0a41ef196b4a438fb15700674013b6fdad9dc054cc4f6c1a7fd0
ekf3,101,0.85,2,denied,False,flight,0.09410760607676444,0.04733620335745868,0.03537340258152221,0.432104847445602,0.41250736540866256,a716139c808003c76d4eab2da7db1b25ef9ee23a2d46d21fd98dd1f32c7ec177
ekf3,101,0.85,2,denied,False,outage_window,0.06536163136245093,0.04303583677200511,0.03408605866361722,0.5333945633405366,0.5157843917505941,a716139c808003c76d4eab2da7db1b25ef9ee23a2d46d21fd98dd1f32c7ec177
ekf3,101,0.85,2,denied,False,after_return,0.1189287764153626,0.04181714660279919,0.026269654665861293,0.3090362528072099,0.28857051500554537,a716139c808003c76d4eab2da7db1b25ef9ee23a2d46d21fd98dd1f32c7ec177
ekf3,101,0.85,2,denied,True,flight,0.05188167951812744,0.04731318425388795,0.035111244835890905,0.43236458879306916,0.41277350534848606,b7d7bf8249772eaa4b778a04b2c71e12cefea03dd259769d58af997736920f01
ekf3,101,0.85,2,denied,True,outage_window,0.03615409202136861,0.04297815863901104,0.03460978565513777,0.534334301277155,0.5167004827218402,b7d7bf8249772eaa4b778a04b2c71e12cefea03dd259769d58af997736920f01
ekf3,101,0.85,2,denied,True,after_return,0.04386594030971504,0.04180813838237717,0.024508653572794702,0.30795544961123583,0.2874055589745297,b7d7bf8249772eaa4b778a04b2c71e12cefea03dd259769d58af997736920f01
ekf3,101,0.85,2,gps,False,flight,0.07026638758403095,0.0475303729253868,0.04461393258653223,0.3820219328915545,0.36042506845270694,5c8fb8f0a1a37f250ec216190889b5bdd96541a2d5b5a1901a599325058c7cd7
ekf3,101,0.85,2,gps,False,outage_window,0.07592029106609065,0.04627072047562404,0.061313963121675356,0.49487310205612045,0.47515381581397614,5c8fb8f0a1a37f250ec216190889b5bdd96541a2d5b5a1901a599325058c7cd7
ekf3,101,0.85,2,gps,False,after_return,0.06177283994514958,0.03968991030476133,0.021883381101202554,0.17144274270988863,0.13736035016752748,5c8fb8f0a1a37f250ec216190889b5bdd96541a2d5b5a1901a599325058c7cd7
ekf3,101,0.85,2,gps,True,flight,0.06709750225654788,0.0475038027367822,0.04470470119098572,0.3827294683766914,0.3611523204069452,26694245d28d257797729315b6631cfb9f03217e923a4138356c1e24e91a0fad
ekf3,101,0.85,2,gps,True,outage_window,0.0670926459605664,0.04621643957150601,0.0613632213478338,0.4960305565195438,0.47626632594486934,26694245d28d257797729315b6631cfb9f03217e923a4138356c1e24e91a0fad
ekf3,101,0.85,2,gps,True,after_return,0.06150489873073357,0.03967072163447497,0.02178046634167775,0.17135318441343939,0.13722018873306174,26694245d28d257797729315b6631cfb9f03217e923a4138356c1e24e91a0fad
ekf3,101,0.85,2,transition,False,flight,0.07472866057240962,0.046285572994699105,0.04828673901944951,0.4045434237345866,0.38509293040493575,c11784322307735bfa26df5b7a0b7cc20cf7a56f94f8b1508a51c06d9ad845b9
ekf3,101,0.85,2,transition,False,outage_window,0.06536163535645466,0.04303583677200511,0.03408605866361722,0.5333948013598093,0.5157846365340834,c11784322307735bfa26df5b7a0b7cc20cf7a56f94f8b1508a51c06d9ad845b9
ekf3,101,0.85,2,transition,False,after_return,0.08034402132874419,0.038955401807708255,0.056823181100391355,0.20325848398989732,0.17857259387048174,c11784322307735bfa26df5b7a0b7cc20cf7a56f94f8b1508a51c06d9ad845b9
ekf3,101,0.85,2,transition,True,flight,0.06783781247271209,0.04627635311294354,0.04845874500673912,0.405295417506843,0.3858590297246686,fe29b67080efb2b8f66df52456a02cfc576bb28ff2e2da38d7caa63f536ed876
ekf3,101,0.85,2,transition,True,outage_window,0.036154123344578515,0.04297815863901104,0.034609868951789545,0.5343344799894265,0.5167006455517742,fe29b67080efb2b8f66df52456a02cfc576bb28ff2e2da38d7caa63f536ed876
ekf3,101,0.85,2,transition,True,after_return,0.08008327122124304,0.0389856967361108,0.056762473006622426,0.20383961949875287,0.17913395588674375,fe29b67080efb2b8f66df52456a02cfc576bb28ff2e2da38d7caa63f536ed876
ekf3,101,0.85,4,denied,False,flight,0.09221324197179942,0.04759984394650072,0.04215938037699455,0.5741739238402551,0.5622030244136242,d482724f7a3a3e40ff93d5ce98e776798e092f8e06726f909f30a5ab3f58fbf4
ekf3,101,0.85,4,denied,False,outage_window,0.05401212026951031,0.043647656370837,0.041889181439617,0.6702184620276458,0.6587661305704262,d482724f7a3a3e40ff93d5ce98e776798e092f8e06726f909f30a5ab3f58fbf4
ekf3,101,0.85,4,denied,False,after_return,0.1211376741899322,0.040688741624680405,0.036891511652946095,0.5505124553615411,0.5427903442942174,d482724f7a3a3e40ff93d5ce98e776798e092f8e06726f909f30a5ab3f58fbf4
ekf3,101,0.85,4,denied,True,flight,0.06667669644897398,0.04758174729003327,0.04192638103888264,0.5758000112984855,0.5637856695387388,c3e148133164acd956eefbe3777adf34d37ad03e84690ed79640dabc5c1ed603
ekf3,101,0.85,4,denied,True,outage_window,0.06753986031301223,0.04358071102372395,0.042924265937110684,0.6722142283307967,0.6606935299539106,c3e148133164acd956eefbe3777adf34d37ad03e84690ed79640dabc5c1ed603
ekf3,101,0.85,4,denied,True,after_return,0.05444140639401486,0.040670992795848994,0.03458111954023428,0.5464542106502902,0.5386592916747928,c3e148133164acd956eefbe3777adf34d37ad03e84690ed79640dabc5c1ed603
ekf3,101,0.85,4,gps,False,flight,0.0903812213813029,0.04601101208507507,0.0467730054059669,0.603028784533883,0.5898895110385144,a79612c003f51028164a2cc882ece954b8b0fabe3836651a6fba8f3d0535cd2b
ekf3,101,0.85,4,gps,False,outage_window,0.05401212026951031,0.043647656370837,0.04188924457102948,0.6702185576882602,0.6587662270960123,a79612c003f51028164a2cc882ece954b8b0fabe3836651a6fba8f3d0535cd2b
ekf3,101,0.85,4,gps,False,after_return,0.11784829905093386,0.03613936503316016,0.04822018524899863,0.6187799743913803,0.6079309836476173,a79612c003f51028164a2cc882ece954b8b0fabe3836651a6fba8f3d0535cd2b
ekf3,101,0.85,4,gps,True,flight,0.09580677753421732,0.046012552897103626,0.04716239349465222,0.605987675521015,0.5928409637168138,73b201917139d36e466be9055abe3741508b91cba535d79f360174529ab3ad65
ekf3,101,0.85,4,gps,True,outage_window,0.06753989293704807,0.04358071102372395,0.042924265937110684,0.6722143302557344,0.6606936499008091,73b201917139d36e466be9055abe3741508b91cba535d79f360174529ab3ad65
ekf3,101,0.85,4,gps,True,after_return,0.11868774932383656,0.03617997616085451,0.04787544434784953,0.6184246443340435,0.6075589167397799,73b201917139d36e466be9055abe3741508b91cba535d79f360174529ab3ad65
ekf3,101,0.85,4,transition,False,flight,0.0903812213813029,0.04601101208507507,0.0467730054059669,0.603028784533883,0.5898895110385144,a79612c003f51028164a2cc882ece954b8b0fabe3836651a6fba8f3d0535cd2b
ekf3,101,0.85,4,transition,False,outage_window,0.05401212026951031,0.043647656370837,0.04188924457102948,0.6702185576882602,0.6587662270960123,a79612c003f51028164a2cc882ece954b8b0fabe3836651a6fba8f3d0535cd2b
ekf3,101,0.85,4,transition,False,after_return,0.11784829905093386,0.03613936503316016,0.04822018524899863,0.6187799743913803,0.6079309836476173,a79612c003f51028164a2cc882ece954b8b0fabe3836651a6fba8f3d0535cd2b
ekf3,101,0.85,4,transition,True,flight,0.09580677753421732,0.046012552897103626,0.04716239349465222,0.605987675521015,0.5928409637168138,73b201917139d36e466be9055abe3741508b91cba535d79f360174529ab3ad65
ekf3,101,0.85,4,transition,True,outage_window,0.06753989293704807,0.04358071102372395,0.042924265937110684,0.6722143302557344,0.6606936499008091,73b201917139d36e466be9055abe3741508b91cba535d79f360174529ab3ad65
ekf3,101,0.85,4,transition,True,after_return,0.11868774932383656,0.03617997616085451,0.04787544434784953,0.6184246443340435,0.6075589167397799,73b201917139d36e466be9055abe3741508b91cba535d79f360174529ab3ad65
