name,scenario,sensor,axis,stage,navigation,window,rows,invalid_rows,valid,fused_rows,rejected_fusion_rows,fusion_not_yet_decided_rows,unknown_native_sample_time_rows,median_observation_variance,minimum_observation_variance,maximum_observation_variance,median_innovation_variance,mean_scalar_nis,median_scalar_nis,p95_scalar_nis,maximum_scalar_nis,fraction_below_chisq_1d_95
px4,gps,barometer,0,fusion,True,after_return,197,0,True,197,0,0,0,4.082235336303711,4.082235336303711,4.082235336303711,4.098860263824463,0.002303742025631448,0.0013268239247501419,0.008334524476603765,0.01863208828682858,1.0
px4,gps,barometer,0,fusion,True,before_takeoff,30,0,True,30,0,0,0,4.083080291748047,4.083080291748047,4.083080768585205,4.084198951721191,0.002324518338141962,0.0007662657336146517,0.008375823076741416,0.014316187082893617,1.0
px4,gps,barometer,0,fusion,True,flight,467,0,True,467,0,0,0,4.082235336303711,4.082235336303711,4.083080291748047,4.098334312438965,0.0025946837557230895,0.0012505216471232039,0.00932353921468554,0.021276116695543728,1.0
px4,gps,barometer,0,fusion,True,outage,150,0,True,150,0,0,0,4.082235336303711,4.082235336303711,4.082235336303711,4.098201274871826,0.00317562404343853,0.0011790922516962048,0.012171529675063167,0.021276116695543728,1.0
px4,gps,gps_height,0,fusion,True,after_return,197,0,True,197,0,0,0,0.5946429371833801,0.5946362018585205,0.5946457982063293,0.611349880695343,0.24859781035296,0.10147233240002668,1.0707191013185908,1.908935942315999,1.0
px4,gps,gps_height,0,fusion,True,before_takeoff,30,0,True,30,0,0,0,0.5942198038101196,0.5942196249961853,0.594219982624054,0.5953514575958252,0.21139009642088663,0.1488002653853132,0.6292611179066652,1.1540387559457124,1.0
px4,gps,gps_height,0,fusion,True,flight,467,0,True,467,0,0,0,0.5946282148361206,0.594219446182251,0.5946457982063293,0.6108041405677795,0.23632485956465665,0.10844156040775015,0.8629817018561802,1.908935942315999,1.0
px4,gps,gps_height,0,fusion,True,outage,150,0,True,150,0,0,0,0.5946229994297028,0.5945902466773987,0.5946359634399414,0.6106578707695007,0.21176193641385263,0.10080251650557213,0.7668527809500588,1.3049188877969928,1.0
px4,gps,gps_position,0,fusion,True,after_return,197,0,True,197,0,0,0,0.25,0.25,0.25,0.2642708718776703,0.1438836421550347,0.06256499463861873,0.6496304253068691,1.1077283432528058,1.0
px4,gps,gps_position,0,fusion,True,before_takeoff,30,0,True,30,0,0,0,0.25,0.25,0.25,0.2567673623561859,0.09705029505891719,0.04145982294573712,0.34110808514722324,0.565137206160209,1.0
px4,gps,gps_position,0,fusion,True,flight,467,0,True,467,0,0,0,0.25,0.25,0.25,0.2643549144268036,0.15722290391503838,0.07028164454018165,0.6518616351428894,1.5293983814311112,1.0
px4,gps,gps_position,0,fusion,True,outage,150,0,True,150,0,0,0,0.25,0.25,0.25,0.2645070552825928,0.19750665484886193,0.09711950968066743,0.7630479100743314,1.5293983814311112,1.0
px4,gps,gps_position,1,fusion,True,after_return,197,0,True,197,0,0,0,0.25,0.25,0.25,0.2642751932144165,0.17257991413494825,0.07114099638539924,0.6521949419988831,1.4377374556868214,1.0
px4,gps,gps_position,1,fusion,True,before_takeoff,30,0,True,30,0,0,0,0.25,0.25,0.25,0.2567429691553116,0.187017702778487,0.10368961079901098,0.5972795338288226,1.3814439355665424,1.0
px4,gps,gps_position,1,fusion,True,flight,467,0,True,467,0,0,0,0.25,0.25,0.25,0.26427724957466125,0.16608339453360385,0.06805012077304544,0.6817954148018459,2.152282487982698,1.0
px4,gps,gps_position,1,fusion,True,outage,150,0,True,150,0,0,0,0.25,0.25,0.25,0.2643497586250305,0.17347533305451945,0.07734229871009789,0.7035883227277864,2.152282487982698,1.0
px4,gps,gps_velocity,0,fusion,True,after_return,197,0,True,197,0,0,0,0.25,0.25,0.25,0.2529233992099762,0.011413543134434575,0.00517914464372789,0.04197614480479317,0.0901894191709414,1.0
px4,gps,gps_velocity,0,fusion,True,before_takeoff,30,0,True,30,0,0,0,0.25,0.25,0.25,0.25051602721214294,0.0068374363081313465,0.00336503275333954,0.02434263572723583,0.05172319171597908,1.0
px4,gps,gps_velocity,0,fusion,True,flight,467,0,True,467,0,0,0,0.25,0.25,0.25,0.25311943888664246,0.014364425822938124,0.007368410090837821,0.05196279021563585,0.2236073007924046,1.0
px4,gps,gps_velocity,0,fusion,True,outage,150,0,True,150,0,0,0,0.25,0.25,0.25,0.2531937211751938,0.015269046769205308,0.008758420986063192,0.04693306279603252,0.16146764433531272,1.0
px4,gps,gps_velocity,1,fusion,True,after_return,197,0,True,197,0,0,0,0.25,0.25,0.25,0.25279486179351807,0.018800517064921297,0.008964183583730542,0.07564581211227833,0.12871539768250972,1.0
px4,gps,gps_velocity,1,fusion,True,before_takeoff,30,0,True,30,0,0,0,0.25,0.25,0.25,0.25051677227020264,0.014276386859509615,0.0070271988181810855,0.061973549961665785,0.07046466237153706,1.0
px4,gps,gps_velocity,1,fusion,True,flight,467,0,True,467,0,0,0,0.25,0.25,0.25,0.2528291940689087,0.01774328829819968,0.007841241654544253,0.07055440301468403,0.18398647511436145,1.0
px4,gps,gps_velocity,1,fusion,True,outage,150,0,True,150,0,0,0,0.25,0.25,0.25,0.25282301008701324,0.014662850513203297,0.006313631285636551,0.051289737975499475,0.10629031598367646,1.0
px4,gps,gps_velocity,2,fusion,True,after_return,197,0,True,197,0,0,0,0.5625,0.5625,0.5625,0.5632104277610779,0.004987472868978138,0.0022003769471499396,0.019230767445686775,0.0352916130003445,1.0
px4,gps,gps_velocity,2,fusion,True,before_takeoff,30,0,True,30,0,0,0,0.5625,0.5625,0.5625,0.5626038908958435,0.004659704832319203,0.0025903303155185037,0.014712754209148408,0.02656413827458101,1.0
px4,gps,gps_velocity,2,fusion,True,flight,467,0,True,467,0,0,0,0.5625,0.5625,0.5625,0.5631656050682068,0.005887945685622377,0.002485229133608528,0.023299243860931636,0.0620434734480034,1.0
px4,gps,gps_velocity,2,fusion,True,outage,150,0,True,150,0,0,0,0.5625,0.5625,0.5625,0.5631335973739624,0.005275486217943457,0.0025970009170114047,0.01839558441863863,0.026276722505943418,1.0
px4,gps,mag_axes,0,fusion,True,after_return,197,0,True,197,0,0,0,0.002500000176951289,0.002500000176951289,0.002500000176951289,0.002515119733288884,0.0046740870043419916,0.0018264398128870372,0.01870076651004451,0.03560818270504589,1.0
px4,gps,mag_axes,0,fusion,True,flight,456,0,True,456,0,0,0,0.002500000176951289,0.002500000176951289,0.002500000176951289,0.0025302076246589422,0.003957760998291271,0.0019589535449508412,0.01445443348174517,0.03560818270504589,1.0
px4,gps,mag_axes,0,fusion,True,outage,150,0,True,150,0,0,0,0.002500000176951289,0.002500000176951289,0.002500000176951289,0.002540560788474977,0.003253103243665685,0.0022441427961311317,0.009258454375188022,0.03401407504188147,1.0
px4,gps,mag_axes,1,fusion,True,after_return,197,0,True,197,0,0,0,0.002500000176951289,0.002500000176951289,0.002500000176951289,0.0025100079365074635,0.004041908570168609,0.002073548263466404,0.014678784790969165,0.021499296393990324,1.0
px4,gps,mag_axes,1,fusion,True,flight,456,0,True,456,0,0,0,0.002500000176951289,0.002500000176951289,0.002500000176951289,0.0025149291614070535,0.004662879939799195,0.0023764620223141204,0.015494360184494108,0.05656997543618671,1.0
px4,gps,mag_axes,1,fusion,True,outage,150,0,True,150,0,0,0,0.002500000176951289,0.002500000176951289,0.002500000176951289,0.0025183496763929725,0.005868975324952828,0.00316165425232718,0.019264623076960176,0.05656997543618671,1.0
px4,gps,mag_axes,2,fusion,True,after_return,197,0,True,197,0,0,0,0.002500000176951289,0.002500000176951289,0.002500000176951289,0.0025079171173274517,0.00357685977912886,0.0013651792105145045,0.01286071061388337,0.02990949226455172,1.0
px4,gps,mag_axes,2,fusion,True,flight,456,0,True,456,0,0,0,0.002500000176951289,0.002500000176951289,0.002500000176951289,0.0025126298423856497,0.0039932451637585634,0.0015605874226973155,0.014310941722655231,0.05875163466641736,1.0
px4,gps,mag_axes,2,fusion,True,outage,150,0,True,150,0,0,0,0.002500000176951289,0.002500000176951289,0.002500000176951289,0.002515088999643922,0.004250027582685175,0.001676605685394018,0.017426173069574964,0.042352825858296354,1.0
px4,gps,mag_heading_axes,0,fusion,True,before_takeoff,30,0,True,30,0,0,0,0.002500000176951289,0.002500000176951289,0.002500000176951289,0.002502376213669777,0.00454521115341629,0.002290142942094106,0.017698622680847,0.022086453535041066,1.0
px4,gps,mag_heading_axes,0,fusion,True,flight,10,0,True,10,0,0,0,0.002500000176951289,0.002500000176951289,0.002500000176951289,0.0025023578200489283,0.0037083760726583552,0.0026765957218374773,0.010397423587561155,0.011768989410485929,1.0
px4,gps,mag_heading_axes,1,fusion,True,before_takeoff,30,0,True,30,0,0,0,0.002500000176951289,0.002500000176951289,0.002500000176951289,0.0025026369839906693,0.0044529723071757765,0.002072870199495284,0.013720637708245649,0.02469564122848737,1.0
px4,gps,mag_heading_axes,1,fusion,True,flight,10,0,True,10,0,0,0,0.002500000176951289,0.002500000176951289,0.002500000176951289,0.002502620918676257,0.0008684190261468617,0.0007742853326379799,0.0025022623251654517,0.003518257563749019,1.0
px4,gps,mag_heading_axes,2,fusion,True,before_takeoff,30,0,True,30,0,0,0,0.002500000176951289,0.002500000176951289,0.002500000176951289,0.0025025748182088137,0.004096720110297656,0.0024083904910734465,0.012630134171267467,0.014786140956911605,1.0
px4,gps,mag_heading_axes,2,fusion,True,flight,10,0,True,10,0,0,0,0.002500000176951289,0.002500000176951289,0.002500000176951289,0.0025025508366525173,0.002139526918064319,0.00196261811377351,0.005158765696358788,0.006306525473501996,1.0
px4,gps,optical_flow,0,fusion,True,after_return,197,0,True,197,0,0,0,0.02250000089406967,0.02250000089406967,0.02250000089406967,0.023729562759399414,0.0013032854631535341,0.0005303243639666169,0.005397405694739216,0.010505723465424444,1.0
px4,gps,optical_flow,0,fusion,True,before_takeoff,30,0,True,30,0,0,0,0.02250000089406967,0.02250000089406967,0.02250000089406967,0.02301187254488468,0.006306409150640109,0.005166494862425533,0.01760424526333258,0.018990717661557608,1.0
px4,gps,optical_flow,0,fusion,True,flight,467,0,True,467,0,0,0,0.02250000089406967,0.02250000089406967,0.02250000089406967,0.023653145879507065,0.0017967093790764565,0.0008695555709295054,0.006665517683802302,0.01501477411212395,1.0
px4,gps,optical_flow,0,fusion,True,outage,150,0,True,150,0,0,0,0.02250000089406967,0.02250000089406967,0.02250000089406967,0.02357011567801237,0.001889849908654891,0.0009082367947035664,0.006827023657396615,0.01501477411212395,1.0
px4,gps,optical_flow,1,fusion,True,after_return,197,0,True,197,0,0,0,0.02250000089406967,0.02250000089406967,0.02250000089406967,0.023958377540111542,0.002590525433030257,0.0014798895216181027,0.009529431111484752,0.015639725736593783,1.0
px4,gps,optical_flow,1,fusion,True,before_takeoff,30,0,True,30,0,0,0,0.02250000089406967,0.02250000089406967,0.02250000089406967,0.02301156148314476,0.0028549798116102886,0.002488322722619043,0.009743958320995148,0.01296849654279167,1.0
px4,gps,optical_flow,1,fusion,True,flight,467,0,True,467,0,0,0,0.02250000089406967,0.02250000089406967,0.02250000089406967,0.023991769179701805,0.001972770538941903,0.0008419917520817688,0.007161475506672934,0.03391012906840014,1.0
px4,gps,optical_flow,1,fusion,True,outage,150,0,True,150,0,0,0,0.02250000089406967,0.02250000089406967,0.02250000089406967,0.024162492714822292,0.0014543349535088735,0.0007705243279878895,0.005095871606979104,0.009810244300889955,1.0
ekf3,gps,barometer,0,fusion,True,after_return,197,0,True,197,0,0,0,4.0,4.0,4.0,4.083394286898521,0.0022881255384444655,0.0012698029298376053,0.008377158329466276,0.016079219400469035,1.0
ekf3,gps,barometer,0,fusion,True,before_takeoff,30,0,True,30,0,0,0,4.0,4.0,16.0,4.094677198882815,0.0020575791503110647,0.0010084733042570386,0.006925483583846297,0.01224187517404072,1.0
ekf3,gps,barometer,0,fusion,True,flight,467,0,True,467,0,0,0,4.0,4.0,16.0,4.084691971644115,0.002352064423130115,0.0011122290204968435,0.008813998790542076,0.022904915702865798,1.0
ekf3,gps,barometer,0,fusion,True,outage,150,0,True,150,0,0,0,4.0,4.0,4.0,4.08634465969647,0.0030008959496231656,0.0013237134750224478,0.01314308486572756,0.022904915702865798,1.0
ekf3,gps,gps_position,0,fusion,True,after_return,197,0,True,197,0,0,0,0.25,0.25,0.25,0.26257560480007536,0.14263976081977173,0.05856538124135603,0.6641606596979267,1.162422695644478,1.0
ekf3,gps,gps_position,0,fusion,True,before_takeoff,30,0,True,30,0,0,0,0.25,0.25,0.25,0.2593792033941828,0.09732530608082887,0.042275281399604736,0.33761414232036885,0.5610077155395291,1.0
ekf3,gps,gps_position,0,fusion,True,flight,467,0,True,467,0,0,0,0.25,0.25,0.25,0.26269001518197205,0.15531352959250827,0.06629652697636712,0.6527154260456648,1.6765076601572548,1.0
ekf3,gps,gps_position,0,fusion,True,outage,150,0,True,150,0,0,0,0.25,0.25,0.25,0.2627701885352164,0.19363227602443975,0.08946360285701457,0.7227831534861531,1.6765076601572548,1.0
ekf3,gps,gps_position,1,fusion,True,after_return,197,0,True,197,0,0,0,0.25,0.25,0.25,0.2625213210790158,0.16682820209056795,0.07482417771094982,0.6203722497777658,1.3912556679359913,1.0
ekf3,gps,gps_position,1,fusion,True,before_takeoff,30,0,True,30,0,0,0,0.25,0.25,0.25,0.25937916613585554,0.17133202957764648,0.0915784275689418,0.42447913810162,1.2774535041049204,1.0
ekf3,gps,gps_position,1,fusion,True,flight,467,0,True,467,0,0,0,0.25,0.25,0.25,0.26256621801405505,0.16313217288542212,0.07147465930688394,0.6439201312273112,1.9042646675860293,1.0
ekf3,gps,gps_position,1,fusion,True,outage,150,0,True,150,0,0,0,0.25,0.25,0.25,0.26269403976899164,0.17618292127067461,0.08827829241332541,0.6627132320061854,1.9042646675860293,1.0
ekf3,gps,gps_velocity,0,fusion,True,after_return,197,0,True,197,0,0,0,0.09000000715255752,0.09000000715255752,0.09000000715255752,0.09281772766850697,0.029444591567956046,0.015223746063887803,0.09480325527815428,0.31373049106145773,1.0
ekf3,gps,gps_velocity,0,fusion,True,before_takeoff,30,0,True,30,0,0,0,0.09000000715255752,0.09000000715255752,0.09000000715255752,0.0921757743584565,0.020582211615793187,0.00913167272471439,0.08565239227368784,0.13737472481537238,1.0
ekf3,gps,gps_velocity,0,fusion,True,flight,467,0,True,467,0,0,0,0.09000000715255752,0.09000000715255752,0.09000000715255752,0.09304887121657278,0.02931174655978916,0.014127488128557913,0.10848273108643518,0.3329871238396362,1.0
ekf3,gps,gps_velocity,0,fusion,True,outage,150,0,True,150,0,0,0,0.09000000715255752,0.09000000715255752,0.09000000715255752,0.09321224777854284,0.028761354549585026,0.014113650881268515,0.10638763614777695,0.3329871238396362,1.0
ekf3,gps,gps_velocity,1,fusion,True,after_return,197,0,True,197,0,0,0,0.09000000715255752,0.09000000715255752,0.09000000715255752,0.09263150314497005,0.030286658439727825,0.014250011660767722,0.11965155407070516,0.21325189956797916,1.0
ekf3,gps,gps_velocity,1,fusion,True,before_takeoff,30,0,True,30,0,0,0,0.09000000715255752,0.09000000715255752,0.09000000715255752,0.09217574958230593,0.0398319433517595,0.01637163102320305,0.16881093700295732,0.17524271461269186,1.0
ekf3,gps,gps_velocity,1,fusion,True,flight,467,0,True,467,0,0,0,0.09000000715255752,0.09000000715255752,0.09000000715255752,0.0927784995681433,0.02989267432039283,0.014250011660767722,0.11757045288133056,0.3091258104880396,1.0
ekf3,gps,gps_velocity,1,fusion,True,outage,150,0,True,150,0,0,0,0.09000000715255752,0.09000000715255752,0.09000000715255752,0.09281979535555782,0.031135404561682182,0.015523770649295273,0.11558635728864913,0.3091258104880396,1.0
ekf3,gps,gps_velocity,2,fusion,True,after_return,197,0,True,197,0,0,0,0.25,0.25,0.25,0.25276206548095687,0.011135545723546024,0.004885046943737693,0.04553432208984754,0.07950273871547216,1.0
ekf3,gps,gps_velocity,2,fusion,True,before_takeoff,30,0,True,30,0,0,0,0.25,0.25,0.25,0.2566685889375716,0.009157895031763199,0.0038224602999943763,0.02747766166314417,0.05593945560000771,1.0
ekf3,gps,gps_velocity,2,fusion,True,flight,467,0,True,467,0,0,0,0.25,0.25,0.25,0.2528251219700942,0.011399934847773158,0.004766876826299829,0.044153460575176336,0.09150987004599302,1.0
ekf3,gps,gps_velocity,2,fusion,True,outage,150,0,True,150,0,0,0,0.25,0.25,0.25,0.25295194656900455,0.011871669158511806,0.005125161560658217,0.042531120661312725,0.05281626991644123,1.0
ekf3,gps,mag_heading,0,fusion,True,after_return,197,0,True,197,0,0,0,0.25,0.25,0.25,0.2501006666045952,0.0011894380577323399,0.000553194113264216,0.004675365774778427,0.009456638896853156,1.0
ekf3,gps,mag_heading,0,fusion,True,before_takeoff,30,0,True,30,0,0,0,0.25,0.25,0.25,0.25102018772045664,0.0010772400527360735,0.0004453925093031091,0.0035464847114705404,0.005848544685442037,1.0
ekf3,gps,mag_heading,0,fusion,True,flight,467,0,True,467,0,0,0,0.25,0.25,0.25,0.25011376029143423,0.0010273553307327253,0.0005008732250700722,0.004164268992251655,0.009456638896853156,1.0
ekf3,gps,mag_heading,0,fusion,True,outage,150,0,True,150,0,0,0,0.25,0.25,0.25,0.2501201450155247,0.0008550097815792165,0.00046827691819734617,0.0027790058730566506,0.008696066060411307,1.0
ekf3,gps,mag_heading,0,gate,True,after_return,197,0,True,0,0,197,0,0.25,0.25,0.25,0.2501006666045952,0.0011894380577323399,0.000553194113264216,0.004675365774778427,0.009456638896853156,1.0
ekf3,gps,mag_heading,0,gate,True,before_takeoff,30,0,True,0,0,30,0,0.25,0.25,0.25,0.25102018772045664,0.0010772400527360735,0.0004453925093031091,0.0035464847114705404,0.005848544685442037,1.0
ekf3,gps,mag_heading,0,gate,True,flight,467,0,True,0,0,467,0,0.25,0.25,0.25,0.25011376029143423,0.0010273553307327253,0.0005008732250700722,0.004164268992251655,0.009456638896853156,1.0
ekf3,gps,mag_heading,0,gate,True,outage,150,0,True,0,0,150,0,0.25,0.25,0.25,0.2501201450155247,0.0008550097815792165,0.00046827691819734617,0.0027790058730566506,0.008696066060411307,1.0
ekf3,gps,optical_flow,0,fusion,True,after_return,197,0,True,197,0,0,0,0.0625,0.0625,0.0625,0.06277801917060166,0.000437963948081231,0.000249863635278636,0.0014768095552549346,0.0024374902442928364,1.0
ekf3,gps,optical_flow,0,fusion,True,before_takeoff,30,0,True,30,0,0,0,0.0625,0.0625,0.0625,0.06462962289874738,0.0015282284332467993,0.00158277752619663,0.003047808372166729,0.0034205395072995012,1.0
ekf3,gps,optical_flow,0,fusion,True,flight,467,0,True,467,0,0,0,0.0625,0.0625,0.0625,0.06279716455250506,0.0004942949054171729,0.00022743701676881774,0.0017810673099074783,0.006553741794813863,1.0
ekf3,gps,optical_flow,0,fusion,True,outage,150,0,True,150,0,0,0,0.0625,0.0625,0.0625,0.06281152127054412,0.0002981927096852324,0.00013701214493878157,0.0011765489670030945,0.0020497217309345746,1.0
ekf3,gps,optical_flow,0,gate,True,after_return,197,0,True,0,0,197,0,0.0625,0.0625,0.0625,0.06277801917060166,0.000437963948081231,0.000249863635278636,0.0014768095552549346,0.0024374902442928364,1.0
ekf3,gps,optical_flow,0,gate,True,before_takeoff,30,0,True,0,0,30,0,0.0625,0.0625,0.0625,0.06462962289874738,0.0015282284332467993,0.00158277752619663,0.003047808372166729,0.0034205395072995012,1.0
ekf3,gps,optical_flow,0,gate,True,flight,467,0,True,0,0,467,0,0.0625,0.0625,0.0625,0.06279716455250506,0.0004942949054171729,0.00022743701676881774,0.0017810673099074783,0.006553741794813863,1.0
ekf3,gps,optical_flow,0,gate,True,outage,150,0,True,0,0,150,0,0.0625,0.0625,0.0625,0.06281152127054412,0.0002981927096852324,0.00013701214493878157,0.0011765489670030945,0.0020497217309345746,1.0
ekf3,gps,optical_flow,1,fusion,True,after_return,197,0,True,197,0,0,0,0.0625,0.0625,0.0625,0.06277086979405784,0.0004956313732189524,0.0002159750226937053,0.0018819961054812352,0.0035963328626211276,1.0
ekf3,gps,optical_flow,1,fusion,True,before_takeoff,30,0,True,30,0,0,0,0.0625,0.0625,0.0625,0.06462962826986784,0.002507532594783388,0.001406236343935972,0.008002242881121873,0.010052946461738165,1.0
ekf3,gps,optical_flow,1,fusion,True,flight,467,0,True,467,0,0,0,0.0625,0.0625,0.0625,0.06278033592843346,0.0005849677865197942,0.00019016828649532944,0.002609023347722977,0.013441254191548657,1.0
ekf3,gps,optical_flow,1,fusion,True,outage,150,0,True,150,0,0,0,0.0625,0.0625,0.0625,0.06278182547578057,0.00045961807346776455,0.00017151841211245506,0.0016085921709772136,0.0038864637922704274,1.0
ekf3,gps,optical_flow,1,gate,True,after_return,197,0,True,0,0,197,0,0.0625,0.0625,0.0625,0.06277086979405784,0.0004956313732189524,0.0002159750226937053,0.0018819961054812352,0.0035963328626211276,1.0
ekf3,gps,optical_flow,1,gate,True,before_takeoff,30,0,True,0,0,30,0,0.0625,0.0625,0.0625,0.06462962826986784,0.002507532594783388,0.001406236343935972,0.008002242881121873,0.010052946461738165,1.0
ekf3,gps,optical_flow,1,gate,True,flight,467,0,True,0,0,467,0,0.0625,0.0625,0.0625,0.06278033592843346,0.0005849677865197942,0.00019016828649532944,0.002609023347722977,0.013441254191548657,1.0
ekf3,gps,optical_flow,1,gate,True,outage,150,0,True,0,0,150,0,0.0625,0.0625,0.0625,0.06278182547578057,0.00045961807346776455,0.00017151841211245506,0.0016085921709772136,0.0038864637922704274,1.0
px4,denied,barometer,0,fusion,True,after_return,197,0,True,197,0,0,0,4.0822672843933105,4.0822672843933105,4.0822672843933105,4.175170421600342,0.002278830043707001,0.0013559080299306529,0.00889696927973533,0.015441186465595065,1.0
px4,denied,barometer,0,fusion,True,before_takeoff,30,0,True,30,0,0,0,4.083113193511963,4.083112716674805,4.083113670349121,4.087350368499756,0.0023033731717813336,0.0007333024307353504,0.00826223753912571,0.014125181207074325,1.0
px4,denied,barometer,0,fusion,True,flight,467,0,True,467,0,0,0,4.0822672843933105,4.0822672843933105,4.083112716674805,4.1710734367370605,0.0025252399477441716,0.001284300950729527,0.009531539979654068,0.01852272129681974,1.0
px4,denied,barometer,0,fusion,True,outage,150,0,True,150,0,0,0,4.0822672843933105,4.0822672843933105,4.0822672843933105,4.16977334022522,0.0029895555028476442,0.0012647526853299157,0.012513594543095571,0.01852272129681974,1.0
px4,denied,mag_axes,0,fusion,True,after_return,197,0,True,197,0,0,0,0.002500000176951289,0.002500000176951289,0.002500000176951289,0.0025163162499666214,0.004659853035634046,0.0017988032747979304,0.01830309118359251,0.03419377890007717,1.0
px4,denied,mag_axes,0,fusion,True,flight,456,0,True,456,0,0,0,0.002500000176951289,0.002500000176951289,0.002500000176951289,0.0025309232296422124,0.0039690061013357685,0.0019120197612413074,0.014613658184146143,0.03419377890007717,1.0
px4,denied,mag_axes,0,fusion,True,outage,150,0,True,150,0,0,0,0.002500000176951289,0.002500000176951289,0.002500000176951289,0.0025418633595108986,0.0032807707530203845,0.0021810186205344674,0.009886180602830455,0.033907840727401016,1.0
px4,denied,mag_axes,1,fusion,True,after_return,197,0,True,197,0,0,0,0.002500000176951289,0.002500000176951289,0.002500000176951289,0.00251440005376935,0.0028680569209440007,0.001434124785618549,0.010488095535031045,0.019439972064520226,1.0
px4,denied,mag_axes,1,fusion,True,flight,456,0,True,456,0,0,0,0.002500000176951289,0.002500000176951289,0.002500000176951289,0.002529076999053359,0.003400514660708588,0.001563806096120817,0.012324935443680463,0.0377916155897602,1.0
px4,denied,mag_axes,1,fusion,True,outage,150,0,True,150,0,0,0,0.002500000176951289,0.002500000176951289,0.002500000176951289,0.0025372356176376343,0.0038077075502742463,0.0017924260338183255,0.013962797678160947,0.033112752279059986,1.0
px4,denied,mag_axes,2,fusion,True,after_return,197,0,True,197,0,0,0,0.002500000176951289,0.002500000176951289,0.002500000176951289,0.0025083920918405056,0.003274282662168488,0.0014092049500732087,0.011519892531426663,0.029172975448036598,1.0
px4,denied,mag_axes,2,fusion,True,flight,456,0,True,456,0,0,0,0.002500000176951289,0.002500000176951289,0.002500000176951289,0.002513482701033354,0.0036298260393493867,0.0015966771139213375,0.013036370177647381,0.05107324380737966,1.0
px4,denied,mag_axes,2,fusion,True,outage,150,0,True,150,0,0,0,0.002500000176951289,0.002500000176951289,0.002500000176951289,0.0025177450152114034,0.0038480009281484837,0.0017247119467788932,0.01693449042458843,0.03680214688962256,1.0
px4,denied,mag_heading_axes,0,fusion,True,before_takeoff,30,0,True,30,0,0,0,0.002500000176951289,0.002500000176951289,0.002500000176951289,0.0025023595662787557,0.004546432162658349,0.0023642142740644143,0.017749314887909266,0.021906933703689502,1.0
px4,denied,mag_heading_axes,0,fusion,True,flight,10,0,True,10,0,0,0,0.002500000176951289,0.002500000176951289,0.002500000176951289,0.002502334536984563,0.003715143634110664,0.002664590788460399,0.01040818366392866,0.011830999861977273,1.0
px4,denied,mag_heading_axes,1,fusion,True,before_takeoff,30,0,True,30,0,0,0,0.002500000176951289,0.002500000176951289,0.002500000176951289,0.002502638613805175,0.00445049960795427,0.0020768650158995614,0.013631048705756554,0.024580310122691237,1.0
px4,denied,mag_heading_axes,1,fusion,True,flight,10,0,True,10,0,0,0,0.002500000176951289,0.002500000176951289,0.002500000176951289,0.0025026187067851424,0.0008684865763797878,0.0007715868238807381,0.002514957349912409,0.003542221315083372,1.0
px4,denied,mag_heading_axes,2,fusion,True,before_takeoff,30,0,True,30,0,0,0,0.002500000176951289,0.002500000176951289,0.002500000176951289,0.0025025748182088137,0.0040982844102916485,0.0024100345059732027,0.012642181692452768,0.014752547455557142,1.0
px4,denied,mag_heading_axes,2,fusion,True,flight,10,0,True,10,0,0,0,0.002500000176951289,0.002500000176951289,0.002500000176951289,0.002502551069483161,0.0021380692689123492,0.001958838216017324,0.005146059425277772,0.006294229684948236,1.0
px4,denied,optical_flow,0,fusion,True,after_return,197,0,True,197,0,0,0,0.02250000089406967,0.02250000089406967,0.02250000089406967,0.024805018678307533,0.0007622247878314732,0.00042616781961412773,0.002943369764054809,0.00442212840003292,1.0
px4,denied,optical_flow,0,fusion,True,before_takeoff,30,0,True,30,0,0,0,0.02250000089406967,0.02250000089406967,0.02250000089406967,0.023091398179531097,0.004208442031953508,0.0037680576624342637,0.010514864914772203,0.01276523661667763,1.0
px4,denied,optical_flow,0,fusion,True,flight,467,0,True,467,0,0,0,0.02250000089406967,0.02250000089406967,0.02250000089406967,0.02455829083919525,0.001146262492605828,0.0006167197257302445,0.00400897246062808,0.010471423161905372,1.0
px4,denied,optical_flow,0,fusion,True,outage,150,0,True,150,0,0,0,0.02250000089406967,0.02250000089406967,0.02250000089406967,0.024514981545507908,0.0014026832727067498,0.0009316776503603276,0.004461257393443399,0.00917448013634671,1.0
px4,denied,optical_flow,1,fusion,True,after_return,197,0,True,197,0,0,0,0.02250000089406967,0.02250000089406967,0.02250000089406967,0.025094840675592422,0.000904921521968556,0.0004883865288632396,0.0031920017234064696,0.005375970500719971,1.0
px4,denied,optical_flow,1,fusion,True,before_takeoff,30,0,True,30,0,0,0,0.02250000089406967,0.02250000089406967,0.02250000089406967,0.02309125754982233,0.0050745810849422415,0.00316070024234014,0.011624632472172812,0.01750055584215637,1.0
px4,denied,optical_flow,1,fusion,True,flight,467,0,True,467,0,0,0,0.02250000089406967,0.02250000089406967,0.02250000089406967,0.024891285225749016,0.0011449589644427856,0.0005220990527576167,0.003781276938919495,0.031526062314374985,1.0
px4,denied,optical_flow,1,fusion,True,outage,150,0,True,150,0,0,0,0.02250000089406967,0.02250000089406967,0.02250000089406967,0.025258474051952362,0.0006078645371571441,0.0003257894968072177,0.0020530716120630075,0.0040081387929134715,1.0
ekf3,denied,barometer,0,fusion,True,after_return,197,0,True,197,0,0,0,4.0,4.0,4.0,4.12435096463072,0.0023105216199232927,0.001337502629322917,0.008288315260557032,0.017215410133475308,1.0
ekf3,denied,barometer,0,fusion,True,before_takeoff,30,0,True,30,0,0,0,4.0,4.0,16.0,4.177433284342698,0.0020018316533700806,0.0008551462022798758,0.00718362426387507,0.013911847386938382,1.0
ekf3,denied,barometer,0,fusion,True,flight,467,0,True,467,0,0,0,4.0,4.0,16.0,4.129365282193968,0.0023511990143287587,0.001154243180378312,0.008849891740530035,0.020166887713792415,1.0
ekf3,denied,barometer,0,fusion,True,outage,150,0,True,150,0,0,0,4.0,4.0,4.0,4.13732041960127,0.0029624944075972728,0.0014134985179231696,0.013101533757432431,0.020166887713792415,1.0
ekf3,denied,mag_heading,0,fusion,True,after_return,197,0,True,197,0,0,0,0.25,0.25,0.25,0.25094046804261877,0.001180110825679811,0.0004662623246724038,0.004542576754932749,0.008226173410850825,1.0
ekf3,denied,mag_heading,0,fusion,True,before_takeoff,30,0,True,30,0,0,0,0.25,0.25,0.25,0.25102050066516346,0.0010690207830771374,0.0004137409845834057,0.003459127592186625,0.005869959750185881,1.0
ekf3,denied,mag_heading,0,fusion,True,flight,467,0,True,467,0,0,0,0.25,0.25,0.25,0.25095459215958504,0.0010008295646719873,0.0004563520450391421,0.003920964287583664,0.008226173410850825,1.0
ekf3,denied,mag_heading,0,fusion,True,outage,150,0,True,150,0,0,0,0.25,0.25,0.25,0.2509615845641364,0.0007954447657054636,0.0004433805933868019,0.0026477120127610543,0.008206272219555012,1.0
ekf3,denied,mag_heading,0,gate,True,after_return,197,0,True,0,0,197,0,0.25,0.25,0.25,0.25094046804261877,0.001180110825679811,0.0004662623246724038,0.004542576754932749,0.008226173410850825,1.0
ekf3,denied,mag_heading,0,gate,True,before_takeoff,30,0,True,0,0,30,0,0.25,0.25,0.25,0.25102050066516346,0.0010690207830771374,0.0004137409845834057,0.003459127592186625,0.005869959750185881,1.0
ekf3,denied,mag_heading,0,gate,True,flight,467,0,True,0,0,467,0,0.25,0.25,0.25,0.25095459215958504,0.0010008295646719873,0.0004563520450391421,0.003920964287583664,0.008226173410850825,1.0
ekf3,denied,mag_heading,0,gate,True,outage,150,0,True,0,0,150,0,0.25,0.25,0.25,0.2509615845641364,0.0007954447657054636,0.0004433805933868019,0.0026477120127610543,0.008206272219555012,1.0
ekf3,denied,optical_flow,0,fusion,True,after_return,197,0,True,197,0,0,0,0.0625,0.0625,0.0625,0.0646782426428977,0.00029894393695023373,0.00016477671688898895,0.0009261809270603174,0.0021982820373175334,1.0
ekf3,denied,optical_flow,0,fusion,True,before_takeoff,30,0,True,30,0,0,0,0.0625,0.0625,0.0625,0.06614286140953027,0.0012389126512417745,0.0009144520880448907,0.003495996972849887,0.004652733762414462,1.0
ekf3,denied,optical_flow,0,fusion,True,flight,467,0,True,467,0,0,0,0.0625,0.0625,0.0625,0.06475980693296624,0.00041352765092570083,0.00021922233498517066,0.001514107138349185,0.00530029479253636,1.0
ekf3,denied,optical_flow,0,fusion,True,outage,150,0,True,150,0,0,0,0.0625,0.0625,0.0625,0.06482635296010239,0.00044224996528163677,0.00023308734108355939,0.001647458489624325,0.0026333250203527288,1.0
ekf3,denied,optical_flow,0,gate,True,after_return,197,0,True,0,0,197,0,0.0625,0.0625,0.0625,0.0646782426428977,0.00029894393695023373,0.00016477671688898895,0.0009261809270603174,0.0021982820373175334,1.0
ekf3,denied,optical_flow,0,gate,True,before_takeoff,30,0,True,0,0,30,0,0.0625,0.0625,0.0625,0.06614286140953027,0.0012389126512417745,0.0009144520880448907,0.003495996972849887,0.004652733762414462,1.0
ekf3,denied,optical_flow,0,gate,True,flight,467,0,True,0,0,467,0,0.0625,0.0625,0.0625,0.06475980693296624,0.00041352765092570083,0.00021922233498517066,0.001514107138349185,0.00530029479253636,1.0
ekf3,denied,optical_flow,0,gate,True,outage,150,0,True,0,0,150,0,0.0625,0.0625,0.0625,0.06482635296010239,0.00044224996528163677,0.00023308734108355939,0.001647458489624325,0.0026333250203527288,1.0
ekf3,denied,optical_flow,1,fusion,True,after_return,197,0,True,197,0,0,0,0.0625,0.0625,0.0625,0.06467630599566795,0.0006709770248786534,0.00041884006219696835,0.002311294016154042,0.003503520785520144,1.0
ekf3,denied,optical_flow,1,fusion,True,before_takeoff,30,0,True,30,0,0,0,0.0625,0.0625,0.0625,0.06614284796724118,0.0011000432733253962,0.00040350548371766924,0.005068130956320532,0.0059693703307796145,1.0
ekf3,denied,optical_flow,1,fusion,True,flight,467,0,True,467,0,0,0,0.0625,0.0625,0.0625,0.06475896624639675,0.0006222687365520382,0.0003380384287725116,0.0023615021357293762,0.0069663468849662435,1.0
ekf3,denied,optical_flow,1,fusion,True,outage,150,0,True,150,0,0,0,0.0625,0.0625,0.0625,0.06482500895607174,0.00034406067238527754,0.0001622306516401363,0.0011317013727067194,0.004897552873206446,1.0
ekf3,denied,optical_flow,1,gate,True,after_return,197,0,True,0,0,197,0,0.0625,0.0625,0.0625,0.06467630599566795,0.0006709770248786534,0.00041884006219696835,0.002311294016154042,0.003503520785520144,1.0
ekf3,denied,optical_flow,1,gate,True,before_takeoff,30,0,True,0,0,30,0,0.0625,0.0625,0.0625,0.06614284796724118,0.0011000432733253962,0.00040350548371766924,0.005068130956320532,0.0059693703307796145,1.0
ekf3,denied,optical_flow,1,gate,True,flight,467,0,True,0,0,467,0,0.0625,0.0625,0.0625,0.06475896624639675,0.0006222687365520382,0.0003380384287725116,0.0023615021357293762,0.0069663468849662435,1.0
ekf3,denied,optical_flow,1,gate,True,outage,150,0,True,0,0,150,0,0.0625,0.0625,0.0625,0.06482500895607174,0.00034406067238527754,0.0001622306516401363,0.0011317013727067194,0.004897552873206446,1.0
px4,transition,barometer,0,fusion,True,after_return,197,0,True,197,0,0,0,4.082235336303711,4.082235336303711,4.082235336303711,4.100077152252197,0.012468786269262844,0.009662257555582381,0.03349150364192073,0.04330801395261646,1.0
px4,transition,barometer,0,fusion,True,before_takeoff,30,0,True,30,0,0,0,4.083080291748047,4.083080291748047,4.083080768585205,4.084198951721191,0.002324518338141962,0.0007662657336146517,0.008375823076741416,0.014316187082893617,1.0
px4,transition,barometer,0,fusion,True,flight,467,0,True,467,0,0,0,4.082235336303711,4.082235336303711,4.083080291748047,4.100131988525391,0.006833887210260141,0.0030035603569132886,0.026101782536590408,0.04330801395261646,1.0
px4,transition,barometer,0,fusion,True,outage,150,0,True,150,0,0,0,4.082235336303711,4.082235336303711,4.082235336303711,4.149255275726318,0.003023798421558349,0.0013171421509586827,0.012680958507857469,0.01811241241108986,1.0
px4,transition,gps_height,0,fusion,True,after_return,186,0,True,186,0,0,0,0.5946776866912842,0.5946533679962158,0.6114882826805115,0.6125868260860443,0.25244459773855626,0.10162486799653636,1.0266980579300315,3.2289404042985947,1.0
px4,transition,gps_height,0,fusion,True,before_takeoff,30,0,True,30,0,0,0,0.5942198038101196,0.5942196249961853,0.594219982624054,0.5953514575958252,0.21139009642088663,0.1488002653853132,0.6292611179066652,1.1540387559457124,1.0
px4,transition,gps_height,0,fusion,True,flight,305,0,True,305,0,0,0,0.5946662425994873,0.594219446182251,0.6114882826805115,0.6120564937591553,0.2510535853212543,0.11536535411837974,0.9335245752383713,3.2289404042985947,1.0
px4,transition,gps_position,0,fusion,True,after_return,187,0,True,187,0,0,0,0.25,0.25,0.25,0.265023797750473,0.1451261404751036,0.05562575040442957,0.6547167851999148,1.146718624379811,1.0
px4,transition,gps_position,0,fusion,True,before_takeoff,30,0,True,30,0,0,0,0.25,0.25,0.25,0.2567673623561859,0.09705029505891719,0.04145982294573712,0.34110808514722324,0.565137206160209,1.0
px4,transition,gps_position,0,fusion,True,flight,306,0,True,306,0,0,0,0.25,0.25,0.25,0.2649001032114029,0.13914280795499223,0.058491073192566884,0.6096040888994148,1.146718624379811,1.0
px4,transition,gps_position,1,fusion,True,after_return,187,0,True,187,0,0,0,0.25,0.25,0.25,0.2648006081581116,0.1731764517510049,0.07198061766858824,0.7011792561425437,1.4124757307200373,1.0
px4,transition,gps_position,1,fusion,True,before_takeoff,30,0,True,30,0,0,0,0.25,0.25,0.25,0.2567429691553116,0.187017702778487,0.10368961079901098,0.5972795338288226,1.3814439355665424,1.0
px4,transition,gps_position,1,fusion,True,flight,306,0,True,306,0,0,0,0.25,0.25,0.25,0.2646135240793228,0.16286860800410202,0.06589460517656112,0.6868844079567924,1.4124757307200373,1.0
px4,transition,gps_velocity,0,fusion,True,after_return,187,0,True,187,0,0,0,0.25,0.25,0.25,0.2536778748035431,0.012527707404588303,0.005383881133461522,0.04723979043761699,0.10017502748207047,1.0
px4,transition,gps_velocity,0,fusion,True,before_takeoff,30,0,True,30,0,0,0,0.25,0.25,0.25,0.25051602721214294,0.0068374363081313465,0.00336503275333954,0.02434263572723583,0.05172319171597908,1.0
px4,transition,gps_velocity,0,fusion,True,flight,306,0,True,306,0,0,0,0.25,0.25,0.25,0.25380225479602814,0.01472534962446724,0.0062355877952765875,0.05628224536026421,0.2236073007924046,1.0
px4,transition,gps_velocity,1,fusion,True,after_return,187,0,True,187,0,0,0,0.25,0.25,0.25,0.2533477246761322,0.016837404498959832,0.007815893398245186,0.06892353933289552,0.12235206878334301,1.0
px4,transition,gps_velocity,1,fusion,True,before_takeoff,30,0,True,30,0,0,0,0.25,0.25,0.25,0.25051677227020264,0.014276386859509615,0.0070271988181810855,0.061973549961665785,0.07046466237153706,1.0
px4,transition,gps_velocity,1,fusion,True,flight,306,0,True,306,0,0,0,0.25,0.25,0.25,0.2533174455165863,0.018076638619575692,0.007545810740760757,0.07485365886171975,0.18398647511436145,1.0
px4,transition,gps_velocity,2,fusion,True,after_return,187,0,True,187,0,0,0,0.5625,0.5625,0.5625,0.563421368598938,0.005200493579987871,0.002376812638554199,0.02359293444491643,0.03910526923205579,1.0
px4,transition,gps_velocity,2,fusion,True,before_takeoff,30,0,True,30,0,0,0,0.5625,0.5625,0.5625,0.5626038908958435,0.004659704832319203,0.0025903303155185037,0.014712754209148408,0.02656413827458101,1.0
px4,transition,gps_velocity,2,fusion,True,flight,306,0,True,306,0,0,0,0.5625,0.5625,0.5625,0.5632408559322357,0.006315221379650047,0.002542025275825294,0.02658563933887545,0.0620434734480034,1.0
px4,transition,mag_axes,0,fusion,True,after_return,197,0,True,197,0,0,0,0.002500000176951289,0.002500000176951289,0.002500000176951289,0.002515361411496997,0.0046843927485463715,0.0018692361601170676,0.01862524467435342,0.035758742563075166,1.0
px4,transition,mag_axes,0,fusion,True,flight,456,0,True,456,0,0,0,0.002500000176951289,0.002500000176951289,0.002500000176951289,0.0025301474379375577,0.0039627081794898576,0.0019209129206203398,0.014984908765823016,0.035758742563075166,1.0
px4,transition,mag_axes,0,fusion,True,outage,150,0,True,150,0,0,0,0.002500000176951289,0.002500000176951289,0.002500000176951289,0.002540507004596293,0.003254744892715343,0.0022820029787366976,0.009552535277039963,0.03406011211287079,1.0
px4,transition,mag_axes,1,fusion,True,after_return,197,0,True,197,0,0,0,0.002500000176951289,0.002500000176951289,0.002500000176951289,0.002510078251361847,0.004177028539383823,0.002078907397798564,0.015507791745960424,0.021303838139646064,1.0
px4,transition,mag_axes,1,fusion,True,flight,456,0,True,456,0,0,0,0.002500000176951289,0.002500000176951289,0.002500000176951289,0.002515503903850913,0.004817729940148009,0.0024700671513256003,0.015767728657554214,0.060529407161787854,1.0
px4,transition,mag_axes,1,fusion,True,outage,150,0,True,150,0,0,0,0.002500000176951289,0.002500000176951289,0.002500000176951289,0.00251870509237051,0.006162343811550804,0.003642715797784708,0.020084524307820633,0.060529407161787854,1.0
px4,transition,mag_axes,2,fusion,True,after_return,197,0,True,197,0,0,0,0.002500000176951289,0.002500000176951289,0.002500000176951289,0.002507957862690091,0.0036307466657806236,0.0013603203513211713,0.0131802129336804,0.029962184998961566,1.0
px4,transition,mag_axes,2,fusion,True,flight,456,0,True,456,0,0,0,0.002500000176951289,0.002500000176951289,0.002500000176951289,0.00251267000567168,0.004010323148942144,0.0015471722302255768,0.014490941688875672,0.05875163466641736,1.0
px4,transition,mag_axes,2,fusion,True,outage,150,0,True,150,0,0,0,0.002500000176951289,0.002500000176951289,0.002500000176951289,0.0025151610607281327,0.004231181242551278,0.001703121852200481,0.017171445946993186,0.04239346388605042,1.0
px4,transition,mag_heading_axes,0,fusion,True,before_takeoff,30,0,True,30,0,0,0,0.002500000176951289,0.002500000176951289,0.002500000176951289,0.002502376213669777,0.00454521115341629,0.002290142942094106,0.017698622680847,0.022086453535041066,1.0
px4,transition,mag_heading_axes,0,fusion,True,flight,10,0,True,10,0,0,0,0.002500000176951289,0.002500000176951289,0.002500000176951289,0.0025023578200489283,0.0037083760726583552,0.0026765957218374773,0.010397423587561155,0.011768989410485929,1.0
px4,transition,mag_heading_axes,1,fusion,True,before_takeoff,30,0,True,30,0,0,0,0.002500000176951289,0.002500000176951289,0.002500000176951289,0.0025026369839906693,0.0044529723071757765,0.002072870199495284,0.013720637708245649,0.02469564122848737,1.0
px4,transition,mag_heading_axes,1,fusion,True,flight,10,0,True,10,0,0,0,0.002500000176951289,0.002500000176951289,0.002500000176951289,0.002502620918676257,0.0008684190261468617,0.0007742853326379799,0.0025022623251654517,0.003518257563749019,1.0
px4,transition,mag_heading_axes,2,fusion,True,before_takeoff,30,0,True,30,0,0,0,0.002500000176951289,0.002500000176951289,0.002500000176951289,0.0025025748182088137,0.004096720110297656,0.0024083904910734465,0.012630134171267467,0.014786140956911605,1.0
px4,transition,mag_heading_axes,2,fusion,True,flight,10,0,True,10,0,0,0,0.002500000176951289,0.002500000176951289,0.002500000176951289,0.0025025508366525173,0.002139526918064319,0.00196261811377351,0.005158765696358788,0.006306525473501996,1.0
px4,transition,optical_flow,0,fusion,True,after_return,197,0,True,197,0,0,0,0.02250000089406967,0.02250000089406967,0.02250000089406967,0.023818520829081535,0.002410770066620631,0.001070095540298009,0.008584405882736441,0.015871551495665555,1.0
px4,transition,optical_flow,0,fusion,True,before_takeoff,30,0,True,30,0,0,0,0.02250000089406967,0.02250000089406967,0.02250000089406967,0.02301187254488468,0.006306409150640109,0.005166494862425533,0.01760424526333258,0.018990717661557608,1.0
px4,transition,optical_flow,0,fusion,True,flight,467,0,True,467,0,0,0,0.02250000089406967,0.02250000089406967,0.02250000089406967,0.023951396346092224,0.002425779359630555,0.0013776479814808667,0.008460247701186006,0.015871551495665555,1.0
px4,transition,optical_flow,0,fusion,True,outage,150,0,True,150,0,0,0,0.02250000089406967,0.02250000089406967,0.02250000089406967,0.024261723272502422,0.002395828166955262,0.0017722330843616973,0.007402744367817314,0.010427540302143604,1.0
px4,transition,optical_flow,1,fusion,True,after_return,197,0,True,197,0,0,0,0.02250000089406967,0.02250000089406967,0.02250000089406967,0.024156171828508377,0.0027766020473180223,0.0011415802684072924,0.011184272658284495,0.01668028123860164,1.0
px4,transition,optical_flow,1,fusion,True,before_takeoff,30,0,True,30,0,0,0,0.02250000089406967,0.02250000089406967,0.02250000089406967,0.02301156148314476,0.0028549798116102886,0.002488322722619043,0.009743958320995148,0.01296849654279167,1.0
px4,transition,optical_flow,1,fusion,True,flight,467,0,True,467,0,0,0,0.02250000089406967,0.02250000089406967,0.02250000089406967,0.024339251220226288,0.0019226828491086844,0.0006460543584580274,0.008560658720560487,0.03391012906840014,1.0
px4,transition,optical_flow,1,fusion,True,outage,150,0,True,150,0,0,0,0.02250000089406967,0.02250000089406967,0.02250000089406967,0.0250314399600029,0.001053261801429638,0.00043956524393736754,0.0036401298066734995,0.009717651182423266,1.0
ekf3,transition,barometer,0,fusion,True,after_return,197,0,True,197,0,0,0,4.0,4.0,4.0,4.084956678728768,0.0022921177479968816,0.0013230753651545233,0.008442982799414894,0.017444936422185243,1.0
ekf3,transition,barometer,0,fusion,True,before_takeoff,30,0,True,30,0,0,0,4.0,4.0,16.0,4.094677198882815,0.0020575791503110647,0.0010084733042570386,0.006925483583846297,0.01224187517404072,1.0
ekf3,transition,barometer,0,fusion,True,flight,467,0,True,467,0,0,0,4.0,4.0,16.0,4.104565735563863,0.0023482811560021468,0.0011834557401915536,0.00876119125796622,0.01994137876392503,1.0
ekf3,transition,barometer,0,fusion,True,outage,150,0,True,150,0,0,0,4.0,4.0,4.0,4.125644756403428,0.002983874276085916,0.00147355066172953,0.012661526528240893,0.01994137876392503,1.0
ekf3,transition,gps_position,0,fusion,True,after_return,196,0,True,196,0,0,0,0.25,0.25,0.25,0.26291477539994745,0.14156177062861977,0.056129919492272334,0.6686852828432636,1.1652914657465347,1.0
ekf3,transition,gps_position,0,fusion,True,before_takeoff,30,0,True,30,0,0,0,0.25,0.25,0.25,0.2593792033941828,0.09732530608082887,0.042275281399604736,0.33761414232036885,0.5610077155395291,1.0
ekf3,transition,gps_position,0,fusion,True,flight,316,0,True,316,0,0,0,0.25,0.25,0.25,0.2628818567438923,0.13649573125870204,0.05730030300080183,0.5984709957301138,1.1652914657465347,1.0
ekf3,transition,gps_position,1,fusion,True,after_return,196,0,True,196,0,0,0,0.25,0.25,0.25,0.2628504541296336,0.16628244803269382,0.073459608755688,0.6458481451323208,1.3744429946170607,1.0
ekf3,transition,gps_position,1,fusion,True,before_takeoff,30,0,True,30,0,0,0,0.25,0.25,0.25,0.25937916613585554,0.17133202957764648,0.0915784275689418,0.42447913810162,1.2774535041049204,1.0
ekf3,transition,gps_position,1,fusion,True,flight,316,0,True,316,0,0,0,0.25,0.25,0.25,0.2628504541296336,0.15658699540967416,0.06504589344632478,0.6458481451323208,1.3744429946170607,1.0
ekf3,transition,gps_velocity,0,fusion,True,after_return,197,0,True,197,0,0,0,0.09000000715255752,0.09000000715255752,0.09000000715255752,0.09343697469873927,0.029440500719721797,0.016695933340175443,0.11225646386502174,0.31317769064381845,1.0
ekf3,transition,gps_velocity,0,fusion,True,before_takeoff,30,0,True,30,0,0,0,0.09000000715255752,0.09000000715255752,0.09000000715255752,0.0921757743584565,0.020582211615793187,0.00913167272471439,0.08565239227368784,0.13737472481537238,1.0
ekf3,transition,gps_velocity,0,fusion,True,flight,317,0,True,317,0,0,0,0.09000000715255752,0.09000000715255752,0.09000000715255752,0.09357818493190644,0.029569642157355327,0.015413167490015423,0.11850592917506911,0.31317769064381845,1.0
ekf3,transition,gps_velocity,1,fusion,True,after_return,197,0,True,197,0,0,0,0.09000000715255752,0.09000000715255752,0.09000000715255752,0.09322771714267057,0.029004694611421612,0.016277315879648688,0.11195892695757262,0.22781784279336792,1.0
ekf3,transition,gps_velocity,1,fusion,True,before_takeoff,30,0,True,30,0,0,0,0.09000000715255752,0.09000000715255752,0.09000000715255752,0.09217574958230593,0.0398319433517595,0.01637163102320305,0.16881093700295732,0.17524271461269186,1.0
ekf3,transition,gps_velocity,1,fusion,True,flight,317,0,True,317,0,0,0,0.09000000715255752,0.09000000715255752,0.09000000715255752,0.09349094579107173,0.028507953782948892,0.013786131208135688,0.11809975755210868,0.22781784279336792,1.0
ekf3,transition,gps_velocity,2,fusion,True,after_return,197,0,True,197,0,0,0,0.25,0.25,0.25,0.2528308915636608,0.011092071036170456,0.004749480672704919,0.04458093411811308,0.07840265823737101,1.0
ekf3,transition,gps_velocity,2,fusion,True,before_takeoff,30,0,True,30,0,0,0,0.25,0.25,0.25,0.2566685889375716,0.009157895031763199,0.0038224602999943763,0.02747766166314417,0.05593945560000771,1.0
ekf3,transition,gps_velocity,2,fusion,True,flight,317,0,True,317,0,0,0,0.25,0.25,0.25,0.25312325394482094,0.011149699327193398,0.004446598383005392,0.04408662422228658,0.09150987004599302,1.0
ekf3,transition,mag_heading,0,fusion,True,after_return,197,0,True,197,0,0,0,0.25,0.25,0.25,0.25018308809471956,0.0011756604155990975,0.0004933706859012387,0.004479915262445838,0.008318758561897848,1.0
ekf3,transition,mag_heading,0,fusion,True,before_takeoff,30,0,True,30,0,0,0,0.25,0.25,0.25,0.25102018772045664,0.0010772400527360735,0.0004453925093031091,0.0035464847114705404,0.005848544685442037,1.0
ekf3,transition,mag_heading,0,fusion,True,flight,467,0,True,467,0,0,0,0.25,0.25,0.25,0.2502352633949376,0.0010070129256870525,0.0004868689007833693,0.00412403350256398,0.008645983931763721,1.0
ekf3,transition,mag_heading,0,fusion,True,outage,150,0,True,150,0,0,0,0.25,0.25,0.25,0.25023950192455946,0.0008097717305386803,0.00048047375014186305,0.002729625795909273,0.008625158550482761,1.0
ekf3,transition,mag_heading,0,gate,True,after_return,197,0,True,0,0,197,0,0.25,0.25,0.25,0.25018308809471956,0.0011756604155990975,0.0004933706859012387,0.004479915262445838,0.008318758561897848,1.0
ekf3,transition,mag_heading,0,gate,True,before_takeoff,30,0,True,0,0,30,0,0.25,0.25,0.25,0.25102018772045664,0.0010772400527360735,0.0004453925093031091,0.0035464847114705404,0.005848544685442037,1.0
ekf3,transition,mag_heading,0,gate,True,flight,467,0,True,0,0,467,0,0.25,0.25,0.25,0.2502352633949376,0.0010070129256870525,0.0004868689007833693,0.00412403350256398,0.008645983931763721,1.0
ekf3,transition,mag_heading,0,gate,True,outage,150,0,True,0,0,150,0,0.25,0.25,0.25,0.25023950192455946,0.0008097717305386803,0.00048047375014186305,0.002729625795909273,0.008625158550482761,1.0
ekf3,transition,optical_flow,0,fusion,True,after_return,197,0,True,197,0,0,0,0.0625,0.0625,0.0625,0.06284653843621762,0.0007447003850634211,0.0004270337357772843,0.0026769939406780657,0.004887303519481014,1.0
ekf3,transition,optical_flow,0,fusion,True,before_takeoff,30,0,True,30,0,0,0,0.0625,0.0625,0.0625,0.06462962289874738,0.0015282284332467993,0.00158277752619663,0.003047808372166729,0.0034205395072995012,1.0
ekf3,transition,optical_flow,0,fusion,True,flight,467,0,True,467,0,0,0,0.0625,0.0625,0.0625,0.06294433384056874,0.0007193278515577601,0.00040460204699750425,0.0025498854088788618,0.006553741794813863,1.0
ekf3,transition,optical_flow,0,fusion,True,outage,150,0,True,150,0,0,0,0.0625,0.0625,0.0625,0.06455475639209413,0.0005959480947663175,0.0003703340007750339,0.0017701646668029777,0.002684446698195522,1.0
ekf3,transition,optical_flow,0,gate,True,after_return,197,0,True,0,0,197,0,0.0625,0.0625,0.0625,0.06284653843621762,0.0007447003850634211,0.0004270337357772843,0.0026769939406780657,0.004887303519481014,1.0
ekf3,transition,optical_flow,0,gate,True,before_takeoff,30,0,True,0,0,30,0,0.0625,0.0625,0.0625,0.06462962289874738,0.0015282284332467993,0.00158277752619663,0.003047808372166729,0.0034205395072995012,1.0
ekf3,transition,optical_flow,0,gate,True,flight,467,0,True,0,0,467,0,0.0625,0.0625,0.0625,0.06294433384056874,0.0007193278515577601,0.00040460204699750425,0.0025498854088788618,0.006553741794813863,1.0
ekf3,transition,optical_flow,0,gate,True,outage,150,0,True,0,0,150,0,0.0625,0.0625,0.0625,0.06455475639209413,0.0005959480947663175,0.0003703340007750339,0.0017701646668029777,0.002684446698195522,1.0
ekf3,transition,optical_flow,1,fusion,True,after_return,197,0,True,197,0,0,0,0.0625,0.0625,0.0625,0.06284293807874494,0.0005859992502075921,0.00024779697078604703,0.0024190147712848165,0.004314309079623923,1.0
ekf3,transition,optical_flow,1,fusion,True,before_takeoff,30,0,True,30,0,0,0,0.0625,0.0625,0.0625,0.06462962826986784,0.002507532594783388,0.001406236343935972,0.008002242881121873,0.010052946461738165,1.0
ekf3,transition,optical_flow,1,fusion,True,flight,467,0,True,467,0,0,0,0.0625,0.0625,0.0625,0.06295544213217151,0.0006808853405420709,0.0002547441441403044,0.002719855212148457,0.013441254191548657,1.0
ekf3,transition,optical_flow,1,fusion,True,outage,150,0,True,150,0,0,0,0.0625,0.0625,0.0625,0.06453228780760709,0.0006395582465453725,0.00036712218250903555,0.002073806921564353,0.004531156114280122,1.0
ekf3,transition,optical_flow,1,gate,True,after_return,197,0,True,0,0,197,0,0.0625,0.0625,0.0625,0.06284293807874494,0.0005859992502075921,0.00024779697078604703,0.0024190147712848165,0.004314309079623923,1.0
ekf3,transition,optical_flow,1,gate,True,before_takeoff,30,0,True,0,0,30,0,0.0625,0.0625,0.0625,0.06462962826986784,0.002507532594783388,0.001406236343935972,0.008002242881121873,0.010052946461738165,1.0
ekf3,transition,optical_flow,1,gate,True,flight,467,0,True,0,0,467,0,0.0625,0.0625,0.0625,0.06295544213217151,0.0006808853405420709,0.0002547441441403044,0.002719855212148457,0.013441254191548657,1.0
ekf3,transition,optical_flow,1,gate,True,outage,150,0,True,0,0,150,0,0.0625,0.0625,0.0625,0.06453228780760709,0.0006395582465453725,0.00036712218250903555,0.002073806921564353,0.004531156114280122,1.0
