scenario,name,horizontal_rmse_m,vertical_rmse_m,velocity_rmse_m_s,attitude_rmse_deg,yaw_rmse_deg,mean_nees_15d
gps,horizon,0.04135637959224826,0.032443104268799594,0.01781368745283215,0.18862273781029218,0.17579343792579225,6.730047559671249
gps,retrodiction,0.040585569659291595,0.03715278428782135,0.018284594902697054,0.1886683463995521,0.1801541566887443,7.508813652988532
gps,horizon_joint,0.041414338504361235,0.03103181633506729,0.016300820569035198,0.1889634591021953,0.17549458053728065,6.475926637480924
gps,retrodiction_joint,0.04062903250064815,0.023980669155728475,0.016960640652631993,0.18822737092956782,0.1792916014973393,7.220437284464879
gps,px4,0.1615974395088384,0.05290013164301239,0.10389411678866693,2.6875578610745996,2.6436095602984566,910.6819177231532
gps,ekf3,0.046190090582209894,0.05042824072604373,0.05045217939856672,0.1986791856569331,0.1638211196238028,38.10880249884837
denied,horizon,0.18145875969663633,0.034150985171992436,0.03262986384251845,0.2681428750366186,0.24981598013253156,3.7642161328244828
denied,retrodiction,0.18324544370036683,0.039240507961985895,0.031873845581339835,0.2683631953736527,0.24986440275168728,3.7501009959333316
denied,horizon_joint,0.17624126215463554,0.028011054963274957,0.03243709674621299,0.27608818585140693,0.2591344292150832,3.5488698668677023
denied,retrodiction_joint,0.17608561337547565,0.03353635508912148,0.031833195436639185,0.27636136114801607,0.259260335611086,3.5374006546142986
denied,px4,0.24177795819494907,0.05867922429370971,0.049496036404268785,0.9125155857332693,0.8639869321834548,41.66091634401377
denied,ekf3,0.2627831241243953,0.0685348647492818,0.0993964529649361,0.39949202802444944,0.3756651383361822,44.303129809204485
transition,horizon,0.12363933549596451,0.034043928030311865,0.020808771386012382,0.20095411807740696,0.18832490131774143,6.8885276182682205
transition,retrodiction,0.12720196952379678,0.03848903613296051,0.022363726172933782,0.2056688908458092,0.19777462538077906,7.4082295800949005
transition,horizon_joint,0.12097977105580623,0.0317663622758475,0.01925903337735725,0.20079774912544965,0.18759988221625407,6.562296505871385
transition,retrodiction_joint,0.12446918613239137,0.0258161681104037,0.0208546410647978,0.20448738601089933,0.19621302116831663,7.04801623385885
transition,px4,0.25730512002558903,0.05635488976856545,0.11131398641148092,2.83896317519027,2.7937564983933707,630.0717349959408
transition,ekf3,0.13821784471532958,0.054523109260678326,0.07721437002781772,0.2422560319994912,0.20390203373495946,39.264338920449745
