left,right,scenario,window,metric,declared_pairs,valid_pairs,invalid_pairs,left_lower,right_lower,ties,median_left_minus_right,worst_left_minus_right,median_percent_change
stationary_horizon,horizon,gps,flight,horizontal_position_rmse_m,8,8,[],4,4,0,-0.0005038452749596516,0.00044534225921454007,-0.8531222407109018
stationary_horizon,horizon,gps,flight,vertical_position_rmse_m,8,8,[],0,8,0,0.0002978118209772049,0.0004025542396156878,0.9273877192819358
stationary_horizon,horizon,gps,flight,velocity_3d_rmse_m_s,8,8,[],8,0,0,-0.0008455572259620393,-0.00035860669092129677,-4.781645665227641
stationary_horizon,horizon,gps,flight,attitude_rmse_deg,8,8,[],4,4,0,0.0015324240313613,0.01816691386948005,1.4627828022614864
stationary_horizon,horizon,gps,flight,yaw_rmse_deg,8,8,[],3,5,0,0.006015805976012978,0.0143435940350395,6.410737493270957
stationary_horizon,horizon,gps,outage_window,horizontal_position_rmse_m,8,8,[],4,4,0,-0.00022506874249220848,0.0008492750534874124,0.22372839379972698
stationary_horizon,horizon,gps,outage_window,vertical_position_rmse_m,8,8,[],0,8,0,0.00015681701587463327,0.00020787954074805853,0.5648406469552447
stationary_horizon,horizon,gps,outage_window,velocity_3d_rmse_m_s,8,8,[],8,0,0,-0.0006782423970908141,-0.00014229453586317095,-3.9423958175740905
stationary_horizon,horizon,gps,outage_window,attitude_rmse_deg,8,8,[],4,4,0,-0.007453763537433242,0.03708937876595544,-6.7022017240707115
stationary_horizon,horizon,gps,outage_window,yaw_rmse_deg,8,8,[],4,4,0,-0.007178737223147177,0.04347391388611819,-1.42985448942129
stationary_horizon,horizon,gps,after_return,horizontal_position_rmse_m,8,8,[],8,0,0,-0.0004737945023085971,-0.0004397960297036693,-1.2927467980713536
stationary_horizon,horizon,gps,after_return,vertical_position_rmse_m,8,8,[],4,4,0,-5.707376123723074e-07,1.505444413817808e-05,-0.0015054579368511956
stationary_horizon,horizon,gps,after_return,velocity_3d_rmse_m_s,8,8,[],8,0,0,-0.0001516564302168153,-9.401363409329566e-06,-0.820652079826456
stationary_horizon,horizon,gps,after_return,attitude_rmse_deg,8,8,[],2,6,0,0.0022933117999400614,0.0039975079026872695,4.9357128928133935
stationary_horizon,horizon,gps,after_return,yaw_rmse_deg,8,8,[],2,6,0,0.003187621818035665,0.0040301972042888,7.167365315482133
stationary_horizon,horizon,denied,flight,horizontal_position_rmse_m,8,8,[],8,0,0,-0.041092960181824345,-0.02646940100743428,-11.06309929618428
stationary_horizon,horizon,denied,flight,vertical_position_rmse_m,8,8,[],4,4,0,1.4032358748979068e-05,0.0005567296305057159,0.031264102651673564
stationary_horizon,horizon,denied,flight,velocity_3d_rmse_m_s,8,8,[],8,0,0,-0.0018117635192980049,-0.00034334511020776837,-4.204304682287264
stationary_horizon,horizon,denied,flight,attitude_rmse_deg,8,8,[],8,0,0,-0.06154649693020385,-0.015923032785221447,-20.61069388149538
stationary_horizon,horizon,denied,flight,yaw_rmse_deg,8,8,[],8,0,0,-0.06765739816115117,-0.016290120809997366,-23.79934885780322
stationary_horizon,horizon,denied,outage_window,horizontal_position_rmse_m,8,8,[],6,2,0,-0.021558161144843484,0.007020649641936522,-7.918631003406201
stationary_horizon,horizon,denied,outage_window,vertical_position_rmse_m,8,8,[],4,4,0,0.00031869082627813787,0.0009696876962607542,1.152405606944995
stationary_horizon,horizon,denied,outage_window,velocity_3d_rmse_m_s,8,8,[],7,1,0,-0.0033735078610049127,0.00025324503832025586,-8.46395650003357
stationary_horizon,horizon,denied,outage_window,attitude_rmse_deg,8,8,[],8,0,0,-0.14361010945409908,-0.03916765221447399,-45.76881093609141
stationary_horizon,horizon,denied,outage_window,yaw_rmse_deg,8,8,[],8,0,0,-0.15704989269686598,-0.04179444101972579,-51.29075710792224
stationary_horizon,horizon,denied,after_return,horizontal_position_rmse_m,8,8,[],8,0,0,-0.05385185297886791,-0.029687155517674202,-11.498609210035715
stationary_horizon,horizon,denied,after_return,vertical_position_rmse_m,8,8,[],5,3,0,-4.8574290038960743e-05,6.822840069296149e-05,-0.10765206073163336
stationary_horizon,horizon,denied,after_return,velocity_3d_rmse_m_s,8,8,[],6,2,0,-0.00013529101771815252,0.0002894096427388318,-0.26674357056235
stationary_horizon,horizon,denied,after_return,attitude_rmse_deg,8,8,[],7,1,0,-0.06288270742248953,0.009200776658652543,-34.64647301321608
stationary_horizon,horizon,denied,after_return,yaw_rmse_deg,8,8,[],7,1,0,-0.07623198237798869,0.006874897624492837,-43.832486856028844
stationary_horizon,horizon,transition,flight,horizontal_position_rmse_m,8,8,[],4,4,0,-1.671657352819017e-05,0.007649453388737654,-0.15279135945659994
stationary_horizon,horizon,transition,flight,vertical_position_rmse_m,8,8,[],0,8,0,0.00035302511951160534,0.00046997035202546444,1.0838700795530953
stationary_horizon,horizon,transition,flight,velocity_3d_rmse_m_s,8,8,[],8,0,0,-0.0014328188992707696,-0.00018816756936319498,-6.169941567066672
stationary_horizon,horizon,transition,flight,attitude_rmse_deg,8,8,[],4,4,0,0.0011616230487276058,0.01779647195272971,-0.4601480905479516
stationary_horizon,horizon,transition,flight,yaw_rmse_deg,8,8,[],4,4,0,0.0015346234338588643,0.01823705466142242,0.9868324753240123
stationary_horizon,horizon,transition,outage_window,horizontal_position_rmse_m,8,8,[],4,4,0,1.1747780806037333e-05,0.014402015002197288,-0.49407796264616666
stationary_horizon,horizon,transition,outage_window,vertical_position_rmse_m,8,8,[],0,8,0,0.00032200161053696705,0.0008862073860182729,1.1747262667837544
stationary_horizon,horizon,transition,outage_window,velocity_3d_rmse_m_s,8,8,[],6,2,0,-0.00256529373151905,0.0009415025066395882,-8.445207289735556
stationary_horizon,horizon,transition,outage_window,attitude_rmse_deg,8,8,[],4,4,0,-0.009558714700800424,0.027177668615682937,-13.58943748652206
stationary_horizon,horizon,transition,outage_window,yaw_rmse_deg,8,8,[],4,4,0,-0.009053814360495866,0.0302116865462866,-12.552145384164026
stationary_horizon,horizon,transition,after_return,horizontal_position_rmse_m,8,8,[],4,4,0,-1.5179653368870005e-05,0.0009254789270451702,-0.015979125307907793
stationary_horizon,horizon,transition,after_return,vertical_position_rmse_m,8,8,[],2,6,0,1.8841970433596672e-05,7.015113248189792e-05,0.048069580850051974
stationary_horizon,horizon,transition,after_return,velocity_3d_rmse_m_s,8,8,[],8,0,0,-0.0006011116254482987,-6.516445364725468e-05,-2.7796420594350058
stationary_horizon,horizon,transition,after_return,attitude_rmse_deg,8,8,[],6,2,0,-0.013834880082741936,0.018342146564061954,-18.884643831312644
stationary_horizon,horizon,transition,after_return,yaw_rmse_deg,8,8,[],6,2,0,-0.016503732426722685,0.018941728895661925,-26.351966325308993
stationary_horizon,px4,gps,flight,horizontal_position_rmse_m,8,8,[],8,0,0,-0.1314830352521367,-0.07660767357679255,-73.84293066910732
stationary_horizon,px4,gps,flight,vertical_position_rmse_m,8,8,[],5,3,0,-0.014658110785974954,0.008401711512219828,-29.96284204089108
stationary_horizon,px4,gps,flight,velocity_3d_rmse_m_s,8,8,[],8,0,0,-0.11565821784986867,-0.04571158367103381,-83.89693617712925
stationary_horizon,px4,gps,flight,attitude_rmse_deg,8,8,[],8,0,0,-2.614166565614662,-1.4727136283711928,-95.59331280303948
stationary_horizon,px4,gps,flight,yaw_rmse_deg,8,8,[],8,0,0,-2.613177254982176,-1.4689983320325783,-96.02940731104054
stationary_horizon,px4,gps,outage_window,horizontal_position_rmse_m,8,8,[],8,0,0,-0.11780065827249811,-0.033122666428483966,-67.25426487452314
stationary_horizon,px4,gps,outage_window,vertical_position_rmse_m,8,8,[],5,3,0,-0.008861631093260727,0.013122993498266664,-20.69136265681177
stationary_horizon,px4,gps,outage_window,velocity_3d_rmse_m_s,8,8,[],8,0,0,-0.11271328941916141,-0.04216294813711269,-83.26292443093325
stationary_horizon,px4,gps,outage_window,attitude_rmse_deg,8,8,[],8,0,0,-2.6718274234096837,-1.6066115109752699,-96.81331358413065
stationary_horizon,px4,gps,outage_window,yaw_rmse_deg,8,8,[],8,0,0,-2.6693411346684157,-1.6003750309994136,-96.98492421868065
stationary_horizon,px4,gps,after_return,horizontal_position_rmse_m,8,8,[],8,0,0,-0.13515081800859732,-0.09145084622313636,-77.57445898259118
stationary_horizon,px4,gps,after_return,vertical_position_rmse_m,8,8,[],2,6,0,0.006400113753091196,0.01796133581867688,20.567564648084968
stationary_horizon,px4,gps,after_return,velocity_3d_rmse_m_s,8,8,[],8,0,0,-0.10182439563326673,-0.04060178854130062,-79.83169277216334
stationary_horizon,px4,gps,after_return,attitude_rmse_deg,8,8,[],8,0,0,-2.5732414751915815,-1.6755041369912516,-97.84399291473713
stationary_horizon,px4,gps,after_return,yaw_rmse_deg,8,8,[],8,0,0,-2.579189420611565,-1.682525884560853,-98.09087691766217
stationary_horizon,px4,denied,flight,horizontal_position_rmse_m,8,8,[],8,0,0,-0.049740029565954164,-0.015524332784325912,-12.987262013593398
stationary_horizon,px4,denied,flight,vertical_position_rmse_m,8,8,[],3,5,0,0.006012116069720196,0.010128896867980613,19.31073513245665
stationary_horizon,px4,denied,flight,velocity_3d_rmse_m_s,8,8,[],8,0,0,-0.014430203322421141,-0.007060357862679625,-26.6756195664519
stationary_horizon,px4,denied,flight,attitude_rmse_deg,8,8,[],8,0,0,-0.7290054735348794,-0.2686343098534079,-69.5892646340403
stationary_horizon,px4,denied,flight,yaw_rmse_deg,8,8,[],8,0,0,-0.7343157535410836,-0.26949638142539717,-71.27755863533591
stationary_horizon,px4,denied,outage_window,horizontal_position_rmse_m,8,8,[],7,1,0,-0.04753331472384352,0.010528505644945285,-17.573263438037458
stationary_horizon,px4,denied,outage_window,vertical_position_rmse_m,8,8,[],3,5,0,0.0030528030278792005,0.011683851922801643,11.24302558151431
stationary_horizon,px4,denied,outage_window,velocity_3d_rmse_m_s,8,8,[],8,0,0,-0.018131654187435294,-0.0046551867079154055,-34.43545454514144
stationary_horizon,px4,denied,outage_window,attitude_rmse_deg,8,8,[],8,0,0,-0.9167197509758284,-0.4280628512937675,-79.13473006469444
stationary_horizon,px4,denied,outage_window,yaw_rmse_deg,8,8,[],8,0,0,-0.9339588242614619,-0.4306472817288203,-80.76825418233713
stationary_horizon,px4,denied,after_return,horizontal_position_rmse_m,8,8,[],5,3,0,-0.04517366516782356,0.12285260554831587,-7.690757816087324
stationary_horizon,px4,denied,after_return,vertical_position_rmse_m,8,8,[],3,5,0,0.008520825331983522,0.01295881417829381,23.58258183027414
stationary_horizon,px4,denied,after_return,velocity_3d_rmse_m_s,8,8,[],8,0,0,-0.011092092821675979,-0.002428228416419362,-18.62270238129888
stationary_horizon,px4,denied,after_return,attitude_rmse_deg,8,8,[],4,4,0,-0.22141445040336868,0.12590496080744665,-12.943453520423535
stationary_horizon,px4,denied,after_return,yaw_rmse_deg,8,8,[],4,4,0,-0.23401573103519963,0.13442509988634477,-11.670550536379046
stationary_horizon,px4,transition,flight,horizontal_position_rmse_m,8,8,[],8,0,0,-0.14934073762805766,-0.011525186749975241,-51.25584241799835
stationary_horizon,px4,transition,flight,vertical_position_rmse_m,8,8,[],5,3,0,-0.016336213652730816,0.00743009007272992,-32.30636938068468
stationary_horizon,px4,transition,flight,velocity_3d_rmse_m_s,8,8,[],8,0,0,-0.11152585621376063,-0.04255524086262376,-77.89965373901651
stationary_horizon,px4,transition,flight,attitude_rmse_deg,8,8,[],8,0,0,-2.6753189895394867,-0.999347627226908,-95.01880225680915
stationary_horizon,px4,transition,flight,yaw_rmse_deg,8,8,[],8,0,0,-2.6759445893781413,-0.9937841369316796,-95.57132253127332
stationary_horizon,px4,transition,outage_window,horizontal_position_rmse_m,8,8,[],7,1,0,-0.16860539689005133,0.05478106501917576,-39.28996124274278
stationary_horizon,px4,transition,outage_window,vertical_position_rmse_m,8,8,[],6,2,0,-0.014973259044380178,0.009959444879462355,-34.42315213621411
stationary_horizon,px4,transition,outage_window,velocity_3d_rmse_m_s,8,8,[],8,0,0,-0.09964445192440483,-0.0355196907881651,-68.44809637637611
stationary_horizon,px4,transition,outage_window,attitude_rmse_deg,8,8,[],8,0,0,-2.792153555676099,-0.8659335876685028,-98.00347518943941
stationary_horizon,px4,transition,outage_window,yaw_rmse_deg,8,8,[],8,0,0,-2.804471822056639,-0.8645113767704966,-98.52929289958976
stationary_horizon,px4,transition,after_return,horizontal_position_rmse_m,8,8,[],8,0,0,-0.13263135500088138,-0.06582031874771163,-67.1518223183277
stationary_horizon,px4,transition,after_return,vertical_position_rmse_m,8,8,[],3,5,0,0.00452460264809619,0.014004206382229854,13.054105232156399
stationary_horizon,px4,transition,after_return,velocity_3d_rmse_m_s,8,8,[],8,0,0,-0.10279836243948345,-0.04110780221871038,-78.69621124962029
stationary_horizon,px4,transition,after_return,attitude_rmse_deg,8,8,[],8,0,0,-2.672965089746902,-1.2696660585317403,-97.71878281886484
stationary_horizon,px4,transition,after_return,yaw_rmse_deg,8,8,[],8,0,0,-2.6847762159901407,-1.267670866214573,-98.28068392439141
stationary_horizon,ekf3,gps,flight,horizontal_position_rmse_m,8,8,[],8,0,0,-0.0072502725070583696,-0.003571069188383437,-16.20440812665442
stationary_horizon,ekf3,gps,flight,vertical_position_rmse_m,8,8,[],8,0,0,-0.023251549606499774,-0.022307035852319676,-41.146883423276435
stationary_horizon,ekf3,gps,flight,velocity_3d_rmse_m_s,8,8,[],8,0,0,-0.03148340800407588,-0.027773958046910747,-65.4364476436981
stationary_horizon,ekf3,gps,flight,attitude_rmse_deg,8,8,[],8,0,0,-0.11578976061572402,-0.04731916574527131,-47.50146141641592
stationary_horizon,ekf3,gps,flight,yaw_rmse_deg,8,8,[],7,1,0,-0.07088530570077009,0.015810673721741775,-35.40061834424908
stationary_horizon,ekf3,gps,outage_window,horizontal_position_rmse_m,8,8,[],8,0,0,-0.00869015314222564,-0.0020322532046668923,-14.980891752025588
stationary_horizon,ekf3,gps,outage_window,vertical_position_rmse_m,8,8,[],8,0,0,-0.025751716155150407,-0.0253291129798292,-48.084668326971375
stationary_horizon,ekf3,gps,outage_window,velocity_3d_rmse_m_s,8,8,[],8,0,0,-0.039233179475801246,-0.03554983260129184,-69.87203957035152
stationary_horizon,ekf3,gps,outage_window,attitude_rmse_deg,8,8,[],8,0,0,-0.09928804712398989,-0.047170156748996744,-59.652545745965455
stationary_horizon,ekf3,gps,outage_window,yaw_rmse_deg,8,8,[],6,2,0,-0.04581740604166627,0.045266077208868605,-47.273535887915486
stationary_horizon,ekf3,gps,after_return,horizontal_position_rmse_m,8,8,[],8,0,0,-0.007174644337498329,-0.0030213616806963883,-14.170187644633891
stationary_horizon,ekf3,gps,after_return,vertical_position_rmse_m,8,8,[],8,0,0,-0.024294358524822708,-0.023077836101245273,-37.389545411834185
stationary_horizon,ekf3,gps,after_return,velocity_3d_rmse_m_s,8,8,[],8,0,0,-0.025792444835372297,-0.023220845306918723,-58.70782083535744
stationary_horizon,ekf3,gps,after_return,attitude_rmse_deg,8,8,[],8,0,0,-0.12060947880920747,-0.07868639616848172,-67.13979170463459
stationary_horizon,ekf3,gps,after_return,yaw_rmse_deg,8,8,[],7,1,0,-0.04677548276368218,0.007865484509409978,-48.86785772095132
stationary_horizon,ekf3,denied,flight,horizontal_position_rmse_m,8,8,[],6,2,0,-0.08595605453628091,0.010935581040343922,-15.335629093945203
stationary_horizon,ekf3,denied,flight,vertical_position_rmse_m,8,8,[],8,0,0,-0.034450350407403275,-0.030700322545165012,-47.33495905204104
stationary_horizon,ekf3,denied,flight,velocity_3d_rmse_m_s,8,8,[],8,0,0,-0.08607953503935925,-0.06209881158018704,-66.77663924459128
stationary_horizon,ekf3,denied,flight,attitude_rmse_deg,8,8,[],3,5,0,0.05099697815520009,0.18741933642767422,17.249467612524782
stationary_horizon,ekf3,denied,flight,yaw_rmse_deg,8,8,[],2,6,0,0.07195817372915599,0.24168378042509076,35.12576732488646
stationary_horizon,ekf3,denied,outage_window,horizontal_position_rmse_m,8,8,[],8,0,0,-0.0833845207626973,-0.00199141932804095,-21.431632282173595
stationary_horizon,ekf3,denied,outage_window,vertical_position_rmse_m,8,8,[],8,0,0,-0.040336409787688265,-0.03554349146910862,-57.78513375620359
stationary_horizon,ekf3,denied,outage_window,velocity_3d_rmse_m_s,8,8,[],8,0,0,-0.07390369533622777,-0.04263113111796163,-65.37541671825252
stationary_horizon,ekf3,denied,outage_window,attitude_rmse_deg,8,8,[],4,4,0,-0.02560204683872492,0.20486906433679813,-20.218213353466602
stationary_horizon,ekf3,denied,outage_window,yaw_rmse_deg,8,8,[],2,6,0,0.02977940421343767,0.27734666755305043,43.562860856618954
stationary_horizon,ekf3,denied,after_return,horizontal_position_rmse_m,8,8,[],5,3,0,-0.08921669312186375,0.05960158039275881,-14.246624455478695
stationary_horizon,ekf3,denied,after_return,vertical_position_rmse_m,8,8,[],8,0,0,-0.03767693440075093,-0.03233207105917257,-48.25454482070582
stationary_horizon,ekf3,denied,after_return,velocity_3d_rmse_m_s,8,8,[],8,0,0,-0.07058306649620501,-0.05975475156602251,-61.96859846751927
stationary_horizon,ekf3,denied,after_return,attitude_rmse_deg,8,8,[],4,4,0,-0.00023067480211209218,0.1218146956409974,-1.3504536259076083
stationary_horizon,ekf3,denied,after_return,yaw_rmse_deg,8,8,[],4,4,0,0.031088545544798854,0.23154561521709302,7.259241562847002
stationary_horizon,ekf3,transition,flight,horizontal_position_rmse_m,8,8,[],8,0,0,-0.04015129863696828,-0.018352534282478267,-29.088326232162196
stationary_horizon,ekf3,transition,flight,vertical_position_rmse_m,8,8,[],8,0,0,-0.028173371658305014,-0.023135542030018955,-45.70955345590147
stationary_horizon,ekf3,transition,flight,velocity_3d_rmse_m_s,8,8,[],8,0,0,-0.04941500186166142,-0.043909798430373834,-68.94820380664615
stationary_horizon,ekf3,transition,flight,attitude_rmse_deg,8,8,[],8,0,0,-0.13041147293832855,-0.0335572997699389,-48.88054937477782
stationary_horizon,ekf3,transition,flight,yaw_rmse_deg,8,8,[],5,3,0,-0.08994978494433181,0.03748934015795259,-31.470183933327473
stationary_horizon,ekf3,transition,outage_window,horizontal_position_rmse_m,8,8,[],8,0,0,-0.044052698817433913,-0.02601494345124443,-25.07102720631031
stationary_horizon,ekf3,transition,outage_window,vertical_position_rmse_m,8,8,[],8,0,0,-0.041678209471170985,-0.03346383891202516,-59.86498132356047
stationary_horizon,ekf3,transition,outage_window,velocity_3d_rmse_m_s,8,8,[],8,0,0,-0.07757464636590872,-0.063189484499697,-71.57277656549829
stationary_horizon,ekf3,transition,outage_window,attitude_rmse_deg,8,8,[],8,0,0,-0.11788819920155336,-0.011707021813280677,-65.03557708573513
stationary_horizon,ekf3,transition,outage_window,yaw_rmse_deg,8,8,[],6,2,0,-0.05700483965661887,0.08257552164679002,-38.86071967147929
stationary_horizon,ekf3,transition,after_return,horizontal_position_rmse_m,8,8,[],8,0,0,-0.058934358534634246,-0.016314924341198113,-49.18743102202297
stationary_horizon,ekf3,transition,after_return,vertical_position_rmse_m,8,8,[],8,0,0,-0.023981092986944123,-0.01850314684600715,-36.42195453370816
stationary_horizon,ekf3,transition,after_return,velocity_3d_rmse_m_s,8,8,[],8,0,0,-0.03484746459413544,-0.023734549386315584,-61.813435063823974
stationary_horizon,ekf3,transition,after_return,attitude_rmse_deg,8,8,[],8,0,0,-0.12595853137788204,-0.06911315478292131,-60.41520051835208
stationary_horizon,ekf3,transition,after_return,yaw_rmse_deg,8,8,[],7,1,0,-0.07961920419856032,0.05033136957935795,-48.50067520063504
stationary_retrodiction,retrodiction,gps,flight,horizontal_position_rmse_m,8,8,[],4,4,0,-0.000265025704862306,0.00034220202217316587,-0.48653804191183814
stationary_retrodiction,retrodiction,gps,flight,vertical_position_rmse_m,8,8,[],0,8,0,0.00015582932977655992,0.00026407247636506953,0.43579803252896676
stationary_retrodiction,retrodiction,gps,flight,velocity_3d_rmse_m_s,8,8,[],8,0,0,-0.0010212089139150383,-0.0005693791589972165,-5.619454961062425
stationary_retrodiction,retrodiction,gps,flight,attitude_rmse_deg,8,8,[],7,1,0,-0.014322714823049733,0.01609175755993951,-11.50452569953222
stationary_retrodiction,retrodiction,gps,flight,yaw_rmse_deg,8,8,[],7,1,0,-0.014891134323182072,0.01448828789097538,-13.41232815937824
stationary_retrodiction,retrodiction,gps,outage_window,horizontal_position_rmse_m,8,8,[],4,4,0,-0.00012491222815440642,0.0006647991643865883,0.014865859156637518
stationary_retrodiction,retrodiction,gps,outage_window,vertical_position_rmse_m,8,8,[],0,8,0,0.0001307410248894414,0.00014923568879733964,0.4336837646561231
stationary_retrodiction,retrodiction,gps,outage_window,velocity_3d_rmse_m_s,8,8,[],8,0,0,-0.0008636941285654984,-0.00031715881607768254,-4.482422989968754
stationary_retrodiction,retrodiction,gps,outage_window,attitude_rmse_deg,8,8,[],4,4,0,-0.007914481974041009,0.014596160582675585,-7.644275001737478
stationary_retrodiction,retrodiction,gps,outage_window,yaw_rmse_deg,8,8,[],4,4,0,-0.006745810315085716,0.0219280952278069,-1.5498278247432324
stationary_retrodiction,retrodiction,gps,after_return,horizontal_position_rmse_m,8,8,[],8,0,0,-0.0004671887693973621,-0.0003665125723220572,-1.1508229908222256
stationary_retrodiction,retrodiction,gps,after_return,vertical_position_rmse_m,8,8,[],6,2,0,-6.683778078036412e-06,1.0951256692523503e-06,-0.014487027365733818
stationary_retrodiction,retrodiction,gps,after_return,velocity_3d_rmse_m_s,8,8,[],8,0,0,-0.0003316320539568877,-4.724021101668377e-05,-1.7581666629398696
stationary_retrodiction,retrodiction,gps,after_return,attitude_rmse_deg,8,8,[],4,4,0,-0.0004163754383822854,0.004008297217037292,-1.5753212734710034
stationary_retrodiction,retrodiction,gps,after_return,yaw_rmse_deg,8,8,[],4,4,0,-0.0010214838638919754,0.006092368560401948,-3.401713449311722
stationary_retrodiction,retrodiction,denied,flight,horizontal_position_rmse_m,8,8,[],8,0,0,-0.041677463453388894,-0.02560921744715372,-11.029233398910604
stationary_retrodiction,retrodiction,denied,flight,vertical_position_rmse_m,8,8,[],4,4,0,6.506461288221382e-05,0.0006262816806567456,0.14159271360636438
stationary_retrodiction,retrodiction,denied,flight,velocity_3d_rmse_m_s,8,8,[],8,0,0,-0.00150288646331969,-0.00021542978292080767,-3.3033833820300895
stationary_retrodiction,retrodiction,denied,flight,attitude_rmse_deg,8,8,[],6,2,0,-0.0798580840436837,0.020853305680702927,-28.72073907883199
stationary_retrodiction,retrodiction,denied,flight,yaw_rmse_deg,8,8,[],6,2,0,-0.08602981986073838,0.014908371652138097,-31.91229101846882
stationary_retrodiction,retrodiction,denied,outage_window,horizontal_position_rmse_m,8,8,[],8,0,0,-0.026866016678631602,-0.012710289946197162,-11.61883739165625
stationary_retrodiction,retrodiction,denied,outage_window,vertical_position_rmse_m,8,8,[],4,4,0,-4.575688984199272e-06,0.00042887245766579443,0.06482364784979877
stationary_retrodiction,retrodiction,denied,outage_window,velocity_3d_rmse_m_s,8,8,[],8,0,0,-0.0030680617411974025,-0.0005518443429993886,-8.469612160741601
stationary_retrodiction,retrodiction,denied,outage_window,attitude_rmse_deg,8,8,[],8,0,0,-0.1546165249919317,-0.0484095002823301,-48.43535420117479
stationary_retrodiction,retrodiction,denied,outage_window,yaw_rmse_deg,8,8,[],8,0,0,-0.16264390017958152,-0.050535277154664326,-52.06406200033683
stationary_retrodiction,retrodiction,denied,after_return,horizontal_position_rmse_m,8,8,[],8,0,0,-0.04866682653287199,-0.02295796519410115,-10.67079196881004
stationary_retrodiction,retrodiction,denied,after_return,vertical_position_rmse_m,8,8,[],6,2,0,-7.118944157040799e-05,3.737390787337397e-05,-0.1433302739756004
stationary_retrodiction,retrodiction,denied,after_return,velocity_3d_rmse_m_s,8,8,[],6,2,0,-0.0002856934339310474,0.00010815126177524115,-0.5506162750165688
stationary_retrodiction,retrodiction,denied,after_return,attitude_rmse_deg,8,8,[],7,1,0,-0.06447841127119198,0.006506619261102464,-35.19269697989337
stationary_retrodiction,retrodiction,denied,after_return,yaw_rmse_deg,8,8,[],7,1,0,-0.0740422622757396,0.004348318411589114,-42.111163718448694
stationary_retrodiction,retrodiction,transition,flight,horizontal_position_rmse_m,8,8,[],3,5,0,0.0019268007598720327,0.005026116588106783,1.4439965683588074
stationary_retrodiction,retrodiction,transition,flight,vertical_position_rmse_m,8,8,[],0,8,0,0.00022558916710377352,0.0003268373734074889,0.624406111670528
stationary_retrodiction,retrodiction,transition,flight,velocity_3d_rmse_m_s,8,8,[],8,0,0,-0.0016932888508718325,-0.0003194780689195313,-7.114582340570169
stationary_retrodiction,retrodiction,transition,flight,attitude_rmse_deg,8,8,[],6,2,0,-0.017135401248981802,0.020756033666999685,-13.91666219252669
stationary_retrodiction,retrodiction,transition,flight,yaw_rmse_deg,8,8,[],6,2,0,-0.018555360546765286,0.020346491327665292,-17.08930644017412
stationary_retrodiction,retrodiction,transition,outage_window,horizontal_position_rmse_m,8,8,[],3,5,0,0.0040407564262846946,0.009724641850514693,1.8149271206878814
stationary_retrodiction,retrodiction,transition,outage_window,vertical_position_rmse_m,8,8,[],0,8,0,0.00035274083732098754,0.0006011648802664513,1.1731517072078312
stationary_retrodiction,retrodiction,transition,outage_window,velocity_3d_rmse_m_s,8,8,[],6,2,0,-0.002846826574989303,0.0016435147512942616,-9.430465854509666
stationary_retrodiction,retrodiction,transition,outage_window,attitude_rmse_deg,8,8,[],6,2,0,-0.009916277033976673,0.024471267087256887,-19.407116038561156
stationary_retrodiction,retrodiction,transition,outage_window,yaw_rmse_deg,8,8,[],6,2,0,-0.01616382797785216,0.03195396447280559,-41.964144753663895
stationary_retrodiction,retrodiction,transition,after_return,horizontal_position_rmse_m,8,8,[],5,3,0,-0.0004086955928918265,0.0021880505260532326,-0.7321103171247345
stationary_retrodiction,retrodiction,transition,after_return,vertical_position_rmse_m,8,8,[],2,6,0,1.4313228996701982e-05,2.9634112739686247e-05,0.03180570297076635
stationary_retrodiction,retrodiction,transition,after_return,velocity_3d_rmse_m_s,8,8,[],8,0,0,-0.0007713633789165862,-3.803232190894776e-05,-3.1789620488444914
stationary_retrodiction,retrodiction,transition,after_return,attitude_rmse_deg,8,8,[],6,2,0,-0.013288094825856234,0.02222364038806561,-17.517304255822197
stationary_retrodiction,retrodiction,transition,after_return,yaw_rmse_deg,8,8,[],6,2,0,-0.015786878878542538,0.023957825348273537,-23.103168825312686
stationary_retrodiction,px4,gps,flight,horizontal_position_rmse_m,8,8,[],8,0,0,-0.1301909248925176,-0.07704900839442225,-73.16820673994201
stationary_retrodiction,px4,gps,flight,vertical_position_rmse_m,8,8,[],5,3,0,-0.011424238325904817,0.01149661509584941,-22.713679848074126
stationary_retrodiction,px4,gps,flight,velocity_3d_rmse_m_s,8,8,[],8,0,0,-0.11502542768683668,-0.045410716978134945,-83.37047053068764
stationary_retrodiction,px4,gps,flight,attitude_rmse_deg,8,8,[],8,0,0,-2.588936179666595,-1.464144524060524,-95.5656615549053
stationary_retrodiction,px4,gps,flight,yaw_rmse_deg,8,8,[],8,0,0,-2.5908384797617523,-1.4647283837126803,-96.11297008299178
stationary_retrodiction,px4,gps,outage_window,horizontal_position_rmse_m,8,8,[],8,0,0,-0.117852891280465,-0.033746639642222076,-66.97631076277341
stationary_retrodiction,px4,gps,outage_window,vertical_position_rmse_m,8,8,[],4,4,0,-0.006581125004307112,0.013471418849921722,-13.120696395905448
stationary_retrodiction,px4,gps,outage_window,velocity_3d_rmse_m_s,8,8,[],8,0,0,-0.11150371995344917,-0.04067519236381331,-81.91773747734305
stationary_retrodiction,px4,gps,outage_window,attitude_rmse_deg,8,8,[],8,0,0,-2.676948922967806,-1.6176720792389176,-97.06087638863411
stationary_retrodiction,px4,gps,outage_window,yaw_rmse_deg,8,8,[],8,0,0,-2.677145970263126,-1.6149531256461809,-97.35784476849443
stationary_retrodiction,px4,gps,after_return,horizontal_position_rmse_m,8,8,[],8,0,0,-0.13364475310274665,-0.0900611309870645,-76.74563389556255
stationary_retrodiction,px4,gps,after_return,vertical_position_rmse_m,8,8,[],2,6,0,0.011781900901988569,0.022533660918751,33.687607025078
stationary_retrodiction,px4,gps,after_return,velocity_3d_rmse_m_s,8,8,[],8,0,0,-0.10131020700259938,-0.04081852108315433,-79.26625414191014
stationary_retrodiction,px4,gps,after_return,attitude_rmse_deg,8,8,[],8,0,0,-2.5768337713887455,-1.6745827616595526,-98.02168914072945
stationary_retrodiction,px4,gps,after_return,yaw_rmse_deg,8,8,[],8,0,0,-2.583138915130922,-1.6807565413817118,-98.30057281976991
stationary_retrodiction,px4,denied,flight,horizontal_position_rmse_m,8,8,[],7,1,0,-0.04705207515656762,0.001439086650146859,-12.280916188527746
stationary_retrodiction,px4,denied,flight,vertical_position_rmse_m,8,8,[],3,5,0,0.008412455541614784,0.014165809897537292,26.966117436253235
stationary_retrodiction,px4,denied,flight,velocity_3d_rmse_m_s,8,8,[],8,0,0,-0.015004075143514699,-0.008448115652377186,-27.70570664017319
stationary_retrodiction,px4,denied,flight,attitude_rmse_deg,8,8,[],8,0,0,-0.7488104535543758,-0.24432001428000577,-70.55274748235516
stationary_retrodiction,px4,denied,flight,yaw_rmse_deg,8,8,[],8,0,0,-0.7513605641555234,-0.2494636641511328,-72.20738674376888
stationary_retrodiction,px4,denied,outage_window,horizontal_position_rmse_m,8,8,[],7,1,0,-0.08156935859587733,0.004443835965983023,-25.34049205024636
stationary_retrodiction,px4,denied,outage_window,vertical_position_rmse_m,8,8,[],3,5,0,0.004957333250993285,0.011345650923596264,18.504825173564754
stationary_retrodiction,px4,denied,outage_window,velocity_3d_rmse_m_s,8,8,[],8,0,0,-0.01816575485632175,-0.008183596383185929,-34.36207324117474
stationary_retrodiction,px4,denied,outage_window,attitude_rmse_deg,8,8,[],8,0,0,-0.9253996802738802,-0.44354549553721045,-79.92313636766049
stationary_retrodiction,px4,denied,outage_window,yaw_rmse_deg,8,8,[],8,0,0,-0.9350299085318214,-0.4451477766686108,-80.73546411784889
stationary_retrodiction,px4,denied,after_return,horizontal_position_rmse_m,8,8,[],5,3,0,-0.03710939482371761,0.14101425777708412,-6.307499899142216
stationary_retrodiction,px4,denied,after_return,vertical_position_rmse_m,8,8,[],3,5,0,0.013392370005050284,0.017607494355878245,35.98195202293175
stationary_retrodiction,px4,denied,after_return,velocity_3d_rmse_m_s,8,8,[],8,0,0,-0.011702214512322204,-0.003188248934380189,-20.025066092157513
stationary_retrodiction,px4,denied,after_return,attitude_rmse_deg,8,8,[],4,4,0,-0.22402227362213104,0.1190855683725732,-14.504732441875504
stationary_retrodiction,px4,denied,after_return,yaw_rmse_deg,8,8,[],4,4,0,-0.23257532376691664,0.12812363475960514,-13.514953730969204
stationary_retrodiction,px4,transition,flight,horizontal_position_rmse_m,8,8,[],8,0,0,-0.1520202360141437,-0.0242055944145637,-52.89625475172687
stationary_retrodiction,px4,transition,flight,vertical_position_rmse_m,8,8,[],5,3,0,-0.01324442686553845,0.009413072112811248,-25.720571767575642
stationary_retrodiction,px4,transition,flight,velocity_3d_rmse_m_s,8,8,[],8,0,0,-0.11197490237069752,-0.0443300941448123,-78.88964906475556
stationary_retrodiction,px4,transition,flight,attitude_rmse_deg,8,8,[],8,0,0,-2.6933188576321325,-1.0117356079734523,-96.37708503487013
stationary_retrodiction,px4,transition,flight,yaw_rmse_deg,8,8,[],8,0,0,-2.6955563528615025,-1.0099458326692066,-97.07211812396018
stationary_retrodiction,px4,transition,outage_window,horizontal_position_rmse_m,8,8,[],7,1,0,-0.19547728505510759,0.03201416327493742,-44.09283872847223
stationary_retrodiction,px4,transition,outage_window,vertical_position_rmse_m,8,8,[],5,3,0,-0.012768832646203264,0.00988403693756515,-28.678804460782104
stationary_retrodiction,px4,transition,outage_window,velocity_3d_rmse_m_s,8,8,[],8,0,0,-0.1008741727578508,-0.038322660634665925,-70.6067937144677
stationary_retrodiction,px4,transition,outage_window,attitude_rmse_deg,8,8,[],8,0,0,-2.7986109447868577,-0.9087741631801907,-98.23836057107393
stationary_retrodiction,px4,transition,outage_window,yaw_rmse_deg,8,8,[],8,0,0,-2.816430055699672,-0.9076126018147451,-99.02883253783824
stationary_retrodiction,px4,transition,after_return,horizontal_position_rmse_m,8,8,[],8,0,0,-0.12973966987442964,-0.06437005155896508,-67.10855564237559
stationary_retrodiction,px4,transition,after_return,vertical_position_rmse_m,8,8,[],2,6,0,0.009631944928345845,0.018341874387435498,27.281240696332887
stationary_retrodiction,px4,transition,after_return,velocity_3d_rmse_m_s,8,8,[],8,0,0,-0.10241944898229172,-0.041717422311404725,-78.43139647252048
stationary_retrodiction,px4,transition,after_return,attitude_rmse_deg,8,8,[],8,0,0,-2.672185722097117,-1.295048140646342,-97.65023806474983
stationary_retrodiction,px4,transition,after_return,yaw_rmse_deg,8,8,[],8,0,0,-2.6805734103828383,-1.2937456463610921,-98.07017920693639
stationary_retrodiction,ekf3,gps,flight,horizontal_position_rmse_m,8,8,[],8,0,0,-0.007127281686948036,-0.0024216005499473267,-14.07491955394945
stationary_retrodiction,ekf3,gps,flight,vertical_position_rmse_m,8,8,[],8,0,0,-0.02032516246713295,-0.018278468652381398,-36.08111226004408
stationary_retrodiction,ekf3,gps,flight,velocity_3d_rmse_m_s,8,8,[],8,0,0,-0.03107223945832614,-0.026249742972237106,-64.49280949778984
stationary_retrodiction,ekf3,gps,flight,attitude_rmse_deg,8,8,[],8,0,0,-0.14965732322439512,-0.008591853878906042,-59.07709817191743
stationary_retrodiction,ekf3,gps,flight,yaw_rmse_deg,8,8,[],6,2,0,-0.09726673102004836,0.024777301036288363,-46.81165806275803
stationary_retrodiction,ekf3,gps,outage_window,horizontal_position_rmse_m,8,8,[],8,0,0,-0.008397508280342442,-0.0026562264184050027,-13.100728468190148
stationary_retrodiction,ekf3,gps,outage_window,vertical_position_rmse_m,8,8,[],8,0,0,-0.023570842123678243,-0.021092449694916214,-43.79879728194312
stationary_retrodiction,ekf3,gps,outage_window,velocity_3d_rmse_m_s,8,8,[],8,0,0,-0.03775564932498983,-0.03416869068031493,-67.71606990498758
stationary_retrodiction,ekf3,gps,outage_window,attitude_rmse_deg,8,8,[],8,0,0,-0.09516545836468998,-0.0417413047223808,-60.54844542243835
stationary_retrodiction,ekf3,gps,outage_window,yaw_rmse_deg,8,8,[],7,1,0,-0.04430983699434222,0.049631570208379286,-45.17854792951655
stationary_retrodiction,ekf3,gps,after_return,horizontal_position_rmse_m,8,8,[],7,1,0,-0.0055715113797042935,0.000303779011381837,-11.004738043691187
stationary_retrodiction,ekf3,gps,after_return,vertical_position_rmse_m,8,8,[],8,0,0,-0.018931114690969024,-0.018548965837161972,-29.100647745147
stationary_retrodiction,ekf3,gps,after_return,velocity_3d_rmse_m_s,8,8,[],8,0,0,-0.02535392806852569,-0.022940319475213636,-57.468528220432745
stationary_retrodiction,ekf3,gps,after_return,attitude_rmse_deg,8,8,[],8,0,0,-0.12324111842768246,-0.08017509305981463,-69.33605491462446
stationary_retrodiction,ekf3,gps,after_return,yaw_rmse_deg,8,8,[],8,0,0,-0.04728612879892842,-0.00017704922326412104,-49.4187745100958
stationary_retrodiction,ekf3,denied,flight,horizontal_position_rmse_m,8,8,[],5,3,0,-0.08419234343817605,0.027899000474816693,-15.04398475658718
stationary_retrodiction,ekf3,denied,flight,vertical_position_rmse_m,8,8,[],8,0,0,-0.031166858718411444,-0.02651191327784827,-42.78848950571005
stationary_retrodiction,ekf3,denied,flight,velocity_3d_rmse_m_s,8,8,[],8,0,0,-0.08665057503394916,-0.06307905798445759,-66.99321382746089
stationary_retrodiction,ekf3,denied,flight,attitude_rmse_deg,8,8,[],4,4,0,0.025221961146668186,0.21711935791974185,1.0334568444309191
stationary_retrodiction,ekf3,denied,flight,yaw_rmse_deg,8,8,[],4,4,0,0.04719081149592409,0.2667967929903784,10.330672297830152
stationary_retrodiction,ekf3,denied,outage_window,horizontal_position_rmse_m,8,8,[],8,0,0,-0.11081908873701742,-0.02735589115759604,-27.825530300613266
stationary_retrodiction,ekf3,denied,outage_window,vertical_position_rmse_m,8,8,[],8,0,0,-0.03843158340129814,-0.03167865278222901,-55.09986295404996
stationary_retrodiction,ekf3,denied,outage_window,velocity_3d_rmse_m_s,8,8,[],8,0,0,-0.07475261036466856,-0.0455186234564371,-66.05277608721731
stationary_retrodiction,ekf3,denied,outage_window,attitude_rmse_deg,8,8,[],4,4,0,-0.03308109823807167,0.19363272557537448,-22.990394439231796
stationary_retrodiction,ekf3,denied,outage_window,yaw_rmse_deg,8,8,[],2,6,0,0.028425448778339982,0.26664797774957827,59.90402252530945
stationary_retrodiction,ekf3,denied,after_return,horizontal_position_rmse_m,8,8,[],5,3,0,-0.08200633980561098,0.06933972789981785,-12.510000277292148
stationary_retrodiction,ekf3,denied,after_return,vertical_position_rmse_m,8,8,[],8,0,0,-0.03179524272086942,-0.02768339088158813,-41.10904099603029
stationary_retrodiction,ekf3,denied,after_return,velocity_3d_rmse_m_s,8,8,[],8,0,0,-0.0712158207543411,-0.060506519402024554,-62.718114486384046
stationary_retrodiction,ekf3,denied,after_return,attitude_rmse_deg,8,8,[],4,4,0,-0.0028717406092653094,0.11528800923244364,-2.929234099745347
stationary_retrodiction,ekf3,denied,after_return,yaw_rmse_deg,8,8,[],4,4,0,0.03253812410034444,0.22522580751582832,9.344966660252354
stationary_retrodiction,ekf3,transition,flight,horizontal_position_rmse_m,8,8,[],8,0,0,-0.042117975145181494,-0.018560290511029545,-27.866115157764952
stationary_retrodiction,ekf3,transition,flight,vertical_position_rmse_m,8,8,[],8,0,0,-0.025084335458261706,-0.02114823872892351,-40.744337103425195
stationary_retrodiction,ekf3,transition,flight,velocity_3d_rmse_m_s,8,8,[],8,0,0,-0.050444312455398196,-0.04567029766725392,-69.55423062228076
stationary_retrodiction,ekf3,transition,flight,attitude_rmse_deg,8,8,[],8,0,0,-0.15556904372241143,-0.007457545894863721,-59.254583765245094
stationary_retrodiction,ekf3,transition,flight,yaw_rmse_deg,8,8,[],6,2,0,-0.12178732042908637,0.040429328650737936,-54.133742849173444
stationary_retrodiction,ekf3,transition,outage_window,horizontal_position_rmse_m,8,8,[],8,0,0,-0.047594893902481825,-0.010332828948114839,-22.136954405006584
stationary_retrodiction,ekf3,transition,outage_window,vertical_position_rmse_m,8,8,[],8,0,0,-0.03952333615149352,-0.03341641652373342,-56.98121925565974
stationary_retrodiction,ekf3,transition,outage_window,velocity_3d_rmse_m_s,8,8,[],8,0,0,-0.07966586170932854,-0.06649573818917077,-72.924880019959
stationary_retrodiction,ekf3,transition,outage_window,attitude_rmse_deg,8,8,[],8,0,0,-0.14167002684332558,-0.05503885321531163,-70.67424399830587
stationary_retrodiction,ekf3,transition,outage_window,yaw_rmse_deg,8,8,[],7,1,0,-0.0828602096283293,0.03894204937413963,-56.377337079363
stationary_retrodiction,ekf3,transition,after_return,horizontal_position_rmse_m,8,8,[],8,0,0,-0.056140205908936966,-0.014864657152451562,-48.57572278254794
stationary_retrodiction,ekf3,transition,after_return,vertical_position_rmse_m,8,8,[],8,0,0,-0.018855108085718955,-0.01420474918559532,-28.634497701303324
stationary_retrodiction,ekf3,transition,after_return,velocity_3d_rmse_m_s,8,8,[],8,0,0,-0.034709349629660276,-0.0217018677892198,-61.721482465546714
stationary_retrodiction,ekf3,transition,after_return,attitude_rmse_deg,8,8,[],8,0,0,-0.15280191027910894,-0.07179443038288898,-66.40664429084444
stationary_retrodiction,ekf3,transition,after_return,yaw_rmse_deg,8,8,[],7,1,0,-0.09223598067543037,0.02060269159263782,-55.47506203530183
stationary_horizon_joint,horizon_joint,gps,flight,horizontal_position_rmse_m,8,8,[],4,4,0,-0.0005194063699220514,0.0004463406100360598,-0.900520161668622
stationary_horizon_joint,horizon_joint,gps,flight,vertical_position_rmse_m,8,8,[],0,8,0,0.0008990537990843806,0.0015563288245738528,3.2170322635366566
stationary_horizon_joint,horizon_joint,gps,flight,velocity_3d_rmse_m_s,8,8,[],8,0,0,-0.0008830286094602992,-0.0003941755054058197,-5.367560713785058
stationary_horizon_joint,horizon_joint,gps,flight,attitude_rmse_deg,8,8,[],4,4,0,0.0005519054538233661,0.01819556427315412,0.43516005396587176
stationary_horizon_joint,horizon_joint,gps,flight,yaw_rmse_deg,8,8,[],3,5,0,0.004596152304679829,0.014526255508560848,5.635999485507903
stationary_horizon_joint,horizon_joint,gps,outage_window,horizontal_position_rmse_m,8,8,[],4,4,0,-0.00024405240185618876,0.0008311601103454108,0.1416804046333764
stationary_horizon_joint,horizon_joint,gps,outage_window,vertical_position_rmse_m,8,8,[],4,4,0,-0.0016885557634901491,0.0008261452437649842,-7.290638979839431
stationary_horizon_joint,horizon_joint,gps,outage_window,velocity_3d_rmse_m_s,8,8,[],8,0,0,-0.0006158446482548421,-0.00018257793618785614,-3.783881236706921
stationary_horizon_joint,horizon_joint,gps,outage_window,attitude_rmse_deg,8,8,[],4,4,0,-0.007000598155650448,0.033896729435840545,-5.122807777380289
stationary_horizon_joint,horizon_joint,gps,outage_window,yaw_rmse_deg,8,8,[],4,4,0,-0.007524899576449468,0.039410957592403664,-1.8181390802195168
stationary_horizon_joint,horizon_joint,gps,after_return,horizontal_position_rmse_m,8,8,[],8,0,0,-0.0004799936905940279,-0.000451657287860327,-1.336639259236233
stationary_horizon_joint,horizon_joint,gps,after_return,vertical_position_rmse_m,8,8,[],7,1,0,-3.4264232816320905e-05,1.6024858586330404e-05,-0.10161530763980742
stationary_horizon_joint,horizon_joint,gps,after_return,velocity_3d_rmse_m_s,8,8,[],8,0,0,-0.00021449917726102177,-1.8679848845883085e-05,-1.2939451858656192
stationary_horizon_joint,horizon_joint,gps,after_return,attitude_rmse_deg,8,8,[],2,6,0,0.0012567624160242652,0.004376137628029346,2.706054023103721
stationary_horizon_joint,horizon_joint,gps,after_return,yaw_rmse_deg,8,8,[],2,6,0,0.001989434962271993,0.0043063521979192915,5.03349953516683
stationary_horizon_joint,horizon_joint,denied,flight,horizontal_position_rmse_m,8,8,[],8,0,0,-0.05380169090478873,-0.023456311618900216,-14.874943642748944
stationary_horizon_joint,horizon_joint,denied,flight,vertical_position_rmse_m,8,8,[],1,7,0,0.0008667932412791922,0.0028194834846397357,2.6223910903491077
stationary_horizon_joint,horizon_joint,denied,flight,velocity_3d_rmse_m_s,8,8,[],8,0,0,-0.0020526993018421223,-0.0002888813516487773,-4.5767630899556435
stationary_horizon_joint,horizon_joint,denied,flight,attitude_rmse_deg,8,8,[],8,0,0,-0.07453263658391145,-0.01697243117444014,-22.681662048375408
stationary_horizon_joint,horizon_joint,denied,flight,yaw_rmse_deg,8,8,[],8,0,0,-0.07843499154090819,-0.01805108070491257,-24.930377786272086
stationary_horizon_joint,horizon_joint,denied,outage_window,horizontal_position_rmse_m,8,8,[],8,0,0,-0.029650215195251746,-0.0030181193983711135,-10.119672155978726
stationary_horizon_joint,horizon_joint,denied,outage_window,vertical_position_rmse_m,8,8,[],1,7,0,0.0018059604547189436,0.0031659443609884513,6.977940532981176
stationary_horizon_joint,horizon_joint,denied,outage_window,velocity_3d_rmse_m_s,8,8,[],7,1,0,-0.0025490387230482775,0.0006515995601512406,-6.032804796597441
stationary_horizon_joint,horizon_joint,denied,outage_window,attitude_rmse_deg,8,8,[],8,0,0,-0.14223306135407432,-0.05796694918607531,-44.180207037177034
stationary_horizon_joint,horizon_joint,denied,outage_window,yaw_rmse_deg,8,8,[],8,0,0,-0.14995155404559468,-0.05898795993863237,-47.583433049066194
stationary_horizon_joint,horizon_joint,denied,after_return,horizontal_position_rmse_m,8,8,[],8,0,0,-0.07438721780612226,-0.014358785342352687,-15.798588065491227
stationary_horizon_joint,horizon_joint,denied,after_return,vertical_position_rmse_m,8,8,[],2,6,0,0.0010369899295147346,0.003905506446115325,3.608700705529455
stationary_horizon_joint,horizon_joint,denied,after_return,velocity_3d_rmse_m_s,8,8,[],6,2,0,-0.0004993890416105408,0.00026177920753708145,-1.154438942228414
stationary_horizon_joint,horizon_joint,denied,after_return,attitude_rmse_deg,8,8,[],8,0,0,-0.08143322646134082,-0.0022479455349597444,-28.397274799226928
stationary_horizon_joint,horizon_joint,denied,after_return,yaw_rmse_deg,8,8,[],8,0,0,-0.08498911025528261,-0.0032695282377330215,-29.914929936834763
stationary_horizon_joint,horizon_joint,transition,flight,horizontal_position_rmse_m,8,8,[],4,4,0,0.00020560838571791196,0.008978743372861087,0.034551579651503905
stationary_horizon_joint,horizon_joint,transition,flight,vertical_position_rmse_m,8,8,[],4,4,0,0.0008964651368891206,0.0029051933922926397,2.9165082579792334
stationary_horizon_joint,horizon_joint,transition,flight,velocity_3d_rmse_m_s,8,8,[],7,1,0,-0.0015950423962015244,0.0002964088553455528,-6.997696101683193
stationary_horizon_joint,horizon_joint,transition,flight,attitude_rmse_deg,8,8,[],4,4,0,-0.0018320586816455153,0.01784157344603396,-2.536646642745488
stationary_horizon_joint,horizon_joint,transition,flight,yaw_rmse_deg,8,8,[],4,4,0,0.001323507384336918,0.014782263858275566,-0.036584593659422016
stationary_horizon_joint,horizon_joint,transition,outage_window,horizontal_position_rmse_m,8,8,[],4,4,0,0.0004421309362599851,0.016821082774663654,-0.25210901095662486
stationary_horizon_joint,horizon_joint,transition,outage_window,vertical_position_rmse_m,8,8,[],4,4,0,-0.00014112173236641157,0.005262394443506926,-4.075161700361107
stationary_horizon_joint,horizon_joint,transition,outage_window,velocity_3d_rmse_m_s,8,8,[],5,3,0,-0.002677297440437213,0.001970406198787758,-8.621409469482815
stationary_horizon_joint,horizon_joint,transition,outage_window,attitude_rmse_deg,8,8,[],4,4,0,-0.007001334757594256,0.018170565970946045,-9.074129641394691
stationary_horizon_joint,horizon_joint,transition,outage_window,yaw_rmse_deg,8,8,[],4,4,0,-0.00525501147085042,0.021190695970593476,-13.035065395613877
stationary_horizon_joint,horizon_joint,transition,after_return,horizontal_position_rmse_m,8,8,[],4,4,0,0.00012434685340261334,0.0010141564252906382,0.20992754216849763
stationary_horizon_joint,horizon_joint,transition,after_return,vertical_position_rmse_m,8,8,[],4,4,0,-0.0010102304834378566,0.0006162358606254109,-2.5006267738055086
stationary_horizon_joint,horizon_joint,transition,after_return,velocity_3d_rmse_m_s,8,8,[],8,0,0,-0.0007762243137656999,-5.5027660439525145e-05,-4.175285665444267
stationary_horizon_joint,horizon_joint,transition,after_return,attitude_rmse_deg,8,8,[],6,2,0,-0.012533338802889534,0.01428022882474371,-17.90194832671196
stationary_horizon_joint,horizon_joint,transition,after_return,yaw_rmse_deg,8,8,[],6,2,0,-0.014689955486788874,0.014842598902545787,-21.104005020299816
stationary_horizon_joint,px4,gps,flight,horizontal_position_rmse_m,8,8,[],8,0,0,-0.13140039814372836,-0.07663743411313662,-73.77325222041742
stationary_horizon_joint,px4,gps,flight,vertical_position_rmse_m,8,8,[],5,3,0,-0.019123291102905757,0.003513482585977775,-39.20501045292266
stationary_horizon_joint,px4,gps,flight,velocity_3d_rmse_m_s,8,8,[],8,0,0,-0.11759288117955502,-0.04626375139807637,-85.56019108896686
stationary_horizon_joint,px4,gps,flight,attitude_rmse_deg,8,8,[],8,0,0,-2.615059055526642,-1.4742630600291182,-95.61362480476888
stationary_horizon_joint,px4,gps,flight,yaw_rmse_deg,8,8,[],8,0,0,-2.6142636319621406,-1.4708589817397233,-96.05571859167162
stationary_horizon_joint,px4,gps,outage_window,horizontal_position_rmse_m,8,8,[],8,0,0,-0.1176945104001153,-0.03314547312835851,-67.16891952156152
stationary_horizon_joint,px4,gps,outage_window,vertical_position_rmse_m,8,8,[],5,3,0,-0.015447134947929257,0.008360815316648933,-40.326099753505495
stationary_horizon_joint,px4,gps,outage_window,velocity_3d_rmse_m_s,8,8,[],8,0,0,-0.11327059445323662,-0.04319622504144227,-83.84249679960946
stationary_horizon_joint,px4,gps,outage_window,attitude_rmse_deg,8,8,[],8,0,0,-2.6748854016454047,-1.6117940150618413,-96.95253776502193
stationary_horizon_joint,px4,gps,outage_window,yaw_rmse_deg,8,8,[],8,0,0,-2.672202991055571,-1.6057471806663588,-97.12203466248889
stationary_horizon_joint,px4,gps,after_return,horizontal_position_rmse_m,8,8,[],8,0,0,-0.13523407216613703,-0.09122400223728132,-77.63368942860862
stationary_horizon_joint,px4,gps,after_return,vertical_position_rmse_m,8,8,[],4,4,0,-0.0032102624554661494,0.008865390453498892,-7.896148149671793
stationary_horizon_joint,px4,gps,after_return,velocity_3d_rmse_m_s,8,8,[],8,0,0,-0.1039884831187784,-0.04321369982471307,-82.36392599885204
stationary_horizon_joint,px4,gps,after_return,attitude_rmse_deg,8,8,[],8,0,0,-2.5735435501108643,-1.6650784299039911,-97.86855287093069
stationary_horizon_joint,px4,gps,after_return,yaw_rmse_deg,8,8,[],8,0,0,-2.5799279479387986,-1.6726811428910375,-98.13632649001539
stationary_horizon_joint,px4,denied,flight,horizontal_position_rmse_m,8,8,[],8,0,0,-0.07888264935117703,-0.0357104961211035,-18.756493841421396
stationary_horizon_joint,px4,denied,flight,vertical_position_rmse_m,8,8,[],3,5,0,0.0019404964496183424,0.004681705156190433,6.316533130697599
stationary_horizon_joint,px4,denied,flight,velocity_3d_rmse_m_s,8,8,[],8,0,0,-0.015554935261330255,-0.007962301781304498,-28.689041931801988
stationary_horizon_joint,px4,denied,flight,attitude_rmse_deg,8,8,[],8,0,0,-0.7298235315228407,-0.30242603126967327,-70.16942757078478
stationary_horizon_joint,px4,denied,flight,yaw_rmse_deg,8,8,[],8,0,0,-0.7346593953961505,-0.302021036962068,-71.8229386664843
stationary_horizon_joint,px4,denied,outage_window,horizontal_position_rmse_m,8,8,[],8,0,0,-0.0657622622102346,-0.007586647867810714,-22.636878563911154
stationary_horizon_joint,px4,denied,outage_window,vertical_position_rmse_m,8,8,[],5,3,0,-0.0035739083237788516,0.013181072507425676,-13.079245687453948
stationary_horizon_joint,px4,denied,outage_window,velocity_3d_rmse_m_s,8,8,[],8,0,0,-0.01685213403572359,-0.006235340015737709,-31.723936444231303
stationary_horizon_joint,px4,denied,outage_window,attitude_rmse_deg,8,8,[],8,0,0,-0.9273035142918916,-0.4550526471932765,-80.34368950754589
stationary_horizon_joint,px4,denied,outage_window,yaw_rmse_deg,8,8,[],8,0,0,-0.9353581370814097,-0.4557457856939599,-81.38254648541351
stationary_horizon_joint,px4,denied,after_return,horizontal_position_rmse_m,8,8,[],7,1,0,-0.08217037023714624,0.09245116609043566,-17.498747366795236
stationary_horizon_joint,px4,denied,after_return,vertical_position_rmse_m,8,8,[],5,3,0,-0.0021653090424876426,0.0044602174746295326,-7.313194456266498
stationary_horizon_joint,px4,denied,after_return,velocity_3d_rmse_m_s,8,8,[],8,0,0,-0.011534462684830063,-0.002677407780282595,-19.70054314757967
stationary_horizon_joint,px4,denied,after_return,attitude_rmse_deg,8,8,[],4,4,0,-0.23482562419518804,0.08844637391252794,-28.590558948889264
stationary_horizon_joint,px4,denied,after_return,yaw_rmse_deg,8,8,[],4,4,0,-0.2360514172727105,0.09198337672968046,-24.529758632218808
stationary_horizon_joint,px4,transition,flight,horizontal_position_rmse_m,8,8,[],8,0,0,-0.14924575521228878,-0.008601979224290734,-51.10298151490007
stationary_horizon_joint,px4,transition,flight,vertical_position_rmse_m,8,8,[],6,2,0,-0.018620642660536264,0.006531810943083971,-37.260426369380724
stationary_horizon_joint,px4,transition,flight,velocity_3d_rmse_m_s,8,8,[],8,0,0,-0.11336819485967717,-0.043737852673834975,-78.43881085917921
stationary_horizon_joint,px4,transition,flight,attitude_rmse_deg,8,8,[],8,0,0,-2.6741563691237773,-1.0052548206187377,-94.92789581357613
stationary_horizon_joint,px4,transition,flight,yaw_rmse_deg,8,8,[],8,0,0,-2.674527836826166,-0.9997571037518924,-95.46985023845221
stationary_horizon_joint,px4,transition,outage_window,horizontal_position_rmse_m,8,8,[],7,1,0,-0.16740728040355823,0.05983009657298269,-39.03913611663088
stationary_horizon_joint,px4,transition,outage_window,vertical_position_rmse_m,8,8,[],6,2,0,-0.014782260331042841,0.016985116143501976,-38.78689854672777
stationary_horizon_joint,px4,transition,outage_window,velocity_3d_rmse_m_s,8,8,[],8,0,0,-0.09985360642178674,-0.03449259711706852,-67.69768185055426
stationary_horizon_joint,px4,transition,outage_window,attitude_rmse_deg,8,8,[],8,0,0,-2.7879631867832955,-0.8774663825467068,-97.77056464516403
stationary_horizon_joint,px4,transition,outage_window,yaw_rmse_deg,8,8,[],8,0,0,-2.7983740463366917,-0.8753749771087136,-98.21937879113659
stationary_horizon_joint,px4,transition,after_return,horizontal_position_rmse_m,8,8,[],8,0,0,-0.13256709085454532,-0.06581663373570318,-67.03857545547942
stationary_horizon_joint,px4,transition,after_return,vertical_position_rmse_m,8,8,[],4,4,0,-0.0030956765689368164,0.007660150520892719,-7.313341098035103
stationary_horizon_joint,px4,transition,after_return,velocity_3d_rmse_m_s,8,8,[],8,0,0,-0.1046950076042173,-0.04610138168010246,-81.55661079655596
stationary_horizon_joint,px4,transition,after_return,attitude_rmse_deg,8,8,[],8,0,0,-2.6656639427922806,-1.2755744682732924,-97.40839210405377
stationary_horizon_joint,px4,transition,after_return,yaw_rmse_deg,8,8,[],8,0,0,-2.675820625488072,-1.273838425023249,-97.88614052838896
stationary_horizon_joint,ekf3,gps,flight,horizontal_position_rmse_m,8,8,[],8,0,0,-0.0071948714020162036,-0.003600829724727507,-16.079915362621925
stationary_horizon_joint,ekf3,gps,flight,vertical_position_rmse_m,8,8,[],8,0,0,-0.028173772785396026,-0.02634663833245836,-49.00585078568142
stationary_horizon_joint,ekf3,gps,flight,velocity_3d_rmse_m_s,8,8,[],8,0,0,-0.03243651460464375,-0.029852060128403805,-67.25160281888833
stationary_horizon_joint,ekf3,gps,flight,attitude_rmse_deg,8,8,[],8,0,0,-0.11478912539867737,-0.0446139173491292,-47.262204006124605
stationary_horizon_joint,ekf3,gps,flight,yaw_rmse_deg,8,8,[],7,1,0,-0.06982785575182747,0.018327534167483783,-35.13005228309651
stationary_horizon_joint,ekf3,gps,outage_window,horizontal_position_rmse_m,8,8,[],8,0,0,-0.00863101240573538,-0.0020550599045414397,-14.796526307648078
stationary_horizon_joint,ekf3,gps,outage_window,vertical_position_rmse_m,8,8,[],8,0,0,-0.032525455826550455,-0.02992475063412077,-60.34158390350364
stationary_horizon_joint,ekf3,gps,outage_window,velocity_3d_rmse_m_s,8,8,[],8,0,0,-0.04027382902247897,-0.03583676742029253,-71.27610321705131
stationary_horizon_joint,ekf3,gps,outage_window,attitude_rmse_deg,8,8,[],8,0,0,-0.10003600910200841,-0.0471646326002072,-61.56441954512134
stationary_horizon_joint,ekf3,gps,outage_window,yaw_rmse_deg,8,8,[],6,2,0,-0.04645546916186847,0.04494784867855868,-47.97935289800215
stationary_horizon_joint,ekf3,gps,after_return,horizontal_position_rmse_m,8,8,[],8,0,0,-0.007121582901194499,-0.0030720524291243875,-14.06380002364892
stationary_horizon_joint,ekf3,gps,after_return,vertical_position_rmse_m,8,8,[],8,0,0,-0.03365253696084119,-0.028984363756520755,-50.11238748790261
stationary_horizon_joint,ekf3,gps,after_return,velocity_3d_rmse_m_s,8,8,[],8,0,0,-0.02808945305783633,-0.025525944168222948,-64.07687166313855
stationary_horizon_joint,ekf3,gps,after_return,attitude_rmse_deg,8,8,[],8,0,0,-0.116077719554637,-0.07976578390687286,-67.61944231970914
stationary_horizon_joint,ekf3,gps,after_return,yaw_rmse_deg,8,8,[],6,2,0,-0.04707132152127362,0.005816419243802655,-49.209193092845055
stationary_horizon_joint,ekf3,denied,flight,horizontal_position_rmse_m,8,8,[],8,0,0,-0.12190263098498633,-0.009250582296433663,-24.234836004791145
stationary_horizon_joint,ekf3,denied,flight,vertical_position_rmse_m,8,8,[],8,0,0,-0.039276327159256455,-0.0350365000308633,-54.00053512840954
stationary_horizon_joint,ekf3,denied,flight,velocity_3d_rmse_m_s,8,8,[],8,0,0,-0.08655991495263513,-0.062373754386527064,-66.65486414883202
stationary_horizon_joint,ekf3,denied,flight,attitude_rmse_deg,8,8,[],3,5,0,0.03241357750070606,0.16242989998574858,11.64354017277195
stationary_horizon_joint,ekf3,denied,flight,yaw_rmse_deg,8,8,[],2,6,0,0.05500293621382822,0.21713982147058047,30.94447221662201
stationary_horizon_joint,ekf3,denied,outage_window,horizontal_position_rmse_m,8,8,[],8,0,0,-0.10854805229498884,-0.01936456768075792,-26.046814207869147
stationary_horizon_joint,ekf3,denied,outage_window,vertical_position_rmse_m,8,8,[],8,0,0,-0.04471812694374887,-0.038606668296477104,-63.38224546279976
stationary_horizon_joint,ekf3,denied,outage_window,velocity_3d_rmse_m_s,8,8,[],8,0,0,-0.07340256785588517,-0.043285751990922355,-64.76890089155935
stationary_horizon_joint,ekf3,denied,outage_window,attitude_rmse_deg,8,8,[],5,3,0,-0.0506300671319316,0.17010792784490855,-25.433833016075816
stationary_horizon_joint,ekf3,denied,outage_window,yaw_rmse_deg,8,8,[],3,5,0,0.038552691783490606,0.2429153065389379,101.14904682041391
stationary_horizon_joint,ekf3,denied,after_return,horizontal_position_rmse_m,8,8,[],6,2,0,-0.12719963321511393,0.014420067380253587,-24.408229602812888
stationary_horizon_joint,ekf3,denied,after_return,vertical_position_rmse_m,8,8,[],8,0,0,-0.04858948644112998,-0.04083066776283684,-60.298268743544945
stationary_horizon_joint,ekf3,denied,after_return,velocity_3d_rmse_m_s,8,8,[],8,0,0,-0.07154361513903484,-0.05951191960922621,-62.56081588406086
stationary_horizon_joint,ekf3,denied,after_return,attitude_rmse_deg,8,8,[],4,4,0,-0.006121288261992895,0.06828540998803054,-6.90901961847403
stationary_horizon_joint,ekf3,denied,after_return,yaw_rmse_deg,8,8,[],4,4,0,0.021824786301277252,0.20356003807245024,8.757917944896311
stationary_horizon_joint,ekf3,transition,flight,horizontal_position_rmse_m,8,8,[],8,0,0,-0.04042528494968898,-0.018724546506108386,-28.980306684475565
stationary_horizon_joint,ekf3,transition,flight,vertical_position_rmse_m,8,8,[],8,0,0,-0.030319350869166588,-0.024327985963796456,-49.32753566866194
stationary_horizon_joint,ekf3,transition,flight,velocity_3d_rmse_m_s,8,8,[],8,0,0,-0.050372450164536134,-0.04564575406927485,-69.03038866637809
stationary_horizon_joint,ekf3,transition,flight,attitude_rmse_deg,8,8,[],8,0,0,-0.1334345388232382,-0.03072487823905959,-49.7850475372062
stationary_horizon_joint,ekf3,transition,flight,yaw_rmse_deg,8,8,[],5,3,0,-0.09290977716284368,0.02948454029310997,-32.40239344228377
stationary_horizon_joint,ekf3,transition,outage_window,horizontal_position_rmse_m,8,8,[],8,0,0,-0.0426623337808219,-0.02682783048005616,-25.133164859875265
stationary_horizon_joint,ekf3,transition,outage_window,vertical_position_rmse_m,8,8,[],8,0,0,-0.04545260129366398,-0.026871323220234368,-64.14304735595351
stationary_horizon_joint,ekf3,transition,outage_window,velocity_3d_rmse_m_s,8,8,[],8,0,0,-0.07739927545598796,-0.06472347089958068,-70.55941798674604
stationary_horizon_joint,ekf3,transition,outage_window,attitude_rmse_deg,8,8,[],8,0,0,-0.1234483573165436,-0.026084548876169705,-63.72692332911156
stationary_horizon_joint,ekf3,transition,outage_window,yaw_rmse_deg,8,8,[],5,3,0,-0.061156736141598514,0.06924715543656687,-38.57217159242806
stationary_horizon_joint,ekf3,transition,after_return,horizontal_position_rmse_m,8,8,[],8,0,0,-0.05918940496619657,-0.01631123932918966,-49.19217726365403
stationary_horizon_joint,ekf3,transition,after_return,vertical_position_rmse_m,8,8,[],8,0,0,-0.029238755898547145,-0.027704404394567443,-44.41634712866544
stationary_horizon_joint,ekf3,transition,after_return,velocity_3d_rmse_m_s,8,8,[],8,0,0,-0.03798707126986281,-0.02962282197538688,-66.12004756148782
stationary_horizon_joint,ekf3,transition,after_return,attitude_rmse_deg,8,8,[],8,0,0,-0.13354741862538494,-0.06443358174442211,-61.4283943663025
stationary_horizon_joint,ekf3,transition,after_return,yaw_rmse_deg,8,8,[],6,2,0,-0.07954862035756914,0.040044250638206366,-46.849902297010345
stationary_retrodiction_joint,retrodiction_joint,gps,flight,horizontal_position_rmse_m,8,8,[],4,4,0,-0.000360791002039864,0.0003110305807323757,-0.66221825698356
stationary_retrodiction_joint,retrodiction_joint,gps,flight,vertical_position_rmse_m,8,8,[],4,4,0,6.422883005438758e-05,0.0007253097545577708,0.34728480554468977
stationary_retrodiction_joint,retrodiction_joint,gps,flight,velocity_3d_rmse_m_s,8,8,[],8,0,0,-0.0010068174683260274,-0.0006065020399053135,-5.734843555978136
stationary_retrodiction_joint,retrodiction_joint,gps,flight,attitude_rmse_deg,8,8,[],7,1,0,-0.014405943935284722,0.015805656046522343,-11.562963871124548
stationary_retrodiction_joint,retrodiction_joint,gps,flight,yaw_rmse_deg,8,8,[],7,1,0,-0.01507412623395623,0.013944793701622007,-13.535169505309252
stationary_retrodiction_joint,retrodiction_joint,gps,outage_window,horizontal_position_rmse_m,8,8,[],4,4,0,-0.00045527525161089336,0.0006113306450724124,-0.4271133392829196
stationary_retrodiction_joint,retrodiction_joint,gps,outage_window,vertical_position_rmse_m,8,8,[],8,0,0,-0.0024923490444474714,-0.00014458667621176577,-10.026770844970018
stationary_retrodiction_joint,retrodiction_joint,gps,outage_window,velocity_3d_rmse_m_s,8,8,[],8,0,0,-0.0008965727236438965,-0.00022462942508437445,-4.801748444471676
stationary_retrodiction_joint,retrodiction_joint,gps,outage_window,attitude_rmse_deg,8,8,[],4,4,0,-0.007187260670147997,0.013095196182246825,-5.979971069596552
stationary_retrodiction_joint,retrodiction_joint,gps,outage_window,yaw_rmse_deg,8,8,[],4,4,0,-0.006869747838908275,0.019097523187551757,-1.432596644294044
stationary_retrodiction_joint,retrodiction_joint,gps,after_return,horizontal_position_rmse_m,8,8,[],8,0,0,-0.0004823711581320826,-0.00040518908531927966,-1.1924526921118395
stationary_retrodiction_joint,retrodiction_joint,gps,after_return,vertical_position_rmse_m,8,8,[],8,0,0,-0.000646397162156814,-0.0005115107151523052,-2.088908248878668
stationary_retrodiction_joint,retrodiction_joint,gps,after_return,velocity_3d_rmse_m_s,8,8,[],8,0,0,-0.00041853138309948766,-6.404428560253736e-05,-2.2694924822444174
stationary_retrodiction_joint,retrodiction_joint,gps,after_return,attitude_rmse_deg,8,8,[],4,4,0,-0.0011061177307874932,0.0038525611217773217,-2.7264181686156355
stationary_retrodiction_joint,retrodiction_joint,gps,after_return,yaw_rmse_deg,8,8,[],4,4,0,-0.0016378635032501358,0.005291817532905321,-3.9269434642458743
stationary_retrodiction_joint,retrodiction_joint,denied,flight,horizontal_position_rmse_m,8,8,[],8,0,0,-0.05133801701136603,-0.0184941187109407,-14.568288453809025
stationary_retrodiction_joint,retrodiction_joint,denied,flight,vertical_position_rmse_m,8,8,[],0,8,0,0.0016391261529540256,0.004074411495315143,4.460419912127412
stationary_retrodiction_joint,retrodiction_joint,denied,flight,velocity_3d_rmse_m_s,8,8,[],8,0,0,-0.0018929341847892522,-0.00011837845228867411,-3.789962204476777
stationary_retrodiction_joint,retrodiction_joint,denied,flight,attitude_rmse_deg,8,8,[],4,4,0,-0.07735887655942608,0.018987257578905237,-24.42061427790961
stationary_retrodiction_joint,retrodiction_joint,denied,flight,yaw_rmse_deg,8,8,[],6,2,0,-0.08206711215909676,0.011892696680503523,-26.67655942519923
stationary_retrodiction_joint,retrodiction_joint,denied,outage_window,horizontal_position_rmse_m,8,8,[],8,0,0,-0.03385999219412874,-0.026062209219400695,-15.750650217672213
stationary_retrodiction_joint,retrodiction_joint,denied,outage_window,vertical_position_rmse_m,8,8,[],0,8,0,0.0019398713526333038,0.0027677779564571243,7.138589410438522
stationary_retrodiction_joint,retrodiction_joint,denied,outage_window,velocity_3d_rmse_m_s,8,8,[],8,0,0,-0.003310966401942096,-0.00017275503226737987,-6.41348068605625
stationary_retrodiction_joint,retrodiction_joint,denied,outage_window,attitude_rmse_deg,8,8,[],8,0,0,-0.14241840524015661,-0.07671962194304882,-44.05308966744148
stationary_retrodiction_joint,retrodiction_joint,denied,outage_window,yaw_rmse_deg,8,8,[],8,0,0,-0.14701599299284168,-0.07709952746645982,-46.302557349507026
stationary_retrodiction_joint,retrodiction_joint,denied,after_return,horizontal_position_rmse_m,8,8,[],8,0,0,-0.06121234976879167,-0.010804312117385917,-14.524377367751978
stationary_retrodiction_joint,retrodiction_joint,denied,after_return,vertical_position_rmse_m,8,8,[],0,8,0,0.001890957090091537,0.0038979272398782377,5.224802156427155
stationary_retrodiction_joint,retrodiction_joint,denied,after_return,velocity_3d_rmse_m_s,8,8,[],6,2,0,-0.00046634000532977393,6.432472194598665e-05,-1.064567772877345
stationary_retrodiction_joint,retrodiction_joint,denied,after_return,attitude_rmse_deg,8,8,[],8,0,0,-0.07792968491905287,-0.009049093912172818,-27.595107321192515
stationary_retrodiction_joint,retrodiction_joint,denied,after_return,yaw_rmse_deg,8,8,[],8,0,0,-0.08089953635783612,-0.00985376721213621,-28.921498528721962
stationary_retrodiction_joint,retrodiction_joint,transition,flight,horizontal_position_rmse_m,8,8,[],4,4,0,0.00020182155572491534,0.0063111365792264396,0.030994796556466087
stationary_retrodiction_joint,retrodiction_joint,transition,flight,vertical_position_rmse_m,8,8,[],4,4,0,-0.0004252405904271346,0.0018673502098740108,-0.8191901542231594
stationary_retrodiction_joint,retrodiction_joint,transition,flight,velocity_3d_rmse_m_s,8,8,[],7,1,0,-0.0013377152103324803,0.00014382382774040525,-5.588367343644141
stationary_retrodiction_joint,retrodiction_joint,transition,flight,attitude_rmse_deg,8,8,[],6,2,0,-0.016606702783129354,0.02089268544897621,-13.452869236780096
stationary_retrodiction_joint,retrodiction_joint,transition,flight,yaw_rmse_deg,8,8,[],6,2,0,-0.017838056770744744,0.02008212807882717,-16.33101594046018
stationary_retrodiction_joint,retrodiction_joint,transition,outage_window,horizontal_position_rmse_m,8,8,[],4,4,0,0.00029419149350230073,0.012074729541912022,-0.1748524848277977
stationary_retrodiction_joint,retrodiction_joint,transition,outage_window,vertical_position_rmse_m,8,8,[],4,4,0,-0.002325344773465984,0.003663259992529127,-10.923731611873656
stationary_retrodiction_joint,retrodiction_joint,transition,outage_window,velocity_3d_rmse_m_s,8,8,[],6,2,0,-0.0019042956804936288,0.0026673839484609857,-6.236317825481358
stationary_retrodiction_joint,retrodiction_joint,transition,outage_window,attitude_rmse_deg,8,8,[],6,2,0,-0.007254417701429931,0.017983997532273394,-14.043973628226741
stationary_retrodiction_joint,retrodiction_joint,transition,outage_window,yaw_rmse_deg,8,8,[],6,2,0,-0.011080478796068343,0.02345398990220965,-27.31522409142088
stationary_retrodiction_joint,retrodiction_joint,transition,after_return,horizontal_position_rmse_m,8,8,[],6,2,0,-0.00038955905828951323,0.00030073719616052763,-0.7010120937779418
stationary_retrodiction_joint,retrodiction_joint,transition,after_return,vertical_position_rmse_m,8,8,[],8,0,0,-0.0018815186174924534,-0.00046403718279787107,-4.7281150930245825
stationary_retrodiction_joint,retrodiction_joint,transition,after_return,velocity_3d_rmse_m_s,8,8,[],8,0,0,-0.0009534998523249242,-1.06350087612124e-05,-4.614697310997078
stationary_retrodiction_joint,retrodiction_joint,transition,after_return,attitude_rmse_deg,8,8,[],6,2,0,-0.012125794173927243,0.01941408538256935,-18.56213998043826
stationary_retrodiction_joint,retrodiction_joint,transition,after_return,yaw_rmse_deg,8,8,[],6,2,0,-0.014648404487612105,0.020683337100814533,-21.022539252164542
stationary_retrodiction_joint,px4,gps,flight,horizontal_position_rmse_m,8,8,[],8,0,0,-0.13013300859714583,-0.07706355443255317,-73.11071677130192
stationary_retrodiction_joint,px4,gps,flight,vertical_position_rmse_m,8,8,[],7,1,0,-0.02183097445238501,0.00220757356859648,-44.624209645168605
stationary_retrodiction_joint,px4,gps,flight,velocity_3d_rmse_m_s,8,8,[],8,0,0,-0.11701442069747992,-0.045926213739046706,-85.25799956843912
stationary_retrodiction_joint,px4,gps,flight,attitude_rmse_deg,8,8,[],8,0,0,-2.5868054109706664,-1.4645954990310335,-95.45557573221754
stationary_retrodiction_joint,px4,gps,flight,yaw_rmse_deg,8,8,[],8,0,0,-2.5908828690707257,-1.4654504596085345,-96.01074008974375
stationary_retrodiction_joint,px4,gps,outage_window,horizontal_position_rmse_m,8,8,[],8,0,0,-0.1177621351766415,-0.03375924781892113,-66.90400615533451
stationary_retrodiction_joint,px4,gps,outage_window,vertical_position_rmse_m,8,8,[],6,2,0,-0.01589409653492587,0.006026844989688786,-40.554463238447944
stationary_retrodiction_joint,px4,gps,outage_window,velocity_3d_rmse_m_s,8,8,[],8,0,0,-0.11191775556018722,-0.04165641308267924,-82.44588943051878
stationary_retrodiction_joint,px4,gps,outage_window,attitude_rmse_deg,8,8,[],8,0,0,-2.678796894697407,-1.6207479090673433,-97.14445517934033
stationary_retrodiction_joint,px4,gps,outage_window,yaw_rmse_deg,8,8,[],8,0,0,-2.6788899555828487,-1.618479507366243,-97.44347193355016
stationary_retrodiction_joint,px4,gps,after_return,horizontal_position_rmse_m,8,8,[],8,0,0,-0.13373233441216176,-0.08990299519247824,-76.80540950697369
stationary_retrodiction_joint,px4,gps,after_return,vertical_position_rmse_m,8,8,[],5,3,0,-0.008468860370954623,0.007010743412053787,-22.338561465053573
stationary_retrodiction_joint,px4,gps,after_return,velocity_3d_rmse_m_s,8,8,[],8,0,0,-0.1037621476239113,-0.04277483738901843,-82.3368639504123
stationary_retrodiction_joint,px4,gps,after_return,attitude_rmse_deg,8,8,[],8,0,0,-2.5767529700509417,-1.664326350335109,-98.02776048792224
stationary_retrodiction_joint,px4,gps,after_return,yaw_rmse_deg,8,8,[],8,0,0,-2.583520731611025,-1.67148468711283,-98.32851889172349
stationary_retrodiction_joint,px4,denied,flight,horizontal_position_rmse_m,8,8,[],8,0,0,-0.0781420380226241,-0.0168141924325646,-16.880156872078583
stationary_retrodiction_joint,px4,denied,flight,vertical_position_rmse_m,8,8,[],3,5,0,0.0043332747330226615,0.010472436244247898,13.953201498178437
stationary_retrodiction_joint,px4,denied,flight,velocity_3d_rmse_m_s,8,8,[],8,0,0,-0.016438404270790154,-0.008731661866137205,-30.310758541552637
stationary_retrodiction_joint,px4,denied,flight,attitude_rmse_deg,8,8,[],8,0,0,-0.7357967177242299,-0.2619451952840751,-69.96320523067685
stationary_retrodiction_joint,px4,denied,flight,yaw_rmse_deg,8,8,[],8,0,0,-0.7398813102172558,-0.2673339272589444,-71.65140297692497
stationary_retrodiction_joint,px4,denied,outage_window,horizontal_position_rmse_m,8,8,[],8,0,0,-0.09421020587568711,-0.01261688515156989,-31.55579018243143
stationary_retrodiction_joint,px4,denied,outage_window,vertical_position_rmse_m,8,8,[],3,5,0,0.0007633349156340972,0.013314933010481277,2.851138331766012
stationary_retrodiction_joint,px4,denied,outage_window,velocity_3d_rmse_m_s,8,8,[],8,0,0,-0.019279022537328574,-0.009253724603414004,-31.801236471606696
stationary_retrodiction_joint,px4,denied,outage_window,attitude_rmse_deg,8,8,[],8,0,0,-0.9279200744747929,-0.46181881224816795,-80.46663329174395
stationary_retrodiction_joint,px4,denied,outage_window,yaw_rmse_deg,8,8,[],8,0,0,-0.9318954738107724,-0.4620278796400519,-81.18161879661471
stationary_retrodiction_joint,px4,denied,after_return,horizontal_position_rmse_m,8,8,[],6,2,0,-0.07570399500719219,0.12193718078342566,-14.913135322518894
stationary_retrodiction_joint,px4,denied,after_return,vertical_position_rmse_m,8,8,[],3,5,0,0.005424993063534989,0.009424517014917994,14.588685519611621
stationary_retrodiction_joint,px4,denied,after_return,velocity_3d_rmse_m_s,8,8,[],8,0,0,-0.011809708752251381,-0.0032905338546631233,-20.79074238588869
stationary_retrodiction_joint,px4,denied,after_return,attitude_rmse_deg,8,8,[],4,4,0,-0.24031181490960357,0.08384610636714357,-32.81619515506705
stationary_retrodiction_joint,px4,denied,after_return,yaw_rmse_deg,8,8,[],4,4,0,-0.24012235159791634,0.08732659830375261,-28.988731357450277
stationary_retrodiction_joint,px4,transition,flight,horizontal_position_rmse_m,8,8,[],8,0,0,-0.15140439248261434,-0.024278342898170463,-52.70530509654018
stationary_retrodiction_joint,px4,transition,flight,vertical_position_rmse_m,8,8,[],7,1,0,-0.020819034226880008,0.00107945923903148,-41.008101857313505
stationary_retrodiction_joint,px4,transition,flight,velocity_3d_rmse_m_s,8,8,[],8,0,0,-0.11380576022783309,-0.04505848282259975,-79.39277641399755
stationary_retrodiction_joint,px4,transition,flight,attitude_rmse_deg,8,8,[],8,0,0,-2.691962631928807,-1.0132286088589584,-96.23605248651864
stationary_retrodiction_joint,px4,transition,flight,yaw_rmse_deg,8,8,[],8,0,0,-2.6937106679016534,-1.0116843803030158,-96.84560419628016
stationary_retrodiction_joint,px4,transition,outage_window,horizontal_position_rmse_m,8,8,[],7,1,0,-0.19410435839442738,0.03188283793191499,-43.8282489296533
stationary_retrodiction_joint,px4,transition,outage_window,vertical_position_rmse_m,8,8,[],6,2,0,-0.018932425003390676,0.012887993149754438,-41.427286703078565
stationary_retrodiction_joint,px4,transition,outage_window,velocity_3d_rmse_m_s,8,8,[],8,0,0,-0.10128807496224984,-0.03678435762325257,-69.4315709405374
stationary_retrodiction_joint,px4,transition,outage_window,attitude_rmse_deg,8,8,[],8,0,0,-2.79511990034751,-0.912338014591595,-98.07505703172328
stationary_retrodiction_joint,px4,transition,outage_window,yaw_rmse_deg,8,8,[],8,0,0,-2.808839571138691,-0.9111265273505661,-98.66558736727762
stationary_retrodiction_joint,px4,transition,after_return,horizontal_position_rmse_m,8,8,[],8,0,0,-0.13078537832167317,-0.06451051451548574,-67.22105330486417
stationary_retrodiction_joint,px4,transition,after_return,vertical_position_rmse_m,8,8,[],6,2,0,-0.010084080737139758,0.010093255150500923,-25.716410577553795
stationary_retrodiction_joint,px4,transition,after_return,velocity_3d_rmse_m_s,8,8,[],8,0,0,-0.10435843647385895,-0.04629393381484589,-81.58844682678986
stationary_retrodiction_joint,px4,transition,after_return,attitude_rmse_deg,8,8,[],8,0,0,-2.668626369444456,-1.2976972015326231,-97.52535340331306
stationary_retrodiction_joint,px4,transition,after_return,yaw_rmse_deg,8,8,[],8,0,0,-2.67674777392868,-1.2967687414460767,-97.92580477607595
stationary_retrodiction_joint,ekf3,gps,flight,horizontal_position_rmse_m,8,8,[],8,0,0,-0.007069491376011646,-0.0024473152878672633,-13.940752239377773
stationary_retrodiction_joint,ekf3,gps,flight,vertical_position_rmse_m,8,8,[],8,0,0,-0.030857118191931907,-0.02761525285875269,-54.668686575892
stationary_retrodiction_joint,ekf3,gps,flight,velocity_3d_rmse_m_s,8,8,[],8,0,0,-0.031685895809844475,-0.028121479766391195,-65.8350850552326
stationary_retrodiction_joint,ekf3,gps,flight,attitude_rmse_deg,8,8,[],8,0,0,-0.14541562662904042,-0.008094613084514563,-57.290132548214004
stationary_retrodiction_joint,ekf3,gps,flight,yaw_rmse_deg,8,8,[],6,2,0,-0.0952141643120743,0.025216180287648132,-45.154559178214036
stationary_retrodiction_joint,ekf3,gps,outage_window,horizontal_position_rmse_m,8,8,[],8,0,0,-0.008695173751751668,-0.002668834595104058,-13.389448845994895
stationary_retrodiction_joint,ekf3,gps,outage_window,vertical_position_rmse_m,8,8,[],8,0,0,-0.03255578716332176,-0.03241347494652714,-60.974838497471715
stationary_retrodiction_joint,ekf3,gps,outage_window,velocity_3d_rmse_m_s,8,8,[],8,0,0,-0.038744385568838295,-0.034449128328905426,-68.7713327271858
stationary_retrodiction_joint,ekf3,gps,outage_window,attitude_rmse_deg,8,8,[],8,0,0,-0.09655653734646923,-0.04132755146875558,-61.86962618122521
stationary_retrodiction_joint,ekf3,gps,outage_window,yaw_rmse_deg,8,8,[],7,1,0,-0.044679178547518475,0.049746072470609415,-45.62076055700979
stationary_retrodiction_joint,ekf3,gps,after_return,horizontal_position_rmse_m,8,8,[],7,1,0,-0.00555759821537246,0.00016663813655503484,-10.975851007541026
stationary_retrodiction_joint,ekf3,gps,after_return,vertical_position_rmse_m,8,8,[],8,0,0,-0.036971649317483576,-0.030719666807640364,-55.106878820976085
stationary_retrodiction_joint,ekf3,gps,after_return,velocity_3d_rmse_m_s,8,8,[],8,0,0,-0.027451301368505803,-0.025023263579130296,-62.624818057397576
stationary_retrodiction_joint,ekf3,gps,after_return,attitude_rmse_deg,8,8,[],8,0,0,-0.11848415139722399,-0.08111806790356932,-69.76242422427079
stationary_retrodiction_joint,ekf3,gps,after_return,yaw_rmse_deg,8,8,[],7,1,0,-0.047552039796500765,0.002839065945492464,-49.72982245221742
stationary_retrodiction_joint,ekf3,denied,flight,horizontal_position_rmse_m,8,8,[],6,2,0,-0.11527427694828898,0.009645721392105233,-26.894961728417567
stationary_retrodiction_joint,ekf3,denied,flight,vertical_position_rmse_m,8,8,[],8,0,0,-0.03514713988371504,-0.02887836174785819,-48.25856633731317
stationary_retrodiction_joint,ekf3,denied,flight,velocity_3d_rmse_m_s,8,8,[],8,0,0,-0.08770757254133393,-0.06317194398575984,-67.17541139124407
stationary_retrodiction_joint,ekf3,denied,flight,attitude_rmse_deg,8,8,[],4,4,0,0.010412516390126955,0.1975980847950639,-2.360452000787623
stationary_retrodiction_joint,ekf3,denied,flight,yaw_rmse_deg,8,8,[],4,4,0,0.03413513290329452,0.24734640713913686,10.198543038179807
stationary_retrodiction_joint,ekf3,denied,outage_window,horizontal_position_rmse_m,8,8,[],8,0,0,-0.13012265193812053,-0.02916749826978919,-30.74264852463969
stationary_retrodiction_joint,ekf3,denied,outage_window,vertical_position_rmse_m,8,8,[],8,0,0,-0.041244976561731504,-0.03799118549463851,-59.76986606888428
stationary_retrodiction_joint,ekf3,denied,outage_window,velocity_3d_rmse_m_s,8,8,[],8,0,0,-0.07610614241528624,-0.045952741864591896,-66.9730474781339
stationary_retrodiction_joint,ekf3,denied,outage_window,attitude_rmse_deg,8,8,[],5,3,0,-0.06229343113224906,0.16095497663010075,-28.12991495384346
stationary_retrodiction_joint,ekf3,denied,outage_window,yaw_rmse_deg,8,8,[],3,5,0,0.0489073182841886,0.23586406694569018,122.44844382340503
stationary_retrodiction_joint,ekf3,denied,after_return,horizontal_position_rmse_m,8,8,[],5,3,0,-0.1106541819966411,0.04390608207324359,-22.307772297263575
stationary_retrodiction_joint,ekf3,denied,after_return,vertical_position_rmse_m,8,8,[],8,0,0,-0.03981946092690977,-0.03644521756432997,-50.16783619062143
stationary_retrodiction_joint,ekf3,denied,after_return,velocity_3d_rmse_m_s,8,8,[],8,0,0,-0.07199151342376273,-0.06038318779395544,-63.00817486646307
stationary_retrodiction_joint,ekf3,denied,after_return,attitude_rmse_deg,8,8,[],4,4,0,-0.01160747897640843,0.06403520387944231,-9.116714203680694
stationary_retrodiction_joint,ekf3,denied,after_return,yaw_rmse_deg,8,8,[],4,4,0,0.017753851976071426,0.1989032596465224,7.689125651698907
stationary_retrodiction_joint,ekf3,transition,flight,horizontal_position_rmse_m,8,8,[],8,0,0,-0.04184493647133725,-0.01889265815602706,-31.339782817270667
stationary_retrodiction_joint,ekf3,transition,flight,vertical_position_rmse_m,8,8,[],8,0,0,-0.03268016826063803,-0.029658922043293096,-53.43476873279848
stationary_retrodiction_joint,ekf3,transition,flight,velocity_3d_rmse_m_s,8,8,[],8,0,0,-0.050691678321480145,-0.04572582213794378,-70.49612577581482
stationary_retrodiction_joint,ekf3,transition,flight,attitude_rmse_deg,8,8,[],8,0,0,-0.15515195001230045,-0.006782570013705441,-58.791179189493164
stationary_retrodiction_joint,ekf3,transition,flight,yaw_rmse_deg,8,8,[],6,2,0,-0.1211042187591724,0.04124136040848579,-53.043709640762046
stationary_retrodiction_joint,ekf3,transition,outage_window,horizontal_position_rmse_m,8,8,[],8,0,0,-0.04705495150259728,-0.015560665636805776,-22.4110242022005
stationary_retrodiction_joint,ekf3,transition,outage_window,vertical_position_rmse_m,8,8,[],8,0,0,-0.04714147285269213,-0.03083097776684895,-66.9234890069297
stationary_retrodiction_joint,ekf3,transition,outage_window,velocity_3d_rmse_m_s,8,8,[],8,0,0,-0.07912356851820326,-0.06701523140576474,-72.0792898309179
stationary_retrodiction_joint,ekf3,transition,outage_window,attitude_rmse_deg,8,8,[],8,0,0,-0.14345874629318417,-0.0592615109634584,-69.64833895235328
stationary_retrodiction_joint,ekf3,transition,outage_window,yaw_rmse_deg,8,8,[],6,2,0,-0.08292373492928344,0.03480462585934113,-53.73931521880168
stationary_retrodiction_joint,ekf3,transition,after_return,horizontal_position_rmse_m,8,8,[],8,0,0,-0.05739636474404035,-0.015005120108972217,-49.6436723986445
stationary_retrodiction_joint,ekf3,transition,after_return,vertical_position_rmse_m,8,8,[],8,0,0,-0.03106075791472135,-0.0269831102693045,-47.827439685546
stationary_retrodiction_joint,ekf3,transition,after_return,velocity_3d_rmse_m_s,8,8,[],8,0,0,-0.037204409294248036,-0.027101338596352352,-65.1990419302822
stationary_retrodiction_joint,ekf3,transition,after_return,attitude_rmse_deg,8,8,[],8,0,0,-0.15539186058883608,-0.06723441220201368,-67.24659782533446
stationary_retrodiction_joint,ekf3,transition,after_return,yaw_rmse_deg,8,8,[],7,1,0,-0.09417312957094119,0.017727945756098623,-56.80268739778576
