scenario,name,sensor,window,captures,captures_with_computed_nis,attempted_candidates,prelinear_rejected_candidates,accepted_candidates,median_capture_mean_joint_nis_per_dimension,minimum_capture_mean_joint_nis_per_dimension,maximum_capture_mean_joint_nis_per_dimension
denied,horizon,barometer,after_return,8,8,1576,0,1576,0.6455151681763407,0.6144451539721631,0.6763277057541368
denied,horizon,barometer,flight,8,8,3736,0,3728,0.7563785980596331,0.7369003326847042,0.7748890549263999
denied,horizon,barometer,outage,8,8,1200,0,1196,0.7453944906190215,0.7038108050010212,0.7865296114420355
denied,horizon,magnetic_vector,after_return,8,8,1576,0,1576,0.9922525439778942,0.9832536902579294,1.0010187124059937
denied,horizon,magnetic_vector,before_takeoff,8,8,240,0,240,0.9322837735762026,0.8938119075115144,0.9707556396408907
denied,horizon,magnetic_vector,flight,8,8,3736,0,3736,0.9905605948385443,0.9880882910415202,0.992674120158828
denied,horizon,magnetic_vector,outage,8,8,1200,0,1200,0.9940489157072439,0.9755453914121409,1.0119386194757536
denied,horizon,optical_flow,after_return,8,8,1576,0,1572,0.955314951140231,0.8918521510048281,1.0199326737036611
denied,horizon,optical_flow,before_takeoff,8,8,240,0,240,1.1950022661323874,1.1315211390358153,1.2584833932289596
denied,horizon,optical_flow,flight,8,8,3736,0,3729,0.998518332406668,0.9615769593881068,1.0356652111913573
denied,horizon,optical_flow,outage,8,8,1200,0,1197,0.9794926281239844,0.9432484236197712,1.0213498478691763
denied,horizon_joint,barometer,after_return,8,8,1576,0,1564,1.0355792451500871,0.9579648217885482,1.107619201170892
denied,horizon_joint,barometer,flight,8,8,3736,0,3705,1.0146271971575713,0.9796645671951614,1.0469771518257343
denied,horizon_joint,barometer,outage,8,8,1200,0,1187,0.9645729998432088,0.9072800951436943,1.0223752137730473
denied,horizon_joint,magnetic_vector,after_return,8,8,1576,0,1576,0.9924207300548643,0.9835340004454802,1.0008878666894558
denied,horizon_joint,magnetic_vector,before_takeoff,8,8,240,0,240,0.9322837735762026,0.8938119075115144,0.9707556396408907
denied,horizon_joint,magnetic_vector,flight,8,8,3736,0,3736,0.9906659646300553,0.9882044269880088,0.9928227818353472
denied,horizon_joint,magnetic_vector,outage,8,8,1200,0,1200,0.9943350983845367,0.9759128249831328,1.0120074144899973
denied,horizon_joint,optical_flow,after_return,8,8,1576,0,1572,0.9557989671575267,0.8948292762104276,1.0195329059803298
denied,horizon_joint,optical_flow,before_takeoff,8,8,240,0,240,1.1950022661323874,1.1315211390358153,1.2584833932289596
denied,horizon_joint,optical_flow,flight,8,8,3736,0,3729,0.998601043013237,0.9625731499015278,1.0357248445738318
denied,horizon_joint,optical_flow,outage,8,8,1200,0,1197,0.9790003404671854,0.9428461694189809,1.0213759897213683
denied,retrodiction,barometer,after_return,8,8,1576,0,1576,0.6456650917126774,0.6147900746663804,0.6762649374652444
denied,retrodiction,barometer,flight,8,8,3736,0,3728,0.7559749871793136,0.7370584712842695,0.7756217470882228
denied,retrodiction,barometer,outage,8,8,1200,0,1196,0.745226419079309,0.7034930982732253,0.7861204067697171
denied,retrodiction,magnetic_vector,after_return,8,8,1576,0,1576,0.992221673526716,0.9831206138779823,1.0010271301832996
denied,retrodiction,magnetic_vector,before_takeoff,8,8,240,0,240,0.933493843230977,0.8944524361627578,0.972535250299196
denied,retrodiction,magnetic_vector,flight,8,8,3736,0,3736,0.9905252082383078,0.9882316390900963,0.9925012145941524
denied,retrodiction,magnetic_vector,outage,8,8,1200,0,1200,0.9939874258409743,0.9756811428723631,1.0116106168316612
denied,retrodiction,optical_flow,after_return,8,8,1576,0,1572,0.9558469856832688,0.8975814185332704,1.0211192763757917
denied,retrodiction,optical_flow,before_takeoff,8,8,240,0,240,1.1865062079266173,1.1702945063875687,1.202717909465666
denied,retrodiction,optical_flow,flight,8,8,3736,0,3729,0.9996467000348805,0.9652900361038902,1.0365429893509273
denied,retrodiction,optical_flow,outage,8,8,1200,0,1197,0.9794695978338148,0.9382073664283479,1.0248681549366767
denied,retrodiction_joint,barometer,after_return,8,8,1576,0,1564,1.034396806407512,0.9578623946310959,1.1072046704617378
denied,retrodiction_joint,barometer,flight,8,8,3736,0,3703,1.0139718315368598,0.9792114062002742,1.0474447804468732
denied,retrodiction_joint,barometer,outage,8,8,1200,0,1187,0.9636818431021654,0.9064019561162426,1.0213039356520361
denied,retrodiction_joint,magnetic_vector,after_return,8,8,1576,0,1576,0.9923739793045694,0.9833954033085535,1.0009317637365105
denied,retrodiction_joint,magnetic_vector,before_takeoff,8,8,240,0,240,0.933493843230977,0.8944524361627578,0.972535250299196
denied,retrodiction_joint,magnetic_vector,flight,8,8,3736,0,3736,0.9906307537680161,0.988355691071884,0.9926851670310091
denied,retrodiction_joint,magnetic_vector,outage,8,8,1200,0,1200,0.9942725535061313,0.9759957072676101,1.011680044805496
denied,retrodiction_joint,optical_flow,after_return,8,8,1576,0,1572,0.9563155626836843,0.900664028160757,1.020844218970499
denied,retrodiction_joint,optical_flow,before_takeoff,8,8,240,0,240,1.1865062079266173,1.1702945063875687,1.202717909465666
denied,retrodiction_joint,optical_flow,flight,8,8,3736,0,3729,1.0004664081693013,0.9661406130090057,1.0367021871714643
denied,retrodiction_joint,optical_flow,outage,8,8,1200,0,1197,0.9791554220765688,0.9381319960347506,1.025163646516403
gps,horizon,barometer,after_return,8,8,1576,0,1576,0.6280624746120489,0.5971686494996561,0.6586862472779154
gps,horizon,barometer,flight,8,8,3736,0,3716,0.7574297254157101,0.7428402651323367,0.7722795144902046
gps,horizon,barometer,outage,8,8,1200,0,1196,0.7498822192499522,0.7159654621669738,0.7841084957886016
gps,horizon,gps,after_return,8,8,1576,0,1576,0.9773042834201416,0.9678609398730275,0.9854153211945265
gps,horizon,gps,before_takeoff,8,8,240,0,240,0.9517323376599812,0.8520848133461933,1.051379861973769
gps,horizon,gps,flight,8,8,3736,0,3736,0.981448484371659,0.9638413458518146,0.9989700827576893
gps,horizon,gps,outage,8,8,1200,0,1200,1.0056315792836903,0.9913022295683602,1.0177207505779973
gps,horizon,magnetic_vector,after_return,8,8,1576,0,1576,0.9912081046869368,0.9807338170544505,1.0014886784587516
gps,horizon,magnetic_vector,before_takeoff,8,8,240,0,240,0.9322895165231657,0.8940075610438848,0.9705714720024466
gps,horizon,magnetic_vector,flight,8,8,3736,0,3736,0.9909964794359882,0.9888387935737029,0.9928442736934207
gps,horizon,magnetic_vector,outage,8,8,1200,0,1200,0.9953158151286925,0.9751164978945187,1.0152979072506758
gps,horizon,optical_flow,after_return,8,8,1576,0,1572,0.961956517725817,0.9063892842118607,1.0236522828119297
gps,horizon,optical_flow,before_takeoff,8,8,240,0,240,1.20670577087962,1.140176446921283,1.273235094837957
gps,horizon,optical_flow,flight,8,8,3736,0,3730,1.0064069097627961,0.9717200362798538,1.0413015653271138
gps,horizon,optical_flow,outage,8,8,1200,0,1198,0.9912356566358431,0.9571105933943519,1.0345750187196492
gps,horizon_joint,barometer,after_return,8,8,1576,0,1560,1.0345349510481592,0.9812959760450599,1.0845584869722138
gps,horizon_joint,barometer,flight,8,8,3736,0,3688,1.0217373782516868,1.004444508474309,1.038944481512243
gps,horizon_joint,barometer,outage,8,8,1200,0,1184,0.9667742958598047,0.9032354315654305,1.0314917806074102
gps,horizon_joint,gps,after_return,8,8,1576,0,1576,0.9784883589998308,0.9709560099343362,0.9841980529974749
gps,horizon_joint,gps,before_takeoff,8,8,240,0,240,0.9517323376599812,0.8520848133461933,1.051379861973769
gps,horizon_joint,gps,flight,8,8,3736,0,3736,0.9832755317320725,0.9672574876712652,0.9990683617545736
gps,horizon_joint,gps,outage,8,8,1200,0,1200,1.0091044233161686,0.9976808144572477,1.0181364793818788
gps,horizon_joint,magnetic_vector,after_return,8,8,1576,0,1576,0.9913408097106814,0.9808641689788437,1.0015807651809097
gps,horizon_joint,magnetic_vector,before_takeoff,8,8,240,0,240,0.9322895165231657,0.8940075610438848,0.9705714720024466
gps,horizon_joint,magnetic_vector,flight,8,8,3736,0,3736,0.9910503929910648,0.9889576112789061,0.9928786729760433
gps,horizon_joint,magnetic_vector,outage,8,8,1200,0,1200,0.9951339273635681,0.9752179935006431,1.0154294596554738
gps,horizon_joint,optical_flow,after_return,8,8,1576,0,1572,0.9620052727081655,0.9063198537495544,1.0233858665042912
gps,horizon_joint,optical_flow,before_takeoff,8,8,240,0,240,1.20670577087962,1.140176446921283,1.273235094837957
gps,horizon_joint,optical_flow,flight,8,8,3736,0,3730,1.0064089007751411,0.971834167334344,1.041318654867582
gps,horizon_joint,optical_flow,outage,8,8,1200,0,1198,0.9913973508164189,0.9572841012139979,1.0347053996238735
gps,retrodiction,barometer,after_return,8,8,1576,0,1576,0.6341703200929156,0.6058944779383086,0.6623415563985988
gps,retrodiction,barometer,flight,8,8,3736,0,3716,0.760499028247248,0.7461799897163848,0.7748882110181343
gps,retrodiction,barometer,outage,8,8,1200,0,1196,0.7517856052821787,0.7128167090438458,0.791068815483463
gps,retrodiction,gps,after_return,8,8,1576,0,1576,0.984040052586993,0.9733943902861971,1.000378502867803
gps,retrodiction,gps,before_takeoff,8,8,240,0,240,0.9517159591394232,0.8327416674350236,1.0706902508438227
gps,retrodiction,gps,flight,8,8,3736,0,3736,0.9945973910672993,0.9666502924076639,1.0161315976226748
gps,retrodiction,gps,outage,8,8,1200,0,1200,1.0264901163822482,0.9983290266915219,1.0408049432098065
gps,retrodiction,magnetic_vector,after_return,8,8,1576,0,1576,0.9913497965961902,0.9812378419973663,1.0016692842174066
gps,retrodiction,magnetic_vector,before_takeoff,8,8,240,0,240,0.9335418777075666,0.8946052145194509,0.9724785408956824
gps,retrodiction,magnetic_vector,flight,8,8,3736,0,3736,0.9910205154188223,0.9886724490962492,0.9929947324488583
gps,retrodiction,magnetic_vector,outage,8,8,1200,0,1200,0.9948846426731817,0.974574212722427,1.0151648386408032
gps,retrodiction,optical_flow,after_return,8,8,1576,0,1572,0.9611022965645004,0.9097168888630637,1.0223620728851095
gps,retrodiction,optical_flow,before_takeoff,8,8,240,0,240,1.1987195280460132,1.1794679229303646,1.2179711331616616
gps,retrodiction,optical_flow,flight,8,8,3736,0,3728,1.0078150107364088,0.9739414340816991,1.0412511249853371
gps,retrodiction,optical_flow,outage,8,8,1200,0,1196,0.9918819897162395,0.954905486110462,1.0392027642746375
gps,retrodiction_joint,barometer,after_return,8,8,1576,0,1560,1.0361670847852444,0.9848483286945857,1.0872263951185919
gps,retrodiction_joint,barometer,flight,8,8,3736,0,3688,1.0223015852428161,1.0025519195715529,1.0428987539076702
gps,retrodiction_joint,barometer,outage,8,8,1200,0,1184,0.9649993459443025,0.9035122043602913,1.0275277102625284
gps,retrodiction_joint,gps,after_return,8,8,1576,0,1576,0.9863318554013829,0.9776304333029681,1.0014813377648972
gps,retrodiction_joint,gps,before_takeoff,8,8,240,0,240,0.9517159591394232,0.8327416674350236,1.0706902508438227
gps,retrodiction_joint,gps,flight,8,8,3736,0,3736,0.9969536515698176,0.9702313321328502,1.0175304068840165
gps,retrodiction_joint,gps,outage,8,8,1200,0,1200,1.0304975143419548,1.0041850829829024,1.0424257828665133
gps,retrodiction_joint,magnetic_vector,after_return,8,8,1576,0,1576,0.9914818532243899,0.9813419423007531,1.001737334565506
gps,retrodiction_joint,magnetic_vector,before_takeoff,8,8,240,0,240,0.9335418777075666,0.8946052145194509,0.9724785408956824
gps,retrodiction_joint,magnetic_vector,flight,8,8,3736,0,3736,0.9910105244151962,0.9887821140065731,0.9930738203038363
gps,retrodiction_joint,magnetic_vector,outage,8,8,1200,0,1200,0.9947278884046125,0.9746204681989002,1.0152492657199692
gps,retrodiction_joint,optical_flow,after_return,8,8,1576,0,1572,0.9610022888247105,0.9099007774050479,1.0219155921137888
gps,retrodiction_joint,optical_flow,before_takeoff,8,8,240,0,240,1.1987195280460132,1.1794679229303646,1.2179711331616616
gps,retrodiction_joint,optical_flow,flight,8,8,3736,0,3728,1.0078168420725628,0.9740601540973128,1.0411830702445695
gps,retrodiction_joint,optical_flow,outage,8,8,1200,0,1196,0.9920764647803901,0.9549980762256589,1.0394752487367547
transition,horizon,barometer,after_return,8,8,1576,0,1576,0.628943408922093,0.5984272092199554,0.6593952184041374
transition,horizon,barometer,flight,8,8,3736,0,3716,0.7565983350482006,0.744469782931367,0.7691655785374228
transition,horizon,barometer,outage,8,8,1200,0,1196,0.7464378382310017,0.7042321269879186,0.7880774315929241
transition,horizon,gps,after_return,8,8,1576,0,1576,0.9752422993353458,0.9659408984273606,0.984078076735939
transition,horizon,gps,before_takeoff,8,8,240,0,240,0.9517323376599812,0.8520848133461933,1.051379861973769
transition,horizon,gps,flight,8,8,2536,0,2536,0.9690171465165067,0.9483709230647386,0.9892622578876858
transition,horizon,magnetic_vector,after_return,8,8,1576,0,1576,0.9916020961212871,0.9810107663937584,1.001702262857092
transition,horizon,magnetic_vector,before_takeoff,8,8,240,0,240,0.9322895165231657,0.8940075610438848,0.9705714720024466
transition,horizon,magnetic_vector,flight,8,8,3736,0,3736,0.9913175616919182,0.9885614752063568,0.9931734570624949
transition,horizon,magnetic_vector,outage,8,8,1200,0,1200,0.9950789547459804,0.9749800930260547,1.0160334359611223
transition,horizon,optical_flow,after_return,8,8,1576,0,1572,0.9627039020631456,0.9088959214420573,1.0234879630409828
transition,horizon,optical_flow,before_takeoff,8,8,240,0,240,1.20670577087962,1.140176446921283,1.273235094837957
transition,horizon,optical_flow,flight,8,8,3736,0,3729,1.0037873686344134,0.9705128941726648,1.0390506069748673
transition,horizon,optical_flow,outage,8,8,1200,0,1197,0.9849570594821461,0.9509748549798224,1.0211603290280526
transition,horizon_joint,barometer,after_return,8,8,1576,0,1560,1.0367040028118049,0.9846070056010908,1.0875298024905968
transition,horizon_joint,barometer,flight,8,8,3736,0,3692,1.0219823940521409,1.0020593247582734,1.0437382130479824
transition,horizon_joint,barometer,outage,8,8,1200,0,1188,0.9670385314760006,0.9086480461868164,1.02060036105008
transition,horizon_joint,gps,after_return,8,8,1576,0,1576,0.9775422980427226,0.9692258645633983,0.9845039825807335
transition,horizon_joint,gps,before_takeoff,8,8,240,0,240,0.9517323376599812,0.8520848133461933,1.051379861973769
transition,horizon_joint,gps,flight,8,8,2536,0,2536,0.9707788036027625,0.9505593351272263,0.9902075168037288
transition,horizon_joint,magnetic_vector,after_return,8,8,1576,0,1576,0.9916438574123446,0.9810685014858744,1.0018728187622727
transition,horizon_joint,magnetic_vector,before_takeoff,8,8,240,0,240,0.9322895165231657,0.8940075610438848,0.9705714720024466
transition,horizon_joint,magnetic_vector,flight,8,8,3736,0,3736,0.9913090231268831,0.9887333020623758,0.9932732802212882
transition,horizon_joint,magnetic_vector,outage,8,8,1200,0,1200,0.9949988806844703,0.9753649098457485,1.0162227681110076
transition,horizon_joint,optical_flow,after_return,8,8,1576,0,1572,0.9629548135451842,0.9093801083805094,1.0235400178183638
transition,horizon_joint,optical_flow,before_takeoff,8,8,240,0,240,1.20670577087962,1.140176446921283,1.273235094837957
transition,horizon_joint,optical_flow,flight,8,8,3736,0,3729,1.0039113574740768,0.970908842672125,1.0388569961680605
transition,horizon_joint,optical_flow,outage,8,8,1200,0,1197,0.9845500593045333,0.9502825384530009,1.0210680743653378
transition,retrodiction,barometer,after_return,8,8,1576,0,1576,0.6354758455411793,0.6075274727305049,0.6633637785806118
transition,retrodiction,barometer,flight,8,8,3736,0,3716,0.759545175707655,0.74583682592179,0.7731544906265373
transition,retrodiction,barometer,outage,8,8,1200,0,1196,0.7472532529878413,0.7058193700390121,0.7883867373254422
transition,retrodiction,gps,after_return,8,8,1568,0,1568,0.9822388773173236,0.9703473449762696,0.9959378818911535
transition,retrodiction,gps,before_takeoff,8,8,240,0,240,0.9517159591394232,0.8327416674350236,1.0706902508438227
transition,retrodiction,gps,flight,8,8,2536,0,2536,0.9780111961115122,0.9479234671967829,1.0022303666551902
transition,retrodiction,gps,outage,8,8,8,0,8,0.8696619531543093,0.641430838246201,1.1044855682583175
transition,retrodiction,magnetic_vector,after_return,8,8,1576,0,1576,0.9918342981030692,0.981449684741496,1.002270125464633
transition,retrodiction,magnetic_vector,before_takeoff,8,8,240,0,240,0.9335418777075666,0.8946052145194509,0.9724785408956824
transition,retrodiction,magnetic_vector,flight,8,8,3736,0,3736,0.9914392413530332,0.9888341781794194,0.9934059697278168
transition,retrodiction,magnetic_vector,outage,8,8,1200,0,1200,0.9949726159706331,0.9752210626778965,1.0160795096682478
transition,retrodiction,optical_flow,after_return,8,8,1576,0,1572,0.9621333680956402,0.9124531596756373,1.0215403132866228
transition,retrodiction,optical_flow,before_takeoff,8,8,240,0,240,1.1987195280460132,1.1794679229303646,1.2179711331616616
transition,retrodiction,optical_flow,flight,8,8,3736,0,3730,1.0050658282540426,0.9738026724954048,1.0383923764898462
transition,retrodiction,optical_flow,outage,8,8,1200,0,1198,0.9846014239816695,0.9499463305109375,1.027926093067949
transition,retrodiction_joint,barometer,after_return,8,8,1576,0,1560,1.0384739234276736,0.9887336956012305,1.0903877684777687
transition,retrodiction_joint,barometer,flight,8,8,3736,0,3692,1.0237151559658986,1.0014237017307113,1.0478479288454243
transition,retrodiction_joint,barometer,outage,8,8,1200,0,1188,0.9669913127416088,0.9120917952227152,1.0205938582080198
transition,retrodiction_joint,gps,after_return,8,8,1568,0,1568,0.985478373474706,0.9747902318215562,0.9986300206008923
transition,retrodiction_joint,gps,before_takeoff,8,8,240,0,240,0.9517159591394232,0.8327416674350236,1.0706902508438227
transition,retrodiction_joint,gps,flight,8,8,2536,0,2536,0.9801807623773,0.9508687806832614,1.0043797682693536
transition,retrodiction_joint,gps,outage,8,8,8,0,8,0.8751479901964591,0.6677131191893547,1.0856499443846779
transition,retrodiction_joint,magnetic_vector,after_return,8,8,1576,0,1576,0.9918482057820431,0.9814648247831979,1.0024269981638678
transition,retrodiction_joint,magnetic_vector,before_takeoff,8,8,240,0,240,0.9335418777075666,0.8946052145194509,0.9724785408956824
transition,retrodiction_joint,magnetic_vector,flight,8,8,3736,0,3736,0.9914500674545053,0.9890385363454074,0.9934929692343443
transition,retrodiction_joint,magnetic_vector,outage,8,8,1200,0,1200,0.9949241445944144,0.9756249169970587,1.0162956142654251
transition,retrodiction_joint,optical_flow,after_return,8,8,1576,0,1572,0.9623190867559006,0.9127154277583551,1.0214222595555285
transition,retrodiction_joint,optical_flow,before_takeoff,8,8,240,0,240,1.1987195280460132,1.1794679229303646,1.2179711331616616
transition,retrodiction_joint,optical_flow,flight,8,8,3736,0,3729,1.0044629453869351,0.9741067827686881,1.038127627172882
transition,retrodiction_joint,optical_flow,outage,8,8,1200,0,1197,0.9833522289332095,0.9492873637294383,1.0257041899162267
