name,scenario,start_s,end_s,rows,row_coverage,position_valid_fraction,attitude_valid_fraction,finite_fraction,max_output_gap_s,horizontal_position_rmse_m,vertical_position_rmse_m,position_3d_rmse_m,velocity_3d_rmse_m_s,attitude_rmse_deg,yaw_rmse_deg,max_horizontal_error_m,terminal_horizontal_error_m,gps_fused_accepted_hz,flow_fused_accepted_hz,mag_fused_accepted_hz,baro_fused_accepted_hz,nonzero_step_status_rows,prediction_accepted_fraction,covariance_valid,mean_nees_15d,readiness_qualified,gps_active_fraction,flow_active_fraction,mag_active_fraction,baro_active_fraction
horizon,gps,120,166.7,4670,1.0,1.0,1.0,1.0,0.010000000000019327,0.04135938980828481,0.03244357556586776,0.052566003470035885,0.017795258517931744,0.18347462561380193,0.17095535337633325,0.0883690439318175,0.04096995855247057,10.000000000000002,9.97858672376874,10.000000000000002,9.935760171306212,0,1.0,True,6.733483264008773,,,,,
retrodiction,gps,120,166.7,4670,1.0,1.0,1.0,1.0,0.010000000000019327,0.04058739069417529,0.03715237045676957,0.05502394854896067,0.01827278781241645,0.1857729136533804,0.17751205822552907,0.09556753067558947,0.04580671734037612,10.000000000000002,9.97858672376874,10.000000000000002,9.97858672376874,0,1.0,True,7.51478743248543,,,,,
horizon_joint,gps,120,166.7,4670,1.0,1.0,1.0,1.0,0.010000000000019327,0.04141786477836951,0.031032667610123858,0.051753898228053624,0.0162806749172745,0.18382192813661288,0.17064709429669536,0.08834183724026382,0.04119819397620384,10.000000000000002,9.97858672376874,10.000000000000002,9.850107066381158,0,1.0,True,6.478578057770442,,,,,
retrodiction_joint,gps,120,166.7,4670,1.0,1.0,1.0,1.0,0.010000000000019327,0.04063004955155789,0.023980506529658184,0.047179080321483886,0.016947298359934394,0.18530943319603047,0.17661961367145865,0.09507050141012839,0.04596557007555602,10.000000000000002,9.97858672376874,10.000000000000002,9.892933618843685,0,1.0,True,7.225207755683749,,,,,
px4,gps,120,166.7,4670,1.0,1.0,1.0,1.0,0.010000000000019327,0.16162305054356083,0.05851618697003038,0.17188994910848618,0.10388113727579155,2.687866791619175,2.6438634715145337,0.24689960457053445,0.16427432975170586,,,,,,,True,917.9558939727801,True,1.0,1.0,1.0,1.0
ekf3,gps,120,166.7,4670,1.0,1.0,1.0,1.0,0.010000000000019327,1.6577012085069527,0.05837069874802384,1.658728559818557,0.7869370194481938,0.5226648951661425,0.3656499090807601,5.511027856132924,1.5524585503905746,,,,,,,False,,False,1.0,,,
horizon,denied,120,166.7,4670,1.0,1.0,1.0,1.0,0.010000000000019327,0.18145875969663633,0.034150985171992436,0.18464444551315173,0.03262986384251845,0.2681428750366186,0.24981598013253156,0.4840213308566218,0.405944707802959,0.0,9.97858672376874,10.000000000000002,9.935760171306212,0,1.0,True,3.7642161328244828,,,,,
retrodiction,denied,120,166.7,4670,1.0,1.0,1.0,1.0,0.010000000000019327,0.18324544370036683,0.039240507961985895,0.18739986686777285,0.031873845581339835,0.2683631953736527,0.24986440275168728,0.4872470023903444,0.40646327958149264,0.0,9.97858672376874,10.000000000000002,9.97858672376874,0,1.0,True,3.7501009959333316,,,,,
horizon_joint,denied,120,166.7,4670,1.0,1.0,1.0,1.0,0.010000000000019327,0.17624126215463554,0.028011054963274957,0.1784533599740128,0.03243709674621299,0.27608818585140693,0.2591344292150832,0.477331511548409,0.39988854403097557,0.0,9.97858672376874,10.000000000000002,9.807280513918633,0,1.0,True,3.5488698668677023,,,,,
retrodiction_joint,denied,120,166.7,4670,1.0,1.0,1.0,1.0,0.010000000000019327,0.17608561337547565,0.03353635508912148,0.17925074714064967,0.031833195436639185,0.27636136114801607,0.259260335611086,0.4748757090868631,0.3948917655003237,0.0,9.97858672376874,10.000000000000002,9.850107066381158,0,1.0,True,3.5374006546142986,,,,,
px4,denied,120,166.7,4670,1.0,1.0,1.0,1.0,0.010000000000019327,0.24177795819494907,0.05867922429370971,0.2487967693372043,0.049496036404268785,0.9125155857332693,0.8639869321834548,0.5872758397986435,0.5676201559477311,,,,,,,True,41.66091634401377,True,0.0,1.0,1.0,1.0
ekf3,denied,120,166.7,4670,1.0,1.0,1.0,1.0,0.010000000000019327,0.2627831241243953,0.0685348647492818,0.27157319089111076,0.0993964529649361,0.39949202802444944,0.3756651383361822,0.5140449857924257,0.4818760265483248,,,,,,,True,44.303129809204485,True,0.0,,,
horizon,transition,120,166.7,4670,1.0,1.0,1.0,1.0,0.010000000000019327,0.12364484179630475,0.03404736845923518,0.1282469110810555,0.020796966678237647,0.1961315527773641,0.18381786696490615,0.37837324517709725,0.04101907423787538,6.788008565310494,9.97858672376874,10.000000000000002,9.935760171306212,0,1.0,True,6.89270352777736,,,,,
retrodiction,transition,120,166.7,4670,1.0,1.0,1.0,1.0,0.010000000000019327,0.12721909412074503,0.03849030665351774,0.13291426415244081,0.02235749979961118,0.20306362498345704,0.1954208647476624,0.3876013373135158,0.045922814288846966,6.788008565310494,9.97858672376874,10.000000000000002,9.97858672376874,0,1.0,True,7.415033421112948,,,,,
horizon_joint,transition,120,166.7,4670,1.0,1.0,1.0,1.0,0.010000000000019327,0.12099545321832683,0.03177090969150719,0.12509712387634747,0.01924677542627968,0.19598356098285924,0.18309235347700578,0.37116422171718727,0.04116154799468695,6.788008565310494,9.97858672376874,10.000000000000002,9.828693790149895,0,1.0,True,6.56599347117618,,,,,
retrodiction_joint,transition,120,166.7,4670,1.0,1.0,1.0,1.0,0.010000000000019327,0.12447775062388561,0.025819724842502688,0.12712737152684628,0.02084709501141258,0.20184928758935103,0.19382213411932506,0.38084764253791087,0.0460050805182283,6.788008565310494,9.97858672376874,10.000000000000002,9.871520342612422,0,1.0,True,7.053493536476719,,,,,
px4,transition,120,166.7,4670,1.0,1.0,1.0,1.0,0.010000000000019327,0.2569651419479255,0.06163566707651602,0.2642537409996018,0.11131333224931504,2.8391641865794903,2.79392020708963,0.5909867748746963,0.16585483491948666,,,,,,,True,637.2920936839865,True,0.8029978586723768,1.0,1.0,1.0
ekf3,transition,120,166.7,4670,1.0,1.0,1.0,1.0,0.010000000000019327,0.14880317003306842,0.07703518374373526,0.16756134084663243,0.07424214168229624,0.6162123670132025,0.4229601597513496,0.5550267390562097,0.050531600303293935,,,,,,,False,,True,0.7623126338329764,,,
