model,package,outcome,phase,code,bucket,seconds,diagnostic,evidence,mechanism
Modelica.Fluid.Examples.AST_BatchPlant.BatchPlant_StandardWater,Fluid.Examples,error,instantiate,EI012,p0a-specialization,27.7,cannot instantiate partial class `Medium.BaseProperties` for component `volume5.medium`,EI012 instantiates the constraining/partial class for an occurrence the model redeclared to a concrete medium,ALIAS override_map.rs alias-path fallback
Modelica.Fluid.Examples.AST_BatchPlant.BaseClasses.TankWith3InletOutletArraysWithEvaporatorCondensor,Fluid.Examples,error,typecheck,ET002,p0a-specialization,22.6,"type mismatch: expected `Modelica.Media.Water.WaterIF97_base.ThermodynamicState`, found `Modelica.Media.Interfaces.PartialMedium.ThermodynamicState`",ET002 names a partial interface class as the effective type of a redeclared occurrence,ALIAS override_map.rs alias-path fallback
Modelica.Fluid.Examples.AST_BatchPlant.BaseClasses.InnerTank,Fluid.Examples,error,flatten,EF024,p0a-specialization,21.6,flat variable is missing structured identity: nXi,"a member of the selected package (function, record constant or structural constant `nXi`) reaches Flat with no structured identity",GUESSNAME equations/mod.rs::lookup_parameter_in_scope
Modelica.Fluid.Examples.AST_BatchPlant.BaseClasses.Controller,Fluid.Examples,error,dae,ED010,genuinely-new,21.2,invalid Appendix B discrete solved form: a discrete-valued equation must have one unsubscripted resolved coordinate as its left-hand side,"Appendix B discrete solved form rejects a StateGraph inner/outer or array-valued discrete equation; not a Fluid gap, but it blocks a Fluid example through its StateGraph dependency",
Modelica.Fluid.Examples.AST_BatchPlant.BaseClasses.TankWithTopPorts,Fluid.Examples,error,instantiate,EI012,p0a-specialization,22.1,cannot instantiate partial class `Medium.BaseProperties` for component `medium`,EI012 instantiates the constraining/partial class for an occurrence the model redeclared to a concrete medium,ALIAS override_map.rs alias-path fallback
Modelica.Fluid.Examples.AST_BatchPlant.Test.OneTank,Fluid.Examples,error,typecheck,ET001,p0a-specialization,24.4,unknown modifier `min` for component `m_flows` of type `Medium.MassFlowRate`,"ET001 names a selected-package member type; the identical declaration compiles in a shallow standalone model, so the failure is depth dependent, not shape dependent",FIXPOINT constant_extraction.rs bounded-pass recovery
Modelica.Fluid.Examples.AST_BatchPlant.Test.TwoTanks,Fluid.Examples,error,typecheck,ET001,zero-extent,24.3,unknown member `m_flow` on component reference `topPorts.m_flow` of type `Modelica.Fluid.Vessels.BaseClasses.VesselFluidPorts_a`,"member lookup on a zero-extent connector array whose element type draws its members from a replaceable package; reproduced standalone, where the plain-connector zero-extent array compiles",GUESSNAME equations/mod.rs::lookup_parameter_in_scope
Modelica.Fluid.Examples.AST_BatchPlant.Test.TankWithEmptyingPipe1,Fluid.Examples,error,typecheck,ET001,zero-extent,23.7,unknown member `m_flow` on component reference `topPorts.m_flow` of type `Modelica.Fluid.Vessels.BaseClasses.VesselFluidPorts_a`,"member lookup on a zero-extent connector array whose element type draws its members from a replaceable package; reproduced standalone, where the plain-connector zero-extent array compiles",GUESSNAME equations/mod.rs::lookup_parameter_in_scope
Modelica.Fluid.Examples.AST_BatchPlant.Test.TankWithEmptyingPipe2,Fluid.Examples,error,typecheck,ET001,zero-extent,21.7,unknown member `m_flow` on component reference `topPorts.m_flow` of type `Modelica.Fluid.Vessels.BaseClasses.VesselFluidPorts_a`,"member lookup on a zero-extent connector array whose element type draws its members from a replaceable package; reproduced standalone, where the plain-connector zero-extent array compiles",GUESSNAME equations/mod.rs::lookup_parameter_in_scope
Modelica.Fluid.Examples.AST_BatchPlant.Test.TanksWithEmptyingPipe1,Fluid.Examples,error,typecheck,ET001,zero-extent,24.6,unknown member `m_flow` on component reference `topPorts.m_flow` of type `Modelica.Fluid.Vessels.BaseClasses.VesselFluidPorts_a`,"member lookup on a zero-extent connector array whose element type draws its members from a replaceable package; reproduced standalone, where the plain-connector zero-extent array compiles",GUESSNAME equations/mod.rs::lookup_parameter_in_scope
Modelica.Fluid.Examples.AST_BatchPlant.Test.TanksWithEmptyingPipe2,Fluid.Examples,error,typecheck,ET001,zero-extent,25.8,unknown member `m_flow` on component reference `topPorts.m_flow` of type `Modelica.Fluid.Vessels.BaseClasses.VesselFluidPorts_a`,"member lookup on a zero-extent connector array whose element type draws its members from a replaceable package; reproduced standalone, where the plain-connector zero-extent array compiles",GUESSNAME equations/mod.rs::lookup_parameter_in_scope
Modelica.Fluid.Examples.BranchingDynamicPipes,Fluid.Examples,error,instantiate,EI012,p0a-specialization,23.8,cannot instantiate partial class `Medium.BaseProperties` for component `pipe1.mediums[1]`,EI012 instantiates the constraining/partial class for an occurrence the model redeclared to a concrete medium,ALIAS override_map.rs alias-path fallback
Modelica.Fluid.Examples.ControlledTankSystem.ControlledTanks,Fluid.Examples,error,typecheck,ET002,p0a-specialization,20.5,"type mismatch: expected `Modelica.Media.Interfaces.PartialSimpleMedium.ThermodynamicState`, found `Modelica.Media.Interfaces.PartialMedium.ThermodynamicState`",ET002 names a partial interface class as the effective type of a redeclared occurrence,ALIAS override_map.rs alias-path fallback
Modelica.Fluid.Examples.ControlledTankSystem.Utilities.TankController,Fluid.Examples,error,dae,ED010,genuinely-new,21.4,invalid Appendix B discrete solved form: `normal.stateGraphRoot.suspend` has more than one semantic definition owner,"Appendix B discrete solved form rejects a StateGraph inner/outer or array-valued discrete equation; not a Fluid gap, but it blocks a Fluid example through its StateGraph dependency",
Modelica.Fluid.Examples.ControlledTankSystem.Utilities.NormalOperation,Fluid.Examples,error,dae,ED010,genuinely-new,20.9,invalid Appendix B discrete solved form: `stateGraphRoot.suspend` has more than one semantic definition owner,"Appendix B discrete solved form rejects a StateGraph inner/outer or array-valued discrete equation; not a Fluid gap, but it blocks a Fluid example through its StateGraph dependency",
Modelica.Fluid.Examples.DrumBoiler.DrumBoiler,Fluid.Examples,error,instantiate,EI007,p0a-specialization,23.1,redeclaration error for `criticalPressure`: selected redeclare class has no such member,EI007 on a redeclare/selection route: redeclaration error for `criticalPressure`: selected redeclare class has no such member,ALIAS override_map.rs alias-path fallback
Modelica.Fluid.Examples.DrumBoiler.BaseClasses.EquilibriumDrumBoiler,Fluid.Examples,error,instantiate,EI007,p0a-specialization,21.3,redeclaration error for `criticalPressure`: selected redeclare class has no such member,EI007 on a redeclare/selection route: redeclaration error for `criticalPressure`: selected redeclare class has no such member,ALIAS override_map.rs alias-path fallback
Modelica.Fluid.Examples.Explanatory.MeasuringTemperature,Fluid.Examples,error,typecheck,ET002,p0a-specialization,24.8,"type mismatch: expected `Modelica.Media.Water.WaterIF97_base.ThermodynamicState`, found `Modelica.Media.Interfaces.PartialMedium.ThermodynamicState`",ET002 names a partial interface class as the effective type of a redeclared occurrence,ALIAS override_map.rs alias-path fallback
Modelica.Fluid.Examples.Explanatory.MomentumBalanceFittings,Fluid.Examples,error,typecheck,ET001,p0a-specialization,22.4,unknown modifier `min` for component `dp_start` of type `Medium.AbsolutePressure`,"ET001 names a selected-package member type; the identical declaration compiles in a shallow standalone model, so the failure is depth dependent, not shape dependent",FIXPOINT constant_extraction.rs bounded-pass recovery
Modelica.Fluid.Examples.HeatExchanger.HeatExchangerSimulation,Fluid.Examples,error,instantiate,EI027,p0a-specialization,21.8,redeclaration of `HeatTransfer` violates constrainedby: `Modelica.Fluid.Examples.HeatExchanger.BaseClasses.BasicHX.HeatTransfer_1` is not a subtype of `Modelica.Fluid.Pipes.BaseClasses.HeatTransfer.PartialFlowHeatTransfer`,EI027 on a redeclare/selection route: redeclaration of `HeatTransfer` violates constrainedby: `Modelica.Fluid.Examples.HeatExchanger.BaseClasses.BasicHX.HeatTransfer_1` is not a subtype of,ALIAS override_map.rs alias-path fallback
Modelica.Fluid.Examples.HeatExchanger.BaseClasses.BasicHX,Fluid.Examples,error,instantiate,EI027,p0a-specialization,21.1,redeclaration of `HeatTransfer` violates constrainedby: `Modelica.Fluid.Examples.HeatExchanger.BaseClasses.BasicHX.HeatTransfer_1` is not a subtype of `Modelica.Fluid.Pipes.BaseClasses.HeatTransfer.PartialFlowHeatTransfer`,EI027 on a redeclare/selection route: redeclaration of `HeatTransfer` violates constrainedby: `Modelica.Fluid.Examples.HeatExchanger.BaseClasses.BasicHX.HeatTransfer_1` is not a subtype of,ALIAS override_map.rs alias-path fallback
Modelica.Fluid.Examples.HeatExchanger.BaseClasses.WallConstProps,Fluid.Examples,ok,,,,24.8,,,
Modelica.Fluid.Examples.HeatingSystem,Fluid.Examples,error,instantiate,EI012,p0a-specialization,21.4,cannot instantiate partial class `Medium.BaseProperties` for component `pump.medium`,EI012 instantiates the constraining/partial class for an occurrence the model redeclared to a concrete medium,ALIAS override_map.rs alias-path fallback
Modelica.Fluid.Examples.IncompressibleFluidNetwork,Fluid.Examples,error,instantiate,EI012,p0a-specialization,22.0,cannot instantiate partial class `Medium.BaseProperties` for component `pipe1.mediums[1]`,EI012 instantiates the constraining/partial class for an occurrence the model redeclared to a concrete medium,ALIAS override_map.rs alias-path fallback
Modelica.Fluid.Examples.InverseParameterization,Fluid.Examples,error,instantiate,EI012,p0a-specialization,19.9,cannot instantiate partial class `Medium.BaseProperties` for component `pump.medium`,EI012 instantiates the constraining/partial class for an occurrence the model redeclared to a concrete medium,ALIAS override_map.rs alias-path fallback
Modelica.Fluid.Examples.NonCircularPipes,Fluid.Examples,error,instantiate,EI012,p0a-specialization,20.4,cannot instantiate partial class `Medium.BaseProperties` for component `circular_pipe.mediums[1]`,EI012 instantiates the constraining/partial class for an occurrence the model redeclared to a concrete medium,ALIAS override_map.rs alias-path fallback
Modelica.Fluid.Examples.PumpingSystem,Fluid.Examples,error,instantiate,EI012,p0a-specialization,19.9,cannot instantiate partial class `Medium.BaseProperties` for component `pumps.medium`,EI012 instantiates the constraining/partial class for an occurrence the model redeclared to a concrete medium,ALIAS override_map.rs alias-path fallback
Modelica.Fluid.Examples.Tanks.ThreeTanks,Fluid.Examples,error,typecheck,ET001,p0a-specialization,22.5,unknown modifier `min` for component `m_flows` of type `Medium.MassFlowRate`,"ET001 names a selected-package member type; the identical declaration compiles in a shallow standalone model, so the failure is depth dependent, not shape dependent",FIXPOINT constant_extraction.rs bounded-pass recovery
Modelica.Fluid.Examples.Tanks.TanksWithOverflow,Fluid.Examples,error,typecheck,ET001,p0a-specialization,22.5,unknown modifier `min` for component `m_flows` of type `Medium.MassFlowRate`,"ET001 names a selected-package member type; the identical declaration compiles in a shallow standalone model, so the failure is depth dependent, not shape dependent",FIXPOINT constant_extraction.rs bounded-pass recovery
Modelica.Fluid.Examples.Tanks.EmptyTanks,Fluid.Examples,error,typecheck,ET001,p0a-specialization,22.3,unknown modifier `min` for component `m_flows` of type `Medium.MassFlowRate`,"ET001 names a selected-package member type; the identical declaration compiles in a shallow standalone model, so the failure is depth dependent, not shape dependent",FIXPOINT constant_extraction.rs bounded-pass recovery
Modelica.Fluid.Examples.TraceSubstances.RoomCO2,Fluid.Examples,error,typecheck,ET001,p0a-specialization,22.4,unknown modifier `min` for component `m_flows` of type `Medium.MassFlowRate`,"ET001 names a selected-package member type; the identical declaration compiles in a shallow standalone model, so the failure is depth dependent, not shape dependent",FIXPOINT constant_extraction.rs bounded-pass recovery
Modelica.Fluid.Examples.TraceSubstances.RoomCO2WithControls,Fluid.Examples,error,instantiate,EI012,p0a-specialization,21.8,cannot instantiate partial class `Medium.BaseProperties` for component `ductOut.mediums[1]`,EI012 instantiates the constraining/partial class for an occurrence the model redeclared to a concrete medium,ALIAS override_map.rs alias-path fallback
Modelica.Fluid.Vessels.ClosedVolume,Fluid.Vessels,error,instantiate,EI012,p0a-specialization,19.3,cannot instantiate partial class `Medium.BaseProperties` for component `medium`,EI012 instantiates the constraining/partial class for an occurrence the model redeclared to a concrete medium,ALIAS override_map.rs alias-path fallback
Modelica.Fluid.Vessels.OpenTank,Fluid.Vessels,error,instantiate,EI012,p0a-specialization,22.0,cannot instantiate partial class `Medium.BaseProperties` for component `medium`,EI012 instantiates the constraining/partial class for an occurrence the model redeclared to a concrete medium,ALIAS override_map.rs alias-path fallback
Modelica.Fluid.Vessels.BaseClasses.HeatTransfer.IdealHeatTransfer,Fluid.Vessels,error,typecheck,ET002,p0a-specialization,20.5,"type mismatch: expected `Modelica.Fluid.Interfaces.PartialHeatTransfer.Medium`, found `Modelica.Units.SI.Temperature`",ET002 reports the replaceable package slot itself as the type of a component declared with one of its member types; reproduced standalone,ALIAS override_map.rs alias-path fallback
Modelica.Fluid.Vessels.BaseClasses.HeatTransfer.ConstantHeatTransfer,Fluid.Vessels,error,flatten,EF024,p0a-specialization,21.3,flat variable is missing structured identity: temperature,"a member of the selected package (function, record constant or structural constant `temperature`) reaches Flat with no structured identity",GUESSNAME equations/mod.rs::lookup_parameter_in_scope
Modelica.Fluid.Machines.SweptVolume,Fluid.Machines,error,instantiate,EI012,p0a-specialization,21.0,cannot instantiate partial class `Medium.BaseProperties` for component `medium`,EI012 instantiates the constraining/partial class for an occurrence the model redeclared to a concrete medium,ALIAS override_map.rs alias-path fallback
Modelica.Fluid.Machines.Pump,Fluid.Machines,error,instantiate,EI012,p0a-specialization,20.1,cannot instantiate partial class `Medium.BaseProperties` for component `medium`,EI012 instantiates the constraining/partial class for an occurrence the model redeclared to a concrete medium,ALIAS override_map.rs alias-path fallback
Modelica.Fluid.Machines.ControlledPump,Fluid.Machines,error,instantiate,EI012,p0a-specialization,20.5,cannot instantiate partial class `Medium.BaseProperties` for component `medium`,EI012 instantiates the constraining/partial class for an occurrence the model redeclared to a concrete medium,ALIAS override_map.rs alias-path fallback
Modelica.Fluid.Machines.PrescribedPump,Fluid.Machines,error,instantiate,EI012,p0a-specialization,22.0,cannot instantiate partial class `Medium.BaseProperties` for component `medium`,EI012 instantiates the constraining/partial class for an occurrence the model redeclared to a concrete medium,ALIAS override_map.rs alias-path fallback
Modelica.Fluid.Machines.BaseClasses.PumpMonitoring.PumpMonitoringBase,Fluid.Machines,ok,,,,24.9,,,
Modelica.Fluid.Machines.BaseClasses.PumpMonitoring.PumpMonitoringNPSH,Fluid.Machines,error,flatten,EF025,p0a-specialization,22.3,missing exact function-selection identity for `Medium.density`: callable owner has multiple exact exposures for the selected implementation,EF025 ambiguous effective function selection under redeclare: callable owner has multiple exact exposures for the selected implementation,SIGWALK function_signatures.rs depth-capped signature walk
Modelica.Fluid.Pipes.StaticPipe,Fluid.Pipes,error,typecheck,ET001,p0a-specialization,23.9,unknown modifier `min` for component `m_flows` of type `Medium.MassFlowRate`,"ET001 names a selected-package member type; the identical declaration compiles in a shallow standalone model, so the failure is depth dependent, not shape dependent",FIXPOINT constant_extraction.rs bounded-pass recovery
Modelica.Fluid.Pipes.DynamicPipe,Fluid.Pipes,error,instantiate,EI012,p0a-specialization,22.9,cannot instantiate partial class `Medium.BaseProperties` for component `mediums[1]`,EI012 instantiates the constraining/partial class for an occurrence the model redeclared to a concrete medium,ALIAS override_map.rs alias-path fallback
Modelica.Fluid.Pipes.BaseClasses.FlowModels.NominalLaminarFlow,Fluid.Pipes,error,typecheck,ET001,p0a-specialization,21.9,unknown modifier `min` for component `m_flows` of type `Medium.MassFlowRate`,"ET001 names a selected-package member type; the identical declaration compiles in a shallow standalone model, so the failure is depth dependent, not shape dependent",FIXPOINT constant_extraction.rs bounded-pass recovery
Modelica.Fluid.Pipes.BaseClasses.FlowModels.NominalTurbulentPipeFlow,Fluid.Pipes,error,typecheck,ET001,p0a-specialization,21.6,unknown modifier `min` for component `m_flows` of type `Medium.MassFlowRate`,"ET001 names a selected-package member type; the identical declaration compiles in a shallow standalone model, so the failure is depth dependent, not shape dependent",FIXPOINT constant_extraction.rs bounded-pass recovery
Modelica.Fluid.Pipes.BaseClasses.FlowModels.TurbulentPipeFlow,Fluid.Pipes,error,typecheck,ET001,p0a-specialization,22.2,unknown modifier `min` for component `m_flows` of type `Medium.MassFlowRate`,"ET001 names a selected-package member type; the identical declaration compiles in a shallow standalone model, so the failure is depth dependent, not shape dependent",FIXPOINT constant_extraction.rs bounded-pass recovery
Modelica.Fluid.Pipes.BaseClasses.FlowModels.DetailedPipeFlow,Fluid.Pipes,error,typecheck,ET001,p0a-specialization,23.4,unknown modifier `min` for component `m_flows` of type `Medium.MassFlowRate`,"ET001 names a selected-package member type; the identical declaration compiles in a shallow standalone model, so the failure is depth dependent, not shape dependent",FIXPOINT constant_extraction.rs bounded-pass recovery
Modelica.Fluid.Pipes.BaseClasses.HeatTransfer.IdealFlowHeatTransfer,Fluid.Pipes,error,typecheck,ET002,p0a-specialization,21.4,"type mismatch: expected `Modelica.Fluid.Interfaces.PartialHeatTransfer.Medium`, found `Modelica.Units.SI.Temperature`",ET002 reports the replaceable package slot itself as the type of a component declared with one of its member types; reproduced standalone,ALIAS override_map.rs alias-path fallback
Modelica.Fluid.Pipes.BaseClasses.HeatTransfer.ConstantFlowHeatTransfer,Fluid.Pipes,error,flatten,EF024,p0a-specialization,20.9,flat variable is missing structured identity: temperature,"a member of the selected package (function, record constant or structural constant `temperature`) reaches Flat with no structured identity",GUESSNAME equations/mod.rs::lookup_parameter_in_scope
Modelica.Fluid.Pipes.BaseClasses.HeatTransfer.LocalPipeFlowHeatTransfer,Fluid.Pipes,error,flatten,EF024,p0a-specialization,21.7,flat variable is missing structured identity: temperature,"a member of the selected package (function, record constant or structural constant `temperature`) reaches Flat with no structured identity",GUESSNAME equations/mod.rs::lookup_parameter_in_scope
Modelica.Fluid.Valves.ValveIncompressible,Fluid.Valves,error,typecheck,ET001,p0a-specialization,19.8,unknown modifier `min` for component `dp_start` of type `Medium.AbsolutePressure`,"ET001 names a selected-package member type; the identical declaration compiles in a shallow standalone model, so the failure is depth dependent, not shape dependent",FIXPOINT constant_extraction.rs bounded-pass recovery
Modelica.Fluid.Valves.ValveVaporizing,Fluid.Valves,error,instantiate,EI007,p0a-specialization,21.5,redeclaration error for `criticalPressure`: selected redeclare class has no such member,EI007 on a redeclare/selection route: redeclaration error for `criticalPressure`: selected redeclare class has no such member,ALIAS override_map.rs alias-path fallback
Modelica.Fluid.Valves.ValveCompressible,Fluid.Valves,error,typecheck,ET001,p0a-specialization,21.3,unknown modifier `min` for component `dp_start` of type `Medium.AbsolutePressure`,"ET001 names a selected-package member type; the identical declaration compiles in a shallow standalone model, so the failure is depth dependent, not shape dependent",FIXPOINT constant_extraction.rs bounded-pass recovery
Modelica.Fluid.Valves.ValveLinear,Fluid.Valves,error,typecheck,ET001,p0a-specialization,20.7,unknown modifier `min` for component `dp_start` of type `Medium.AbsolutePressure`,"ET001 names a selected-package member type; the identical declaration compiles in a shallow standalone model, so the failure is depth dependent, not shape dependent",FIXPOINT constant_extraction.rs bounded-pass recovery
Modelica.Fluid.Valves.ValveDiscrete,Fluid.Valves,error,typecheck,ET001,p0a-specialization,22.9,unknown modifier `min` for component `dp_start` of type `Medium.AbsolutePressure`,"ET001 names a selected-package member type; the identical declaration compiles in a shallow standalone model, so the failure is depth dependent, not shape dependent",FIXPOINT constant_extraction.rs bounded-pass recovery
Modelica.Fluid.Valves.ValveDiscreteRamp,Fluid.Valves,error,typecheck,ET001,p0a-specialization,22.8,unknown modifier `min` for component `dp_start` of type `Medium.AbsolutePressure`,"ET001 names a selected-package member type; the identical declaration compiles in a shallow standalone model, so the failure is depth dependent, not shape dependent",FIXPOINT constant_extraction.rs bounded-pass recovery
Modelica.Fluid.Sources.FixedBoundary,Fluid.Sources,error,instantiate,EI012,p0a-specialization,22.0,cannot instantiate partial class `Medium.BaseProperties` for component `medium`,EI012 instantiates the constraining/partial class for an occurrence the model redeclared to a concrete medium,ALIAS override_map.rs alias-path fallback
Modelica.Fluid.Sources.Boundary_pT,Fluid.Sources,error,instantiate,EI012,p0a-specialization,21.3,cannot instantiate partial class `Medium.BaseProperties` for component `medium`,EI012 instantiates the constraining/partial class for an occurrence the model redeclared to a concrete medium,ALIAS override_map.rs alias-path fallback
Modelica.Fluid.Sources.Boundary_ph,Fluid.Sources,error,instantiate,EI012,p0a-specialization,20.7,cannot instantiate partial class `Medium.BaseProperties` for component `medium`,EI012 instantiates the constraining/partial class for an occurrence the model redeclared to a concrete medium,ALIAS override_map.rs alias-path fallback
Modelica.Fluid.Sources.MassFlowSource_T,Fluid.Sources,error,instantiate,EI012,p0a-specialization,21.1,cannot instantiate partial class `Medium.BaseProperties` for component `medium`,EI012 instantiates the constraining/partial class for an occurrence the model redeclared to a concrete medium,ALIAS override_map.rs alias-path fallback
Modelica.Fluid.Sources.MassFlowSource_h,Fluid.Sources,error,instantiate,EI012,p0a-specialization,21.9,cannot instantiate partial class `Medium.BaseProperties` for component `medium`,EI012 instantiates the constraining/partial class for an occurrence the model redeclared to a concrete medium,ALIAS override_map.rs alias-path fallback
Modelica.Fluid.Sensors.Pressure,Fluid.Sensors,error,typecheck,ET002,p0a-specialization,20.8,"type mismatch: expected `Modelica.Fluid.Interfaces.FluidPort.Medium`, found `Integer`",ET002 reports the replaceable package slot itself as the type of a component declared with one of its member types; reproduced standalone,ALIAS override_map.rs alias-path fallback
Modelica.Fluid.Sensors.Density,Fluid.Sensors,error,typecheck,ET002,p0a-specialization,19.0,"type mismatch: expected `Modelica.Fluid.Interfaces.FluidPort.Medium`, found `Integer`",ET002 reports the replaceable package slot itself as the type of a component declared with one of its member types; reproduced standalone,ALIAS override_map.rs alias-path fallback
Modelica.Fluid.Sensors.DensityTwoPort,Fluid.Sensors,error,typecheck,ET001,p0a-specialization,20.8,unknown modifier `min` for component `m_flow_small` of type `Medium.MassFlowRate`,"ET001 names a selected-package member type; the identical declaration compiles in a shallow standalone model, so the failure is depth dependent, not shape dependent",FIXPOINT constant_extraction.rs bounded-pass recovery
Modelica.Fluid.Sensors.Temperature,Fluid.Sensors,error,typecheck,ET002,p0a-specialization,21.0,"type mismatch: expected `Modelica.Fluid.Interfaces.FluidPort.Medium`, found `Integer`",ET002 reports the replaceable package slot itself as the type of a component declared with one of its member types; reproduced standalone,ALIAS override_map.rs alias-path fallback
Modelica.Fluid.Sensors.TemperatureTwoPort,Fluid.Sensors,error,typecheck,ET001,p0a-specialization,20.4,unknown modifier `min` for component `m_flow_small` of type `Medium.MassFlowRate`,"ET001 names a selected-package member type; the identical declaration compiles in a shallow standalone model, so the failure is depth dependent, not shape dependent",FIXPOINT constant_extraction.rs bounded-pass recovery
Modelica.Fluid.Sensors.SpecificEnthalpy,Fluid.Sensors,error,typecheck,ET002,p0a-specialization,21.7,"type mismatch: expected `Modelica.Fluid.Interfaces.FluidPort.Medium`, found `Integer`",ET002 reports the replaceable package slot itself as the type of a component declared with one of its member types; reproduced standalone,ALIAS override_map.rs alias-path fallback
Modelica.Fluid.Sensors.SpecificEnthalpyTwoPort,Fluid.Sensors,error,typecheck,ET001,p0a-specialization,21.5,unknown modifier `min` for component `m_flow_small` of type `Medium.MassFlowRate`,"ET001 names a selected-package member type; the identical declaration compiles in a shallow standalone model, so the failure is depth dependent, not shape dependent",FIXPOINT constant_extraction.rs bounded-pass recovery
Modelica.Fluid.Sensors.SpecificEntropy,Fluid.Sensors,error,typecheck,ET002,p0a-specialization,21.2,"type mismatch: expected `Modelica.Fluid.Interfaces.FluidPort.Medium`, found `Integer`",ET002 reports the replaceable package slot itself as the type of a component declared with one of its member types; reproduced standalone,ALIAS override_map.rs alias-path fallback
Modelica.Fluid.Sensors.SpecificEntropyTwoPort,Fluid.Sensors,error,typecheck,ET001,p0a-specialization,21.3,unknown modifier `min` for component `m_flow_small` of type `Medium.MassFlowRate`,"ET001 names a selected-package member type; the identical declaration compiles in a shallow standalone model, so the failure is depth dependent, not shape dependent",FIXPOINT constant_extraction.rs bounded-pass recovery
Modelica.Fluid.Sensors.MassFractions,Fluid.Sensors,error,typecheck,ET002,p0a-specialization,20.8,"type mismatch: expected `Modelica.Fluid.Interfaces.FluidPort.Medium`, found `Integer`",ET002 reports the replaceable package slot itself as the type of a component declared with one of its member types; reproduced standalone,ALIAS override_map.rs alias-path fallback
Modelica.Fluid.Sensors.MassFractionsTwoPort,Fluid.Sensors,error,typecheck,ET001,p0a-specialization,20.9,unknown modifier `min` for component `m_flow_small` of type `Medium.MassFlowRate`,"ET001 names a selected-package member type; the identical declaration compiles in a shallow standalone model, so the failure is depth dependent, not shape dependent",FIXPOINT constant_extraction.rs bounded-pass recovery
Modelica.Fluid.Sensors.TraceSubstances,Fluid.Sensors,error,typecheck,ET001,p0a-specialization,20.9,unknown modifier `quantity` for component `CVec` of type `Medium.ExtraProperty`,"ET001 names a selected-package member type; the identical declaration compiles in a shallow standalone model, so the failure is depth dependent, not shape dependent",FIXPOINT constant_extraction.rs bounded-pass recovery
Modelica.Fluid.Sensors.TraceSubstancesTwoPort,Fluid.Sensors,error,typecheck,ET001,p0a-specialization,21.4,unknown modifier `min` for component `m_flow_small` of type `Medium.MassFlowRate`,"ET001 names a selected-package member type; the identical declaration compiles in a shallow standalone model, so the failure is depth dependent, not shape dependent",FIXPOINT constant_extraction.rs bounded-pass recovery
Modelica.Fluid.Sensors.MassFlowRate,Fluid.Sensors,error,typecheck,ET001,p0a-specialization,20.0,unknown modifier `min` for component `m_flow_small` of type `Medium.MassFlowRate`,"ET001 names a selected-package member type; the identical declaration compiles in a shallow standalone model, so the failure is depth dependent, not shape dependent",FIXPOINT constant_extraction.rs bounded-pass recovery
Modelica.Fluid.Sensors.VolumeFlowRate,Fluid.Sensors,error,typecheck,ET001,p0a-specialization,20.2,unknown modifier `min` for component `m_flow_small` of type `Medium.MassFlowRate`,"ET001 names a selected-package member type; the identical declaration compiles in a shallow standalone model, so the failure is depth dependent, not shape dependent",FIXPOINT constant_extraction.rs bounded-pass recovery
Modelica.Fluid.Sensors.RelativePressure,Fluid.Sensors,error,typecheck,ET002,p0a-specialization,20.9,"type mismatch: expected `Modelica.Fluid.Interfaces.FluidPort.Medium`, found `Integer`",ET002 reports the replaceable package slot itself as the type of a component declared with one of its member types; reproduced standalone,ALIAS override_map.rs alias-path fallback
Modelica.Fluid.Sensors.RelativeTemperature,Fluid.Sensors,error,typecheck,ET002,p0a-specialization,21.8,"type mismatch: expected `Modelica.Fluid.Interfaces.FluidPort.Medium`, found `Integer`",ET002 reports the replaceable package slot itself as the type of a component declared with one of its member types; reproduced standalone,ALIAS override_map.rs alias-path fallback
Modelica.Fluid.Sensors.BaseClasses.PartialRelativeSensor,Fluid.Sensors,error,flatten,EF019,p0a-specialization,21.5,"inconsistent resolved function reference: rendered `Modelica.Media.Interfaces.PartialMedium.specificEnthalpy`, structured `specificEnthalpy`",EF019 names a partial interface class as the effective type of a redeclared occurrence,ALIAS override_map.rs alias-path fallback
Modelica.Fluid.Fittings.Bends.CurvedBend,Fluid.Fittings,error,typecheck,ET001,p0a-specialization,21.7,unknown modifier `min` for component `dp_start` of type `Medium.AbsolutePressure`,"ET001 names a selected-package member type; the identical declaration compiles in a shallow standalone model, so the failure is depth dependent, not shape dependent",FIXPOINT constant_extraction.rs bounded-pass recovery
Modelica.Fluid.Fittings.Bends.EdgedBend,Fluid.Fittings,error,typecheck,ET001,p0a-specialization,21.8,unknown modifier `min` for component `dp_start` of type `Medium.AbsolutePressure`,"ET001 names a selected-package member type; the identical declaration compiles in a shallow standalone model, so the failure is depth dependent, not shape dependent",FIXPOINT constant_extraction.rs bounded-pass recovery
Modelica.Fluid.Fittings.Orifices.ThickEdgedOrifice,Fluid.Fittings,error,typecheck,ET001,p0a-specialization,21.4,unknown modifier `min` for component `dp_start` of type `Medium.AbsolutePressure`,"ET001 names a selected-package member type; the identical declaration compiles in a shallow standalone model, so the failure is depth dependent, not shape dependent",FIXPOINT constant_extraction.rs bounded-pass recovery
Modelica.Fluid.Fittings.GenericResistances.VolumeFlowRate,Fluid.Fittings,error,typecheck,ET001,p0a-specialization,21.2,unknown modifier `min` for component `dp_start` of type `Medium.AbsolutePressure`,"ET001 names a selected-package member type; the identical declaration compiles in a shallow standalone model, so the failure is depth dependent, not shape dependent",FIXPOINT constant_extraction.rs bounded-pass recovery
Modelica.Fluid.Fittings.SimpleGenericOrifice,Fluid.Fittings,error,typecheck,ET001,p0a-specialization,22.1,unknown modifier `min` for component `dp_start` of type `Medium.AbsolutePressure`,"ET001 names a selected-package member type; the identical declaration compiles in a shallow standalone model, so the failure is depth dependent, not shape dependent",FIXPOINT constant_extraction.rs bounded-pass recovery
Modelica.Fluid.Fittings.SharpEdgedOrifice,Fluid.Fittings,error,typecheck,ET001,p0a-specialization,21.1,unknown modifier `min` for component `dp_start` of type `Medium.AbsolutePressure`,"ET001 names a selected-package member type; the identical declaration compiles in a shallow standalone model, so the failure is depth dependent, not shape dependent",FIXPOINT constant_extraction.rs bounded-pass recovery
Modelica.Fluid.Fittings.AbruptAdaptor,Fluid.Fittings,error,typecheck,ET001,p0a-specialization,22.0,unknown modifier `min` for component `dp_start` of type `Medium.AbsolutePressure`,"ET001 names a selected-package member type; the identical declaration compiles in a shallow standalone model, so the failure is depth dependent, not shape dependent",FIXPOINT constant_extraction.rs bounded-pass recovery
Modelica.Fluid.Fittings.MultiPort,Fluid.Fittings,error,typecheck,ET001,zero-extent,21.8,unknown member `m_flow` on component reference `ports_b.m_flow` of type `Modelica.Fluid.Interfaces.FluidPorts_b`,"member lookup on a zero-extent connector array whose element type draws its members from a replaceable package; reproduced standalone, where the plain-connector zero-extent array compiles",GUESSNAME equations/mod.rs::lookup_parameter_in_scope
Modelica.Fluid.Fittings.TeeJunctionIdeal,Fluid.Fittings,error,flatten,EF024,p0a-specialization,20.2,flat variable is missing structured identity: nXi,"a member of the selected package (function, record constant or structural constant `nXi`) reaches Flat with no structured identity",GUESSNAME equations/mod.rs::lookup_parameter_in_scope
Modelica.Fluid.Fittings.TeeJunctionVolume,Fluid.Fittings,error,instantiate,EI012,p0a-specialization,22.2,cannot instantiate partial class `Medium.BaseProperties` for component `medium`,EI012 instantiates the constraining/partial class for an occurrence the model redeclared to a concrete medium,ALIAS override_map.rs alias-path fallback
Modelica.Media.Examples.SimpleLiquidWater,Media.Examples,error,dae,ED008,p0a-specialization,21.9,unresolved Flat reference `Modelica.Media.Interfaces.PartialSimpleMedium.eta_const`,ED008 names a partial interface class as the effective type of a redeclared occurrence,ALIAS override_map.rs alias-path fallback
Modelica.Media.Examples.IdealGasH2O,Media.Examples,error,dae,ED008,genuinely-new,23.5,unresolved Flat reference `Modelica.Media.IdealGases.Common.SingleGasNasa.data.name`,"member read off a package-level constant of record type; reproduced standalone, where a scalar package constant resolves and every record-constant member does not",FIXPOINT constant_extraction.rs bounded-pass recovery
Modelica.Media.Examples.WaterIF97,Media.Examples,error,flatten,EF024,p0a-specialization,23.2,flat variable is missing structured identity: molarMass,"a member of the selected package (function, record constant or structural constant `molarMass`) reaches Flat with no structured identity",GUESSNAME equations/mod.rs::lookup_parameter_in_scope
Modelica.Media.Examples.MixtureGases,Media.Examples,error,flatten,EF025,p0a-specialization,22.9,missing exact function-selection identity for `Medium1.specificHeatCapacityCp`: function source package has multiple exact override package selections,EF025 ambiguous effective function selection under redeclare: function source package has multiple exact override package selections,SIGWALK function_signatures.rs depth-capped signature walk
Modelica.Media.Examples.MoistAir,Media.Examples,error,flatten,EF019,p0a-specialization,25.0,"inconsistent resolved function reference: rendered `Modelica.Media.Interfaces.PartialMedium.specificEnthalpy`, structured `specificEnthalpy`",EF019 names a partial interface class as the effective type of a redeclared occurrence,ALIAS override_map.rs alias-path fallback
Modelica.Media.Examples.PsychrometricData,Media.Examples,error,flatten,EF019,p0a-specialization,25.1,"inconsistent resolved function reference: rendered `Modelica.Media.Interfaces.PartialMedium.specificEnthalpy`, structured `specificEnthalpy`",EF019 names a partial interface class as the effective type of a redeclared occurrence,ALIAS override_map.rs alias-path fallback
Modelica.Media.Examples.TwoPhaseWater.ExtendedProperties,Media.Examples,error,flatten,EF024,p0a-specialization,22.7,flat variable is missing structured identity: molarMass,"a member of the selected package (function, record constant or structural constant `molarMass`) reaches Flat with no structured identity",GUESSNAME equations/mod.rs::lookup_parameter_in_scope
Modelica.Media.Examples.TwoPhaseWater.TestTwoPhaseStates,Media.Examples,error,flatten,EF024,p0a-specialization,22.6,flat variable is missing structured identity: molarMass,"a member of the selected package (function, record constant or structural constant `molarMass`) reaches Flat with no structured identity",GUESSNAME equations/mod.rs::lookup_parameter_in_scope
Modelica.Media.Examples.ReferenceAir.DryAir1,Media.Examples,error,flatten,EF019,p0a-specialization,22.9,"inconsistent resolved function reference: rendered `Modelica.Media.Interfaces.PartialMedium.specificEnthalpy`, structured `specificEnthalpy`",EF019 names a partial interface class as the effective type of a redeclared occurrence,ALIAS override_map.rs alias-path fallback
Modelica.Media.Examples.ReferenceAir.DryAir2,Media.Examples,error,dae,ED008,genuinely-new,22.9,unresolved Flat reference `Modelica.Media.Air.ReferenceAir.Air_Utilities.Basic.Constants.h_off`,"member read off a package-level constant of record type; reproduced standalone, where a scalar package constant resolves and every record-constant member does not",FIXPOINT constant_extraction.rs bounded-pass recovery
Modelica.Media.Examples.ReferenceAir.MoistAir,Media.Examples,error,flatten,EF019,p0a-specialization,22.5,"inconsistent resolved function reference: rendered `Modelica.Media.Interfaces.PartialMedium.specificEnthalpy`, structured `specificEnthalpy`",EF019 names a partial interface class as the effective type of a redeclared occurrence,ALIAS override_map.rs alias-path fallback
Modelica.Media.Examples.ReferenceAir.MoistAir1,Media.Examples,error,flatten,EF019,p0a-specialization,23.2,"inconsistent resolved function reference: rendered `Modelica.Media.Interfaces.PartialMedium.specificEnthalpy`, structured `specificEnthalpy`",EF019 names a partial interface class as the effective type of a redeclared occurrence,ALIAS override_map.rs alias-path fallback
Modelica.Media.Examples.ReferenceAir.MoistAir2,Media.Examples,error,flatten,EF019,p0a-specialization,25.2,"inconsistent resolved function reference: rendered `Modelica.Media.Interfaces.PartialMedium.specificEnthalpy`, structured `specificEnthalpy`",EF019 names a partial interface class as the effective type of a redeclared occurrence,ALIAS override_map.rs alias-path fallback
Modelica.Media.Examples.ReferenceAir.Inverse_sh_T,Media.Examples,error,dae,ED008,genuinely-new,22.3,unresolved Flat reference `Modelica.Media.Air.ReferenceAir.Air_Utilities.Basic.Constants.h_off`,"member read off a package-level constant of record type; reproduced standalone, where a scalar package constant resolves and every record-constant member does not",FIXPOINT constant_extraction.rs bounded-pass recovery
Modelica.Media.Examples.ReferenceAir.Inverse_sh_TX,Media.Examples,error,dae,ED019,genuinely-new,22.8,unsupported Flat semantic owner `parameter binding`: `h_min` cannot be evaluated: division by zero,the structural evaluator fails on a parameter binding whose operands it has mistyped,FIXPOINT constant_extraction.rs bounded-pass recovery
Modelica.Media.Examples.R134a.R134a1,Media.Examples,error,flatten,EF019,p0a-specialization,22.7,"inconsistent resolved function reference: rendered `Modelica.Media.Interfaces.PartialTwoPhaseMedium.saturationTemperature`, structured `saturationTemperature`",EF019 names a partial interface class as the effective type of a redeclared occurrence,ALIAS override_map.rs alias-path fallback
Modelica.Media.Examples.R134a.R134a2,Media.Examples,error,flatten,EF019,p0a-specialization,22.7,"inconsistent resolved function reference: rendered `Modelica.Media.Interfaces.PartialTwoPhaseMedium.saturationTemperature`, structured `saturationTemperature`",EF019 names a partial interface class as the effective type of a redeclared occurrence,ALIAS override_map.rs alias-path fallback
Modelica.Media.Examples.SolveOneNonlinearEquation.Inverse_sine,Media.Examples,error,dae,ED019,declared-unsupported,21.4,"unsupported Flat semantic owner `function partial application`: MLS §12.4.2.1 partial application of `f_nonlinear` binds 3 of 4 formal parameters and denotes a function value, which the canonical DAE has no value shape for","ED019 rejects a named MLS construct the compiler does not yet represent, rather than miscompiling it",
Modelica.Media.Examples.SolveOneNonlinearEquation.Inverse_sh_T,Media.Examples,error,dae,ED019,genuinely-new,19.1,"unsupported Flat semantic owner `parameter binding`: `h_min` cannot be evaluated: type mismatch: expected comparable, got Integer < Enumeration",the structural evaluator fails on a parameter binding whose operands it has mistyped,FIXPOINT constant_extraction.rs bounded-pass recovery
Modelica.Media.Examples.SolveOneNonlinearEquation.InverseIncompressible_sh_T,Media.Examples,error,flatten,EF016,p0a-specialization,17.7,invalid call of function `Modelica.Media.Interfaces.PartialMedium.ThermodynamicState`: named argument `p` does not match any input,EF016 names a partial interface class as the effective type of a redeclared occurrence,ALIAS override_map.rs alias-path fallback
Modelica.Media.Examples.SolveOneNonlinearEquation.Inverse_sh_TX,Media.Examples,error,flatten,EF015,p0a-specialization,17.7,missing resolved class metadata for `Modelica.Media.IdealGases.Common.MixtureGasNasa.ThermodynamicState` (one exact record layout for the constructor declaration),EF015 on a redeclare/selection route: missing resolved class metadata for `Modelica.Media.IdealGases.Common.MixtureGasNasa.ThermodynamicState` (one exact record layout for the constructor ,ALIAS override_map.rs alias-path fallback
Modelica.Media.Examples.Utilities.PortVolume,Media.Examples,error,instantiate,EI012,p0a-specialization,17.4,cannot instantiate partial class `Medium.BaseProperties` for component `medium`,EI012 instantiates the constraining/partial class for an occurrence the model redeclared to a concrete medium,ALIAS override_map.rs alias-path fallback
Modelica.Media.Examples.Utilities.FixedMassFlowRate,Media.Examples,error,instantiate,EI012,p0a-specialization,15.8,cannot instantiate partial class `Medium.BaseProperties` for component `medium`,EI012 instantiates the constraining/partial class for an occurrence the model redeclared to a concrete medium,ALIAS override_map.rs alias-path fallback
Modelica.Media.Examples.Utilities.FixedAmbient,Media.Examples,error,instantiate,EI012,p0a-specialization,12.9,cannot instantiate partial class `Medium.BaseProperties` for component `medium`,EI012 instantiates the constraining/partial class for an occurrence the model redeclared to a concrete medium,ALIAS override_map.rs alias-path fallback
Modelica.Media.Examples.Utilities.ShortPipe,Media.Examples,ok,,,,11.3,,,
