Fluid.Examples	Modelica.Fluid.Examples.AST_BatchPlant.BatchPlant_StandardWater
Fluid.Examples	Modelica.Fluid.Examples.AST_BatchPlant.BaseClasses.TankWith3InletOutletArraysWithEvaporatorCondensor
Fluid.Examples	Modelica.Fluid.Examples.AST_BatchPlant.BaseClasses.InnerTank
Fluid.Examples	Modelica.Fluid.Examples.AST_BatchPlant.BaseClasses.Controller
Fluid.Examples	Modelica.Fluid.Examples.AST_BatchPlant.BaseClasses.TankWithTopPorts
Fluid.Examples	Modelica.Fluid.Examples.AST_BatchPlant.Test.OneTank
Fluid.Examples	Modelica.Fluid.Examples.AST_BatchPlant.Test.TwoTanks
Fluid.Examples	Modelica.Fluid.Examples.AST_BatchPlant.Test.TankWithEmptyingPipe1
Fluid.Examples	Modelica.Fluid.Examples.AST_BatchPlant.Test.TankWithEmptyingPipe2
Fluid.Examples	Modelica.Fluid.Examples.AST_BatchPlant.Test.TanksWithEmptyingPipe1
Fluid.Examples	Modelica.Fluid.Examples.AST_BatchPlant.Test.TanksWithEmptyingPipe2
Fluid.Examples	Modelica.Fluid.Examples.BranchingDynamicPipes
Fluid.Examples	Modelica.Fluid.Examples.ControlledTankSystem.ControlledTanks
Fluid.Examples	Modelica.Fluid.Examples.ControlledTankSystem.Utilities.TankController
Fluid.Examples	Modelica.Fluid.Examples.ControlledTankSystem.Utilities.NormalOperation
Fluid.Examples	Modelica.Fluid.Examples.DrumBoiler.DrumBoiler
Fluid.Examples	Modelica.Fluid.Examples.DrumBoiler.BaseClasses.EquilibriumDrumBoiler
Fluid.Examples	Modelica.Fluid.Examples.Explanatory.MeasuringTemperature
Fluid.Examples	Modelica.Fluid.Examples.Explanatory.MomentumBalanceFittings
Fluid.Examples	Modelica.Fluid.Examples.HeatExchanger.HeatExchangerSimulation
Fluid.Examples	Modelica.Fluid.Examples.HeatExchanger.BaseClasses.BasicHX
Fluid.Examples	Modelica.Fluid.Examples.HeatExchanger.BaseClasses.WallConstProps
Fluid.Examples	Modelica.Fluid.Examples.HeatingSystem
Fluid.Examples	Modelica.Fluid.Examples.IncompressibleFluidNetwork
Fluid.Examples	Modelica.Fluid.Examples.InverseParameterization
Fluid.Examples	Modelica.Fluid.Examples.NonCircularPipes
Fluid.Examples	Modelica.Fluid.Examples.PumpingSystem
Fluid.Examples	Modelica.Fluid.Examples.Tanks.ThreeTanks
Fluid.Examples	Modelica.Fluid.Examples.Tanks.TanksWithOverflow
Fluid.Examples	Modelica.Fluid.Examples.Tanks.EmptyTanks
Fluid.Examples	Modelica.Fluid.Examples.TraceSubstances.RoomCO2
Fluid.Examples	Modelica.Fluid.Examples.TraceSubstances.RoomCO2WithControls
Fluid.Vessels	Modelica.Fluid.Vessels.ClosedVolume
Fluid.Vessels	Modelica.Fluid.Vessels.OpenTank
Fluid.Vessels	Modelica.Fluid.Vessels.BaseClasses.HeatTransfer.IdealHeatTransfer
Fluid.Vessels	Modelica.Fluid.Vessels.BaseClasses.HeatTransfer.ConstantHeatTransfer
Fluid.Machines	Modelica.Fluid.Machines.SweptVolume
Fluid.Machines	Modelica.Fluid.Machines.Pump
Fluid.Machines	Modelica.Fluid.Machines.ControlledPump
Fluid.Machines	Modelica.Fluid.Machines.PrescribedPump
Fluid.Machines	Modelica.Fluid.Machines.BaseClasses.PumpMonitoring.PumpMonitoringBase
Fluid.Machines	Modelica.Fluid.Machines.BaseClasses.PumpMonitoring.PumpMonitoringNPSH
Fluid.Pipes	Modelica.Fluid.Pipes.StaticPipe
Fluid.Pipes	Modelica.Fluid.Pipes.DynamicPipe
Fluid.Pipes	Modelica.Fluid.Pipes.BaseClasses.FlowModels.NominalLaminarFlow
Fluid.Pipes	Modelica.Fluid.Pipes.BaseClasses.FlowModels.NominalTurbulentPipeFlow
Fluid.Pipes	Modelica.Fluid.Pipes.BaseClasses.FlowModels.TurbulentPipeFlow
Fluid.Pipes	Modelica.Fluid.Pipes.BaseClasses.FlowModels.DetailedPipeFlow
Fluid.Pipes	Modelica.Fluid.Pipes.BaseClasses.HeatTransfer.IdealFlowHeatTransfer
Fluid.Pipes	Modelica.Fluid.Pipes.BaseClasses.HeatTransfer.ConstantFlowHeatTransfer
Fluid.Pipes	Modelica.Fluid.Pipes.BaseClasses.HeatTransfer.LocalPipeFlowHeatTransfer
Fluid.Valves	Modelica.Fluid.Valves.ValveIncompressible
Fluid.Valves	Modelica.Fluid.Valves.ValveVaporizing
Fluid.Valves	Modelica.Fluid.Valves.ValveCompressible
Fluid.Valves	Modelica.Fluid.Valves.ValveLinear
Fluid.Valves	Modelica.Fluid.Valves.ValveDiscrete
Fluid.Valves	Modelica.Fluid.Valves.ValveDiscreteRamp
Fluid.Sources	Modelica.Fluid.Sources.FixedBoundary
Fluid.Sources	Modelica.Fluid.Sources.Boundary_pT
Fluid.Sources	Modelica.Fluid.Sources.Boundary_ph
Fluid.Sources	Modelica.Fluid.Sources.MassFlowSource_T
Fluid.Sources	Modelica.Fluid.Sources.MassFlowSource_h
Fluid.Sensors	Modelica.Fluid.Sensors.Pressure
Fluid.Sensors	Modelica.Fluid.Sensors.Density
Fluid.Sensors	Modelica.Fluid.Sensors.DensityTwoPort
Fluid.Sensors	Modelica.Fluid.Sensors.Temperature
Fluid.Sensors	Modelica.Fluid.Sensors.TemperatureTwoPort
Fluid.Sensors	Modelica.Fluid.Sensors.SpecificEnthalpy
Fluid.Sensors	Modelica.Fluid.Sensors.SpecificEnthalpyTwoPort
Fluid.Sensors	Modelica.Fluid.Sensors.SpecificEntropy
Fluid.Sensors	Modelica.Fluid.Sensors.SpecificEntropyTwoPort
Fluid.Sensors	Modelica.Fluid.Sensors.MassFractions
Fluid.Sensors	Modelica.Fluid.Sensors.MassFractionsTwoPort
Fluid.Sensors	Modelica.Fluid.Sensors.TraceSubstances
Fluid.Sensors	Modelica.Fluid.Sensors.TraceSubstancesTwoPort
Fluid.Sensors	Modelica.Fluid.Sensors.MassFlowRate
Fluid.Sensors	Modelica.Fluid.Sensors.VolumeFlowRate
Fluid.Sensors	Modelica.Fluid.Sensors.RelativePressure
Fluid.Sensors	Modelica.Fluid.Sensors.RelativeTemperature
Fluid.Sensors	Modelica.Fluid.Sensors.BaseClasses.PartialRelativeSensor
Fluid.Fittings	Modelica.Fluid.Fittings.Bends.CurvedBend
Fluid.Fittings	Modelica.Fluid.Fittings.Bends.EdgedBend
Fluid.Fittings	Modelica.Fluid.Fittings.Orifices.ThickEdgedOrifice
Fluid.Fittings	Modelica.Fluid.Fittings.GenericResistances.VolumeFlowRate
Fluid.Fittings	Modelica.Fluid.Fittings.SimpleGenericOrifice
Fluid.Fittings	Modelica.Fluid.Fittings.SharpEdgedOrifice
Fluid.Fittings	Modelica.Fluid.Fittings.AbruptAdaptor
Fluid.Fittings	Modelica.Fluid.Fittings.MultiPort
Fluid.Fittings	Modelica.Fluid.Fittings.TeeJunctionIdeal
Fluid.Fittings	Modelica.Fluid.Fittings.TeeJunctionVolume
Media.Examples	Modelica.Media.Examples.SimpleLiquidWater
Media.Examples	Modelica.Media.Examples.IdealGasH2O
Media.Examples	Modelica.Media.Examples.WaterIF97
Media.Examples	Modelica.Media.Examples.MixtureGases
Media.Examples	Modelica.Media.Examples.MoistAir
Media.Examples	Modelica.Media.Examples.PsychrometricData
Media.Examples	Modelica.Media.Examples.TwoPhaseWater.ExtendedProperties
Media.Examples	Modelica.Media.Examples.TwoPhaseWater.TestTwoPhaseStates
Media.Examples	Modelica.Media.Examples.ReferenceAir.DryAir1
Media.Examples	Modelica.Media.Examples.ReferenceAir.DryAir2
Media.Examples	Modelica.Media.Examples.ReferenceAir.MoistAir
Media.Examples	Modelica.Media.Examples.ReferenceAir.MoistAir1
Media.Examples	Modelica.Media.Examples.ReferenceAir.MoistAir2
Media.Examples	Modelica.Media.Examples.ReferenceAir.Inverse_sh_T
Media.Examples	Modelica.Media.Examples.ReferenceAir.Inverse_sh_TX
Media.Examples	Modelica.Media.Examples.R134a.R134a1
Media.Examples	Modelica.Media.Examples.R134a.R134a2
Media.Examples	Modelica.Media.Examples.SolveOneNonlinearEquation.Inverse_sine
Media.Examples	Modelica.Media.Examples.SolveOneNonlinearEquation.Inverse_sh_T
Media.Examples	Modelica.Media.Examples.SolveOneNonlinearEquation.InverseIncompressible_sh_T
Media.Examples	Modelica.Media.Examples.SolveOneNonlinearEquation.Inverse_sh_TX
Media.Examples	Modelica.Media.Examples.Utilities.PortVolume
Media.Examples	Modelica.Media.Examples.Utilities.FixedMassFlowRate
Media.Examples	Modelica.Media.Examples.Utilities.FixedAmbient
Media.Examples	Modelica.Media.Examples.Utilities.ShortPipe
