capture,estimator,scenario,cpu_ms,imu_ticks,cpu_us_per_imu_tick,state_bytes,buffer_bytes,transport_bytes
20271009-0.45-2m,horizon,gps,1566.742659,133601,11.72702793392265,173772,10488,107552
20271009-0.45-2m,retrodiction,gps,815.353509,133601,6.102899746259384,129992,0,107552
20271009-0.45-2m,horizon_joint,gps,2067.421868,133601,15.474598753003345,173772,10488,107552
20271009-0.45-2m,retrodiction_joint,gps,1243.506838,133601,9.307616245387385,129992,0,107552
20271009-0.45-2m,horizon,denied,1455.92525,133601,10.897562518244623,173772,10488,107552
20271009-0.45-2m,retrodiction,denied,755.66914,133601,5.656163801169153,129992,0,107552
20271009-0.45-2m,horizon_joint,denied,1776.362788,133601,13.296029131518477,173772,10488,107552
20271009-0.45-2m,retrodiction_joint,denied,1087.947028,133601,8.143255125335887,129992,0,107552
20271009-0.45-2m,horizon,transition,1577.174128,133601,11.805107207281383,173772,10488,107552
20271009-0.45-2m,retrodiction,transition,835.156868,133601,6.251127371801109,129992,0,107552
20271009-0.45-2m,horizon_joint,transition,2063.408307,133601,15.444557353612623,173772,10488,107552
20271009-0.45-2m,retrodiction_joint,transition,1237.59258,133601,9.263348178531597,129992,0,107552
20271009-0.45-4m,horizon,gps,1589.308839,133601,11.895935202580818,173772,10488,107552
20271009-0.45-4m,retrodiction,gps,834.522339,133601,6.246377938787883,129992,0,107552
20271009-0.45-4m,horizon_joint,gps,2074.516728,133601,15.527703595032971,173772,10488,107552
20271009-0.45-4m,retrodiction_joint,gps,1231.475288,133601,9.21756040748198,129992,0,107552
20271009-0.45-4m,horizon,denied,1429.005508,133601,10.696068951579704,173772,10488,107552
20271009-0.45-4m,retrodiction,denied,762.21351,133601,5.705148239908384,129992,0,107552
20271009-0.45-4m,horizon_joint,denied,1792.728969,133601,13.41852956938945,173772,10488,107552
20271009-0.45-4m,retrodiction_joint,denied,1097.090589,133601,8.211694440909874,129992,0,107552
20271009-0.45-4m,horizon,transition,1596.211957,133601,11.947604860742059,173772,10488,107552
20271009-0.45-4m,retrodiction,transition,813.55711,133601,6.089453746603692,129992,0,107552
20271009-0.45-4m,horizon_joint,transition,2088.108287,133601,15.629436059610333,173772,10488,107552
20271009-0.45-4m,retrodiction_joint,transition,1227.549419,133601,9.1881753804238,129992,0,107552
20271009-0.85-2m,horizon,gps,1613.718149,133601,12.078638251210695,173772,10488,107552
20271009-0.85-2m,retrodiction,gps,845.046279,133601,6.325149355169498,129992,0,107552
20271009-0.85-2m,horizon_joint,gps,2117.846839,133601,15.852028345596215,173772,10488,107552
20271009-0.85-2m,retrodiction_joint,gps,1221.025779,133601,9.139346105193823,129992,0,107552
20271009-0.85-2m,horizon,denied,1448.354919,133601,10.840898788182724,173772,10488,107552
20271009-0.85-2m,retrodiction,denied,763.33013,133601,5.713506111481202,129992,0,107552
20271009-0.85-2m,horizon_joint,denied,1783.011689,133601,13.345795982066,173772,10488,107552
20271009-0.85-2m,retrodiction_joint,denied,1080.482657,133601,8.087384503110007,129992,0,107552
20271009-0.85-2m,horizon,transition,1653.061577,133601,12.373122783512098,173772,10488,107552
20271009-0.85-2m,retrodiction,transition,814.384979,133601,6.0956503244736195,129992,0,107552
20271009-0.85-2m,horizon_joint,transition,2101.905869,133601,15.732710600968556,173772,10488,107552
20271009-0.85-2m,retrodiction_joint,transition,1217.761248,133601,9.114911175814552,129992,0,107552
20271009-0.85-4m,horizon,gps,1582.738297,133601,11.846754867104288,173772,10488,107552
20271009-0.85-4m,retrodiction,gps,828.720349,133601,6.20295019498357,129992,0,107552
20271009-0.85-4m,horizon_joint,gps,2098.063008,133601,15.7039468866251,173772,10488,107552
20271009-0.85-4m,retrodiction_joint,gps,1258.948759,133601,9.423198621267806,129992,0,107552
20271009-0.85-4m,horizon,denied,1456.07914,133601,10.898714380880383,173772,10488,107552
20271009-0.85-4m,retrodiction,denied,752.50433,133601,5.632475280873646,129992,0,107552
20271009-0.85-4m,horizon_joint,denied,1767.688579,133601,13.23110290342138,173772,10488,107552
20271009-0.85-4m,retrodiction_joint,denied,1096.609448,133601,8.2080931130755,129992,0,107552
20271009-0.85-4m,horizon,transition,1565.187959,133601,11.715391044977208,173772,10488,107552
20271009-0.85-4m,retrodiction,transition,826.657499,133601,6.187509816543289,129992,0,107552
20271009-0.85-4m,horizon_joint,transition,2069.888577,133601,15.49306200552391,173772,10488,107552
20271009-0.85-4m,retrodiction_joint,transition,1227.13464,133601,9.185070770428364,129992,0,107552
20271010-0.45-2m,horizon,gps,1584.737118,133601,11.861715990149774,173772,10488,107552
20271010-0.45-2m,retrodiction,gps,827.55008,133601,6.194190762045194,129992,0,107552
20271010-0.45-2m,horizon_joint,gps,2104.281568,133601,15.750492646013129,173772,10488,107552
20271010-0.45-2m,retrodiction_joint,gps,1267.119398,133601,9.484355641050591,129992,0,107552
20271010-0.45-2m,horizon,denied,1457.899088,133601,10.912336644186794,173772,10488,107552
20271010-0.45-2m,retrodiction,denied,757.699339,133601,5.67135978772614,129992,0,107552
20271010-0.45-2m,horizon_joint,denied,1785.787297,133601,13.366571335543895,173772,10488,107552
20271010-0.45-2m,retrodiction_joint,denied,1083.492448,133601,8.109912710234205,129992,0,107552
20271010-0.45-2m,horizon,transition,1597.405479,133601,11.956538341778877,173772,10488,107552
20271010-0.45-2m,retrodiction,transition,835.15995,133601,6.251150440490715,129992,0,107552
20271010-0.45-2m,horizon_joint,transition,2074.362807,133601,15.52655150036302,173772,10488,107552
20271010-0.45-2m,retrodiction_joint,transition,1215.295388,133601,9.096454278036841,129992,0,107552
20271010-0.45-4m,horizon,gps,1600.009937,133601,11.976032641971242,173772,10488,107552
20271010-0.45-4m,retrodiction,gps,832.975918,133601,6.234803017941482,129992,0,107552
20271010-0.45-4m,horizon_joint,gps,2070.403738,133601,15.496917972170868,173772,10488,107552
20271010-0.45-4m,retrodiction_joint,gps,1239.892699,133601,9.280564509247686,129992,0,107552
20271010-0.45-4m,horizon,denied,1457.874298,133601,10.912151091683445,173772,10488,107552
20271010-0.45-4m,retrodiction,denied,749.04869,133601,5.606609905614478,129992,0,107552
20271010-0.45-4m,horizon_joint,denied,1779.489778,133601,13.319434570100524,173772,10488,107552
20271010-0.45-4m,retrodiction_joint,denied,1074.877658,133601,8.045431231802157,129992,0,107552
20271010-0.45-4m,horizon,transition,1594.205118,133601,11.932583723175725,173772,10488,107552
20271010-0.45-4m,retrodiction,transition,836.72024,133601,6.262829170440341,129992,0,107552
20271010-0.45-4m,horizon_joint,transition,2058.710978,133601,15.40939796857808,173772,10488,107552
20271010-0.45-4m,retrodiction_joint,transition,1219.891737,133601,9.13085783040546,129992,0,107552
20271010-0.85-2m,horizon,gps,1574.069258,133601,11.781867336322334,173772,10488,107552
20271010-0.85-2m,retrodiction,gps,831.262999,133601,6.221981863908204,129992,0,107552
20271010-0.85-2m,horizon_joint,gps,2141.288058,133601,16.027485258343876,173772,10488,107552
20271010-0.85-2m,retrodiction_joint,gps,1237.889679,133601,9.26557195679673,129992,0,107552
20271010-0.85-2m,horizon,denied,1590.724338,133601,11.906530175672339,173772,10488,107552
20271010-0.85-2m,retrodiction,denied,760.178939,133601,5.689919529045441,129992,0,107552
20271010-0.85-2m,horizon_joint,denied,1776.775056,133601,13.29911494674441,173772,10488,107552
20271010-0.85-2m,retrodiction_joint,denied,1109.204637,133601,8.302367774193305,129992,0,107552
20271010-0.85-2m,horizon,transition,1616.244918,133601,12.097551051264587,173772,10488,107552
20271010-0.85-2m,retrodiction,transition,832.47914,133601,6.231084647570004,129992,0,107552
20271010-0.85-2m,horizon_joint,transition,2083.762617,133601,15.596908833017716,173772,10488,107552
20271010-0.85-2m,retrodiction_joint,transition,1240.259549,133601,9.283310371928353,129992,0,107552
20271010-0.85-4m,horizon,gps,1574.145369,133601,11.782437025171966,173772,10488,107552
20271010-0.85-4m,retrodiction,gps,850.58577,133601,6.366612300806131,129992,0,107552
20271010-0.85-4m,horizon_joint,gps,2078.777546,133601,15.559595706618962,173772,10488,107552
20271010-0.85-4m,retrodiction_joint,gps,1249.073168,133601,9.349280080238922,129992,0,107552
20271010-0.85-4m,horizon,denied,1465.893328,133601,10.972173322055973,173772,10488,107552
20271010-0.85-4m,retrodiction,denied,759.930959,133601,5.688063405214033,129992,0,107552
20271010-0.85-4m,horizon_joint,denied,1771.034227,133601,13.256144991429705,173772,10488,107552
20271010-0.85-4m,retrodiction_joint,denied,1079.502809,133601,8.080050366389473,129992,0,107552
20271010-0.85-4m,horizon,transition,1579.039027,133601,11.819065927650243,173772,10488,107552
20271010-0.85-4m,retrodiction,transition,832.267219,133601,6.229498424412991,129992,0,107552
20271010-0.85-4m,horizon_joint,transition,2133.125179,133601,15.966386321958668,173772,10488,107552
20271010-0.85-4m,retrodiction_joint,transition,1235.13499,133601,9.244953181488164,129992,0,107552
