estimator,scenario,sensor,axis,stage,navigation,window,captures,invalid_captures,median_capture_mean_scalar_nis,minimum_capture_mean_scalar_nis,maximum_capture_mean_scalar_nis,observed_rows,invalid_rows,fused_rows,rejected_rows
ekf3,denied,barometer,0,fusion,True,after_return,8,0,1.0249603700821246,0.9619878882243802,1.0831675452529839,1576,0,1576,0
ekf3,denied,barometer,0,fusion,True,before_takeoff,8,0,0.7704311036193068,0.7607823114878556,0.7800798957507581,240,0,240,0
ekf3,denied,barometer,0,fusion,True,flight,8,0,0.9295209849541137,0.9007998957633727,0.9559205706873177,3736,0,3736,0
ekf3,denied,barometer,0,fusion,True,outage,8,0,0.960195148665356,0.9111252496946819,1.0135140439803374,1200,0,1200,0
ekf3,denied,mag_heading,0,fusion,True,after_return,4,0,1.0461925185175178,0.997225693197449,1.099305666141682,788,0,788,0
ekf3,denied,mag_heading,0,fusion,True,before_takeoff,8,0,0.8543845976180606,0.7485959562333833,0.9601732390027379,240,0,240,0
ekf3,denied,mag_heading,0,fusion,True,flight,8,0,1.04959241606833,0.49056036600732594,1.3809506918973846,1944,0,1944,0
ekf3,denied,mag_heading,0,fusion,True,outage,4,0,1.0644880960599057,1.0458396106997265,1.0837516594143284,600,0,600,0
ekf3,denied,mag_heading,0,gate,True,after_return,4,0,1.0461925185175178,0.997225693197449,1.099305666141682,788,0,0,0
ekf3,denied,mag_heading,0,gate,True,before_takeoff,8,0,0.8543845976180606,0.7485959562333833,0.9601732390027379,240,0,0,0
ekf3,denied,mag_heading,0,gate,True,flight,8,0,1.04959241606833,0.49056036600732594,1.3809506918973846,1944,0,0,0
ekf3,denied,mag_heading,0,gate,True,outage,4,0,1.0644880960599057,1.0458396106997265,1.0837516594143284,600,0,0,0
ekf3,denied,optical_flow,0,fusion,True,after_return,8,0,0.924528144174868,0.8126155571390146,1.0877428382772032,1572,0,1572,0
ekf3,denied,optical_flow,0,fusion,True,before_takeoff,8,0,0.9211268896204039,0.5837663867406773,1.2584873925001305,240,0,240,0
ekf3,denied,optical_flow,0,fusion,True,flight,8,0,0.9953272334664557,0.9330500192351976,1.0537132111282264,3720,0,3720,0
ekf3,denied,optical_flow,0,fusion,True,outage,8,0,0.916286003743128,0.8779891930087329,1.0006800891054919,1198,0,1198,0
ekf3,denied,optical_flow,0,gate,True,after_return,8,0,0.96386169300901,0.8126155571390146,1.0927621909933423,1576,0,0,0
ekf3,denied,optical_flow,0,gate,True,before_takeoff,8,0,0.9211268896204039,0.5837663867406773,1.2584873925001305,240,0,0,0
ekf3,denied,optical_flow,0,gate,True,flight,8,0,1.048646600759287,0.9561698411941474,1.088772730098173,3736,0,0,0
ekf3,denied,optical_flow,0,gate,True,outage,8,0,0.9433574013225238,0.8779891930087329,1.0208979296126242,1200,0,0,0
ekf3,denied,optical_flow,1,fusion,True,after_return,8,0,0.9207819269597597,0.9070935871281902,0.9596591514702453,1571,0,1571,0
ekf3,denied,optical_flow,1,fusion,True,before_takeoff,8,0,1.2505517362501455,1.094197671486452,1.4069058010138389,240,0,240,0
ekf3,denied,optical_flow,1,fusion,True,flight,8,0,0.9575455747424213,0.8983816166988496,0.9895974943566354,3721,0,3721,0
ekf3,denied,optical_flow,1,fusion,True,outage,8,0,0.9861472966447964,0.9448439312155514,1.0178651990541858,1195,0,1195,0
ekf3,denied,optical_flow,1,gate,True,after_return,8,0,0.9591885833883991,0.9396410144255709,0.9710598724305288,1576,0,0,0
ekf3,denied,optical_flow,1,gate,True,before_takeoff,8,0,1.2505517362501455,1.094197671486452,1.4069058010138389,240,0,0,0
ekf3,denied,optical_flow,1,gate,True,flight,8,0,0.984665837848524,0.9666494663013456,1.018436413762388,3736,0,0,0
ekf3,denied,optical_flow,1,gate,True,outage,8,0,1.0243395970342672,0.9948919827803913,1.0637582072207572,1200,0,0,0
ekf3,gps,barometer,0,fusion,True,after_return,8,0,1.0259193126239825,0.9911616337062362,1.060629001215303,1576,0,1576,0
ekf3,gps,barometer,0,fusion,True,before_takeoff,8,0,0.7891638522228897,0.7578024252549052,0.820525279190874,240,0,240,0
ekf3,gps,barometer,0,fusion,True,flight,8,0,0.9423645692855767,0.9237762737230961,0.9581435495501073,3736,0,3736,0
ekf3,gps,barometer,0,fusion,True,outage,8,0,0.9895936274470585,0.9435708573938539,1.0354507385906557,1200,0,1200,0
ekf3,gps,gps_position,0,fusion,True,after_return,8,0,1.0433809337926911,1.0186776534611386,1.067965490021357,1576,0,1576,0
ekf3,gps,gps_position,0,fusion,True,before_takeoff,8,0,0.8266428725549175,0.7505743063805764,0.9027114387292586,240,0,240,0
ekf3,gps,gps_position,0,fusion,True,flight,8,0,1.022417886364912,0.9584975877871189,1.0887613203627502,3736,0,3736,0
ekf3,gps,gps_position,0,fusion,True,outage,8,0,1.0598993807474821,0.9850437056461029,1.1334992434486972,1200,0,1200,0
ekf3,gps,gps_position,1,fusion,True,after_return,8,0,1.0628075316102792,1.0518735266929111,1.0724124215669542,1576,0,1576,0
ekf3,gps,gps_position,1,fusion,True,before_takeoff,8,0,1.243832224283488,0.9697029053034183,1.5179615432635578,240,0,240,0
ekf3,gps,gps_position,1,fusion,True,flight,8,0,1.0425893220635856,0.9787715490994132,1.1094140584291476,3736,0,3736,0
ekf3,gps,gps_position,1,fusion,True,outage,8,0,1.0835019057516917,1.0386495178247288,1.1276754491054408,1200,0,1200,0
ekf3,gps,gps_velocity,0,fusion,True,after_return,8,0,0.9473427004037709,0.9173537339595623,0.9753890878585212,1576,0,1576,0
ekf3,gps,gps_velocity,0,fusion,True,before_takeoff,8,0,0.8402224322355552,0.8063230580443721,0.8741218064267383,240,0,240,0
ekf3,gps,gps_velocity,0,fusion,True,flight,8,0,0.9507902379922585,0.9182207880989317,0.9790587550777674,3736,0,3736,0
ekf3,gps,gps_velocity,0,fusion,True,outage,8,0,0.9992387532638927,0.9603984227258529,1.043509071456367,1200,0,1200,0
ekf3,gps,gps_velocity,1,fusion,True,after_return,8,0,0.8896523036556413,0.8615386212032007,0.913647501912834,1576,0,1576,0
ekf3,gps,gps_velocity,1,fusion,True,before_takeoff,8,0,0.8152119595116477,0.8010766816593746,0.8293472373639208,240,0,240,0
ekf3,gps,gps_velocity,1,fusion,True,flight,8,0,0.9299895506020193,0.9207958087785137,0.938058767017469,3736,0,3736,0
ekf3,gps,gps_velocity,1,fusion,True,outage,8,0,0.9246790360474968,0.8402607625876196,1.0124367377652541,1200,0,1200,0
ekf3,gps,gps_velocity,2,fusion,True,after_return,8,0,0.8943311918720198,0.815172659056757,0.9749462414296467,1576,0,1576,0
ekf3,gps,gps_velocity,2,fusion,True,before_takeoff,8,0,1.0266600437637243,1.0046132891392685,1.0487067983881804,240,0,240,0
ekf3,gps,gps_velocity,2,fusion,True,flight,8,0,0.9593989649375039,0.9074678931009615,1.0080629342436764,3736,0,3736,0
ekf3,gps,gps_velocity,2,fusion,True,outage,8,0,1.0042961882990573,0.995859200974999,1.022887532537538,1200,0,1200,0
ekf3,gps,mag_heading,0,fusion,True,after_return,4,0,1.0539050390717333,0.9937985553705107,1.1037392804334483,788,0,788,0
ekf3,gps,mag_heading,0,fusion,True,before_takeoff,8,0,0.8549787755637231,0.7504001682521683,0.959557382875278,240,0,240,0
ekf3,gps,mag_heading,0,fusion,True,flight,8,0,1.048024786694233,0.5174586561393656,1.3797379665772829,1942,0,1942,0
ekf3,gps,mag_heading,0,fusion,True,outage,4,0,1.0605125386714274,1.0386091401439272,1.079971164668448,600,0,600,0
ekf3,gps,mag_heading,0,gate,True,after_return,4,0,1.0539050390717333,0.9937985553705107,1.1037392804334483,788,0,0,0
ekf3,gps,mag_heading,0,gate,True,before_takeoff,8,0,0.8549787755637231,0.7504001682521683,0.959557382875278,240,0,0,0
ekf3,gps,mag_heading,0,gate,True,flight,8,0,1.048024786694233,0.5174586561393656,1.3797379665772829,1942,0,0,0
ekf3,gps,mag_heading,0,gate,True,outage,4,0,1.0605125386714274,1.0386091401439272,1.079971164668448,600,0,0,0
ekf3,gps,optical_flow,0,fusion,True,after_return,8,0,0.9590812321269682,0.8165937943769275,1.082363830365026,1576,0,1576,0
ekf3,gps,optical_flow,0,fusion,True,before_takeoff,8,0,0.9773760590825886,0.6379054252045615,1.3168466929606157,240,0,240,0
ekf3,gps,optical_flow,0,fusion,True,flight,8,0,1.0301948445958988,0.9572200557830078,1.0820307414818524,3736,0,3736,0
ekf3,gps,optical_flow,0,fusion,True,outage,8,0,0.9805406220963557,0.9056696016183192,1.0574377660203758,1200,0,1200,0
ekf3,gps,optical_flow,0,gate,True,after_return,8,0,0.9590812321269682,0.8165937943769275,1.082363830365026,1576,0,0,0
ekf3,gps,optical_flow,0,gate,True,before_takeoff,8,0,0.9773760590825886,0.6379054252045615,1.3168466929606157,240,0,0,0
ekf3,gps,optical_flow,0,gate,True,flight,8,0,1.0301948445958988,0.9572200557830078,1.0820307414818524,3736,0,0,0
ekf3,gps,optical_flow,0,gate,True,outage,8,0,0.9805406220963557,0.9056696016183192,1.0574377660203758,1200,0,0,0
ekf3,gps,optical_flow,1,fusion,True,after_return,8,0,0.97543396244689,0.9686384470771331,0.996880723393596,1576,0,1576,0
ekf3,gps,optical_flow,1,fusion,True,before_takeoff,8,0,1.2368734602842282,1.07117233106303,1.4025745895054267,240,0,240,0
ekf3,gps,optical_flow,1,fusion,True,flight,8,0,0.9767693031264085,0.9404219689159915,1.036765212574661,3727,0,3727,0
ekf3,gps,optical_flow,1,fusion,True,outage,8,0,0.9918049288946776,0.9632700501771033,1.0139998497568559,1196,0,1196,0
ekf3,gps,optical_flow,1,gate,True,after_return,8,0,0.97543396244689,0.9686384470771331,0.996880723393596,1576,0,0,0
ekf3,gps,optical_flow,1,gate,True,before_takeoff,8,0,1.2368734602842282,1.07117233106303,1.4025745895054267,240,0,0,0
ekf3,gps,optical_flow,1,gate,True,flight,8,0,1.0028743387128372,0.9802237922120168,1.036765212574661,3736,0,0,0
ekf3,gps,optical_flow,1,gate,True,outage,8,0,1.0205757361026961,0.9982496741896761,1.045696821624956,1200,0,0,0
ekf3,transition,barometer,0,fusion,True,after_return,8,0,1.0318782250475758,0.9934707482083851,1.0679427694011436,1576,0,1576,0
ekf3,transition,barometer,0,fusion,True,before_takeoff,8,0,0.7891638522228897,0.7578024252549052,0.820525279190874,240,0,240,0
ekf3,transition,barometer,0,fusion,True,flight,8,0,0.9346842185508466,0.9134554763765393,0.9526807954371437,3736,0,3736,0
ekf3,transition,barometer,0,fusion,True,outage,8,0,0.956620100231421,0.9111444967994142,1.0085823289076856,1200,0,1200,0
ekf3,transition,gps_position,0,fusion,True,after_return,8,0,1.0366275431532377,1.0033270311423381,1.0682145842026245,1568,0,1568,0
ekf3,transition,gps_position,0,fusion,True,before_takeoff,8,0,0.8266428725549175,0.7505743063805764,0.9027114387292586,240,0,240,0
ekf3,transition,gps_position,0,fusion,True,flight,8,0,0.9988680267841658,0.9456722964718407,1.061097526918633,2528,0,2528,0
ekf3,transition,gps_position,1,fusion,True,after_return,8,0,1.0578344636913926,1.0447188111759278,1.06857113441711,1568,0,1568,0
ekf3,transition,gps_position,1,fusion,True,before_takeoff,8,0,1.243832224283488,0.9697029053034183,1.5179615432635578,240,0,240,0
ekf3,transition,gps_position,1,fusion,True,flight,8,0,1.021184715257714,0.9441142085299971,1.098149421309754,2528,0,2528,0
ekf3,transition,gps_velocity,0,fusion,True,after_return,8,0,0.9761268455482185,0.9458650657061091,0.9955304798826117,1576,0,1576,0
ekf3,transition,gps_velocity,0,fusion,True,before_takeoff,8,0,0.8402224322355552,0.8063230580443721,0.8741218064267383,240,0,240,0
ekf3,transition,gps_velocity,0,fusion,True,flight,8,0,0.9420857874523091,0.9155847731537302,0.9625675378133344,2536,0,2536,0
ekf3,transition,gps_velocity,1,fusion,True,after_return,8,0,0.8967296300305836,0.8729176091852454,0.9225878965234869,1576,0,1576,0
ekf3,transition,gps_velocity,1,fusion,True,before_takeoff,8,0,0.8152119595116477,0.8010766816593746,0.8293472373639208,240,0,240,0
ekf3,transition,gps_velocity,1,fusion,True,flight,8,0,0.9397451290010101,0.888504627438825,0.9814216510012256,2536,0,2536,0
ekf3,transition,gps_velocity,2,fusion,True,after_return,8,0,0.9080480437362409,0.8353575551965147,0.9836046662919974,1576,0,1576,0
ekf3,transition,gps_velocity,2,fusion,True,before_takeoff,8,0,1.0266600437637243,1.0046132891392685,1.0487067983881804,240,0,240,0
ekf3,transition,gps_velocity,2,fusion,True,flight,8,0,0.9443291130482299,0.8721755075896838,1.015448133711269,2536,0,2536,0
ekf3,transition,mag_heading,0,fusion,True,after_return,4,0,1.0513542473365525,0.9903785664670093,1.1040083384653887,788,0,788,0
ekf3,transition,mag_heading,0,fusion,True,before_takeoff,8,0,0.8549787755637231,0.7504001682521683,0.959557382875278,240,0,240,0
ekf3,transition,mag_heading,0,fusion,True,flight,8,0,1.0479402691732806,0.5174586561393656,1.3797379665772829,1942,0,1942,0
ekf3,transition,mag_heading,0,fusion,True,outage,4,0,1.060792388833155,1.0406313830315674,1.0815207636607531,600,0,600,0
ekf3,transition,mag_heading,0,gate,True,after_return,4,0,1.0513542473365525,0.9903785664670093,1.1040083384653887,788,0,0,0
ekf3,transition,mag_heading,0,gate,True,before_takeoff,8,0,0.8549787755637231,0.7504001682521683,0.959557382875278,240,0,0,0
ekf3,transition,mag_heading,0,gate,True,flight,8,0,1.0479402691732806,0.5174586561393656,1.3797379665772829,1942,0,0,0
ekf3,transition,mag_heading,0,gate,True,outage,4,0,1.060792388833155,1.0406313830315674,1.0815207636607531,600,0,0,0
ekf3,transition,optical_flow,0,fusion,True,after_return,8,0,0.9601609630388088,0.8080311538294769,1.0964994830313834,1576,0,1576,0
ekf3,transition,optical_flow,0,fusion,True,before_takeoff,8,0,0.9773760590825886,0.6379054252045615,1.3168466929606157,240,0,240,0
ekf3,transition,optical_flow,0,fusion,True,flight,8,0,1.004577243243221,0.9433083392342619,1.0406036001230925,3729,0,3729,0
ekf3,transition,optical_flow,0,fusion,True,outage,8,0,0.8936238316591981,0.8790798549807962,0.9415963657228898,1193,0,1193,0
ekf3,transition,optical_flow,0,gate,True,after_return,8,0,0.9601609630388088,0.8080311538294769,1.0964994830313834,1576,0,0,0
ekf3,transition,optical_flow,0,gate,True,before_takeoff,8,0,0.9773760590825886,0.6379054252045615,1.3168466929606157,240,0,0,0
ekf3,transition,optical_flow,0,gate,True,flight,8,0,1.0216730545863892,0.9433083392342619,1.079604956970822,3736,0,0,0
ekf3,transition,optical_flow,0,gate,True,outage,8,0,0.9482753424418449,0.8790798549807962,1.0455243165813124,1200,0,0,0
ekf3,transition,optical_flow,1,fusion,True,after_return,8,0,0.9703393947401948,0.9107650204915483,0.9806463279485766,1574,0,1574,0
ekf3,transition,optical_flow,1,fusion,True,before_takeoff,8,0,1.2368734602842282,1.07117233106303,1.4025745895054267,240,0,240,0
ekf3,transition,optical_flow,1,fusion,True,flight,8,0,0.9644681996864379,0.9059104673710674,1.0185281475533996,3725,0,3725,0
ekf3,transition,optical_flow,1,fusion,True,outage,8,0,0.9625160943991564,0.9454911639508377,1.016019278253322,1196,0,1196,0
ekf3,transition,optical_flow,1,gate,True,after_return,8,0,0.9724870063373792,0.9521507521238701,0.9835478357260549,1576,0,0,0
ekf3,transition,optical_flow,1,gate,True,before_takeoff,8,0,1.2368734602842282,1.07117233106303,1.4025745895054267,240,0,0,0
ekf3,transition,optical_flow,1,gate,True,flight,8,0,0.9931058229801293,0.9632622005068598,1.0334909778945642,3736,0,0,0
ekf3,transition,optical_flow,1,gate,True,outage,8,0,1.0058130050356664,0.9687994291331303,1.0175849627581457,1200,0,0,0
px4,denied,barometer,0,fusion,True,after_return,8,0,0.7360130565081274,0.6897582241320733,0.7815905133942285,1576,0,1576,0
px4,denied,barometer,0,fusion,True,before_takeoff,8,0,0.6878592154807377,0.6780077883864645,0.6977106425750109,240,0,240,0
px4,denied,barometer,0,fusion,True,flight,8,0,0.7197048286914436,0.6994026687450438,0.7445256391697609,3736,0,3736,0
px4,denied,barometer,0,fusion,True,outage,8,0,0.6837147869756792,0.6437775964823768,0.7333006099428352,1200,0,1200,0
px4,denied,mag_axes,0,fusion,True,after_return,8,0,1.0543708438639143,1.012971376830439,1.0967183728503151,1568,0,1568,0
px4,denied,mag_axes,0,fusion,True,flight,8,0,1.015763272535879,0.9927744373413631,1.0539138795424325,3635,0,3635,0
px4,denied,mag_axes,0,fusion,True,outage,8,0,1.0115836082296876,1.0020718983835823,1.0229999986277878,1192,0,1192,0
px4,denied,mag_axes,1,fusion,True,after_return,8,0,0.9397200914488819,0.9069071337146564,0.9731938317936606,1568,0,1568,0
px4,denied,mag_axes,1,fusion,True,flight,8,0,0.9529900452534503,0.9455129639225524,0.9598841319342161,3635,0,3635,0
px4,denied,mag_axes,1,fusion,True,outage,8,0,0.9744455298719648,0.969411556717834,0.984986020395058,1192,0,1192,0
px4,denied,mag_axes,2,fusion,True,after_return,8,0,0.9240601078978481,0.9231730343811979,0.9246056859604904,1568,0,1568,0
px4,denied,mag_axes,2,fusion,True,flight,8,0,0.9221030612072512,0.895098142426026,0.9471819624942767,3635,0,3635,0
px4,denied,mag_axes,2,fusion,True,outage,8,0,0.9182939167860797,0.9022231776559672,0.9351623274525915,1192,0,1192,0
px4,denied,mag_heading_axes,0,fusion,True,before_takeoff,8,0,0.8938712428209684,0.8097485455176217,0.9779939401243152,240,0,240,0
px4,denied,mag_heading_axes,0,fusion,True,flight,8,0,0.6472404507555318,0.547317143328584,0.7717013160117386,68,0,68,0
px4,denied,mag_heading_axes,1,fusion,True,before_takeoff,8,0,1.0006194824089187,0.7192271855489196,1.2820117792689179,240,0,240,0
px4,denied,mag_heading_axes,1,fusion,True,flight,8,0,0.9853532699179489,0.7443832808887996,1.277246201803302,68,0,68,0
px4,denied,mag_heading_axes,2,fusion,True,before_takeoff,8,0,0.9048023899887825,0.6670564860202882,1.1425482939572766,240,0,240,0
px4,denied,mag_heading_axes,2,fusion,True,flight,8,0,0.6510258450180813,0.5845462002292576,0.7146680675393938,68,0,68,0
px4,denied,optical_flow,0,fusion,True,after_return,8,0,0.7909231062606928,0.5848719909848101,1.0498697646567268,1576,0,1576,0
px4,denied,optical_flow,0,fusion,True,before_takeoff,8,0,0.9992355292330588,0.662008880615524,1.3364621778505936,240,0,240,0
px4,denied,optical_flow,0,fusion,True,flight,8,0,0.9166621725666521,0.6912514615646007,1.0509928806585904,3730,0,3730,0
px4,denied,optical_flow,0,fusion,True,outage,8,0,0.8553968212152179,0.6809439932647703,1.0047544637046386,1198,0,1198,0
px4,denied,optical_flow,1,fusion,True,after_return,8,0,0.8635343981522361,0.7050138363157081,0.9565376353770522,1576,0,1576,0
px4,denied,optical_flow,1,fusion,True,before_takeoff,8,0,1.37687319659947,1.2251533395579672,1.5285930536409729,240,0,240,0
px4,denied,optical_flow,1,fusion,True,flight,8,0,0.8677643955672857,0.7208078993350365,0.9587229555918396,3730,0,3730,0
px4,denied,optical_flow,1,fusion,True,outage,8,0,0.8562909477820294,0.7030524943954887,0.9767937033867385,1198,0,1198,0
px4,gps,barometer,0,fusion,True,after_return,8,0,0.7364370607372435,0.7052640970744696,0.7659733813169642,1576,0,1576,0
px4,gps,barometer,0,fusion,True,before_takeoff,8,0,0.6886078850236739,0.6777331577934168,0.6994826122539309,240,0,240,0
px4,gps,barometer,0,fusion,True,flight,8,0,0.7359843336308199,0.7125239842679233,0.7701118090272474,3736,0,3736,0
px4,gps,barometer,0,fusion,True,outage,8,0,0.6965550898341013,0.6545553636769125,0.7360972767286598,1200,0,1200,0
px4,gps,gps_height,0,fusion,True,after_return,8,0,0.9335642815259196,0.9162066306861083,0.9509173240769186,1576,0,1576,0
px4,gps,gps_height,0,fusion,True,before_takeoff,8,0,0.7517256954825839,0.7051396263474409,0.7983117646177269,240,0,240,0
px4,gps,gps_height,0,fusion,True,flight,8,0,0.902346863905621,0.7950713686398374,1.010696537419953,3736,0,3736,0
px4,gps,gps_height,0,fusion,True,outage,8,0,0.8726409172953835,0.7115370836332203,1.0340832588756148,1200,0,1200,0
px4,gps,gps_position,0,fusion,True,after_return,8,0,1.0515677677710826,1.0090631266472472,1.0825705651162632,1576,0,1576,0
px4,gps,gps_position,0,fusion,True,before_takeoff,8,0,0.8326762145603777,0.7636434659045752,0.9017089632161801,240,0,240,0
px4,gps,gps_position,0,fusion,True,flight,8,0,1.0249215667595635,0.9601626476701269,1.0949198991949842,3736,0,3736,0
px4,gps,gps_position,0,fusion,True,outage,8,0,1.0515089794971404,0.9616746018165551,1.1500892657480213,1200,0,1200,0
px4,gps,gps_position,1,fusion,True,after_return,8,0,1.0624749663098294,1.0532155439466497,1.0719107527539826,1576,0,1576,0
px4,gps,gps_position,1,fusion,True,before_takeoff,8,0,1.3057500895656193,0.9789087120802881,1.6325914670509505,240,0,240,0
px4,gps,gps_position,1,fusion,True,flight,8,0,1.040657984695136,0.9729461182120516,1.1065601575234472,3736,0,3736,0
px4,gps,gps_position,1,fusion,True,outage,8,0,1.0862893504219198,1.044160617625887,1.1381536182605227,1200,0,1200,0
px4,gps,gps_velocity,0,fusion,True,after_return,8,0,1.2228824516011028,0.9721702914650261,1.4601616331077398,1576,0,1576,0
px4,gps,gps_velocity,0,fusion,True,before_takeoff,8,0,0.9025535732259702,0.8281035902359821,0.9770035562159581,240,0,240,0
px4,gps,gps_velocity,0,fusion,True,flight,8,0,1.2800016991684142,0.9443154898927121,1.731285152406535,3736,0,3736,0
px4,gps,gps_velocity,0,fusion,True,outage,8,0,1.3627277741168886,1.06033424533962,1.9137288534547758,1200,0,1200,0
px4,gps,gps_velocity,1,fusion,True,after_return,8,0,1.3911798705895237,0.9400860227069542,1.9194578236137314,1576,0,1576,0
px4,gps,gps_velocity,1,fusion,True,before_takeoff,8,0,0.8073849679684406,0.6707725242510832,0.943997411685798,240,0,240,0
px4,gps,gps_velocity,1,fusion,True,flight,8,0,1.3228555991361972,0.9467828028449418,1.7474556009606341,3736,0,3736,0
px4,gps,gps_velocity,1,fusion,True,outage,8,0,1.30287852892651,0.858094071050194,1.6302037411887016,1200,0,1200,0
px4,gps,gps_velocity,2,fusion,True,after_return,8,0,0.9118538166760903,0.8349911348980865,0.987239595350093,1576,0,1576,0
px4,gps,gps_velocity,2,fusion,True,before_takeoff,8,0,1.0684837388606243,1.0503016763513542,1.0866658013698944,240,0,240,0
px4,gps,gps_velocity,2,fusion,True,flight,8,0,0.9933415119125333,0.9299895071967669,1.0610435151036277,3736,0,3736,0
px4,gps,gps_velocity,2,fusion,True,outage,8,0,1.0302126353478367,1.024967621633712,1.0640079663559163,1200,0,1200,0
px4,gps,mag_axes,0,fusion,True,after_return,8,0,1.0488367796407692,1.0130234332136472,1.0999593400005392,1567,0,1567,0
px4,gps,mag_axes,0,fusion,True,flight,8,0,1.0246932089928718,0.9826919268067723,1.0576543582937452,3639,0,3639,0
px4,gps,mag_axes,0,fusion,True,outage,8,0,1.0128125489649507,1.0010578733079194,1.0266269487943092,1192,0,1192,0
px4,gps,mag_axes,1,fusion,True,after_return,8,0,0.9441257814335361,0.9126685090892843,0.9694673031894693,1567,0,1567,0
px4,gps,mag_axes,1,fusion,True,flight,8,0,0.9673160779937977,0.9409252685091676,0.9949719004486417,3639,0,3639,0
px4,gps,mag_axes,1,fusion,True,outage,8,0,1.005432603771497,0.96715747800885,1.0690260861346133,1192,0,1192,0
px4,gps,mag_axes,2,fusion,True,after_return,8,0,0.9275476235980697,0.8918844778059138,0.9315886876249436,1567,0,1567,0
px4,gps,mag_axes,2,fusion,True,flight,8,0,0.9246080224298954,0.8991803873332131,0.9529870438846515,3639,0,3639,0
px4,gps,mag_axes,2,fusion,True,outage,8,0,0.9223531432459511,0.8992598962952011,0.9479749348488008,1192,0,1192,0
px4,gps,mag_heading_axes,0,fusion,True,before_takeoff,8,0,0.892701208997432,0.810719610502339,0.974682807492525,240,0,240,0
px4,gps,mag_heading_axes,0,fusion,True,flight,8,0,0.6727320153767407,0.5504335067130626,0.8756779180775455,64,0,64,0
px4,gps,mag_heading_axes,1,fusion,True,before_takeoff,8,0,1.0004402507981234,0.7182496152236009,1.2826308863726459,240,0,240,0
px4,gps,mag_heading_axes,1,fusion,True,flight,8,0,0.985912810440511,0.8674330594469372,1.301624929964207,64,0,64,0
px4,gps,mag_heading_axes,2,fusion,True,before_takeoff,8,0,0.9042819464213484,0.6672332409416224,1.1413306519010744,240,0,240,0
px4,gps,mag_heading_axes,2,fusion,True,flight,8,0,0.677204142305156,0.6091787499915882,0.7948329457615378,64,0,64,0
px4,gps,optical_flow,0,fusion,True,after_return,8,0,0.7961569716224781,0.5935133197884273,1.057282380118256,1576,0,1576,0
px4,gps,optical_flow,0,fusion,True,before_takeoff,8,0,1.0583342060972494,0.7366821602657451,1.3799862519287536,240,0,240,0
px4,gps,optical_flow,0,fusion,True,flight,8,0,0.9272471529332441,0.7134654126812476,1.0228678957010062,3731,0,3731,0
px4,gps,optical_flow,0,fusion,True,outage,8,0,0.87681194132658,0.701166063197136,1.021841610342366,1199,0,1199,0
px4,gps,optical_flow,1,fusion,True,after_return,8,0,0.8515021625180472,0.7157538445274989,0.9522554982726938,1575,0,1575,0
px4,gps,optical_flow,1,fusion,True,before_takeoff,8,0,1.361011978025949,1.2034186919564824,1.5186052640954155,240,0,240,0
px4,gps,optical_flow,1,fusion,True,flight,8,0,0.8784885295853302,0.7052920696013671,0.9914660414229498,3730,0,3730,0
px4,gps,optical_flow,1,fusion,True,outage,8,0,0.8976677395705088,0.7101114574224919,1.0084230111841739,1199,0,1199,0
px4,transition,barometer,0,fusion,True,after_return,8,0,0.742367561241574,0.7139237289646144,0.7669289371710524,1576,0,1576,0
px4,transition,barometer,0,fusion,True,before_takeoff,8,0,0.6886078850236739,0.6777331577934168,0.6994826122539309,240,0,240,0
px4,transition,barometer,0,fusion,True,flight,8,0,0.7357031144334043,0.7205427748461737,0.7658920403483088,3736,0,3736,0
px4,transition,barometer,0,fusion,True,outage,8,0,0.6910325531029924,0.6469657760605141,0.7384526615744836,1200,0,1200,0
px4,transition,gps_height,0,fusion,True,after_return,8,0,0.9394530877175185,0.9299672784606416,0.9492189345303313,1488,0,1488,0
px4,transition,gps_height,0,fusion,True,before_takeoff,8,0,0.7517256954825839,0.7051396263474409,0.7983117646177269,240,0,240,0
px4,transition,gps_height,0,fusion,True,flight,8,0,0.9221363153052706,0.8423695110054449,1.0035450096266516,2440,0,2440,0
px4,transition,gps_position,0,fusion,True,after_return,8,0,1.0241921651954768,0.9793493854520972,1.0715236240544206,1496,0,1496,0
px4,transition,gps_position,0,fusion,True,before_takeoff,8,0,0.8326762145603777,0.7636434659045752,0.9017089632161801,240,0,240,0
px4,transition,gps_position,0,fusion,True,flight,8,0,1.0004418518114284,0.926169005477694,1.0632187140031366,2448,0,2448,0
px4,transition,gps_position,1,fusion,True,after_return,8,0,1.0107891201890968,0.9230900909697443,1.094347791914324,1496,0,1496,0
px4,transition,gps_position,1,fusion,True,before_takeoff,8,0,1.3057500895656193,0.9789087120802881,1.6325914670509505,240,0,240,0
px4,transition,gps_position,1,fusion,True,flight,8,0,0.9809170307427402,0.8595029016117293,1.1027017641974113,2448,0,2448,0
px4,transition,gps_velocity,0,fusion,True,after_return,8,0,1.257732785835577,0.9598151843922172,1.5155749993405219,1496,0,1496,0
px4,transition,gps_velocity,0,fusion,True,before_takeoff,8,0,0.9025535732259702,0.8281035902359821,0.9770035562159581,240,0,240,0
px4,transition,gps_velocity,0,fusion,True,flight,8,0,1.1940174430118524,0.8789240055607124,1.7072086618550466,2448,0,2448,0
px4,transition,gps_velocity,1,fusion,True,after_return,8,0,1.362923631428993,0.9235379343115696,1.7772855909934375,1496,0,1496,0
px4,transition,gps_velocity,1,fusion,True,before_takeoff,8,0,0.8073849679684406,0.6707725242510832,0.943997411685798,240,0,240,0
px4,transition,gps_velocity,1,fusion,True,flight,8,0,1.3323895209524133,0.8585409353898157,1.7616748606794497,2448,0,2448,0
px4,transition,gps_velocity,2,fusion,True,after_return,8,0,0.9077564151295838,0.8435900001666482,0.9655968288844593,1496,0,1496,0
px4,transition,gps_velocity,2,fusion,True,before_takeoff,8,0,1.0684837388606243,1.0503016763513542,1.0866658013698944,240,0,240,0
px4,transition,gps_velocity,2,fusion,True,flight,8,0,0.9618941266954275,0.8913976524268812,1.070464347157171,2448,0,2448,0
px4,transition,mag_axes,0,fusion,True,after_return,8,0,1.0488232806453897,1.0121703290194664,1.0972639997836076,1566,0,1566,0
px4,transition,mag_axes,0,fusion,True,flight,8,0,1.0230000514411,0.9838315470804327,1.0557096429729853,3638,0,3638,0
px4,transition,mag_axes,0,fusion,True,outage,8,0,1.012387940250577,1.0028603846843247,1.0222217850851276,1192,0,1192,0
px4,transition,mag_axes,1,fusion,True,after_return,8,0,0.9456193817566549,0.9158132961325919,0.9711125786157815,1566,0,1566,0
px4,transition,mag_axes,1,fusion,True,flight,8,0,0.9661588626406797,0.9403139269204632,1.000621137228382,3638,0,3638,0
px4,transition,mag_axes,1,fusion,True,outage,8,0,0.9997650298725431,0.9627049608496013,1.0802986845727325,1192,0,1192,0
px4,transition,mag_axes,2,fusion,True,after_return,8,0,0.927258031483029,0.8915812505745688,0.9299822183454711,1566,0,1566,0
px4,transition,mag_axes,2,fusion,True,flight,8,0,0.9243119994454788,0.8990046657822639,0.9499832322703827,3638,0,3638,0
px4,transition,mag_axes,2,fusion,True,outage,8,0,0.9214225228703845,0.9001680230909449,0.9485049012407679,1192,0,1192,0
px4,transition,mag_heading_axes,0,fusion,True,before_takeoff,8,0,0.892701208997432,0.810719610502339,0.974682807492525,240,0,240,0
px4,transition,mag_heading_axes,0,fusion,True,flight,8,0,0.6727320153767407,0.5504335067130626,0.8756779180775455,64,0,64,0
px4,transition,mag_heading_axes,1,fusion,True,before_takeoff,8,0,1.0004402507981234,0.7182496152236009,1.2826308863726459,240,0,240,0
px4,transition,mag_heading_axes,1,fusion,True,flight,8,0,0.985912810440511,0.8674330594469372,1.301624929964207,64,0,64,0
px4,transition,mag_heading_axes,2,fusion,True,before_takeoff,8,0,0.9042819464213484,0.6672332409416224,1.1413306519010744,240,0,240,0
px4,transition,mag_heading_axes,2,fusion,True,flight,8,0,0.677204142305156,0.6091787499915882,0.7948329457615378,64,0,64,0
px4,transition,optical_flow,0,fusion,True,after_return,8,0,0.7966319864219134,0.5940169986423662,1.0539615857543483,1576,0,1576,0
px4,transition,optical_flow,0,fusion,True,before_takeoff,8,0,1.0583342060972494,0.7366821602657451,1.3799862519287536,240,0,240,0
px4,transition,optical_flow,0,fusion,True,flight,8,0,0.9237295093546363,0.7083936557216097,1.02217161054171,3729,0,3729,0
px4,transition,optical_flow,0,fusion,True,outage,8,0,0.8652239604775529,0.6847178410640811,1.0333012454867798,1197,0,1197,0
px4,transition,optical_flow,1,fusion,True,after_return,8,0,0.856150296419701,0.7182006971464402,0.9707910335128641,1576,0,1576,0
px4,transition,optical_flow,1,fusion,True,before_takeoff,8,0,1.361011978025949,1.2034186919564824,1.5186052640954155,240,0,240,0
px4,transition,optical_flow,1,fusion,True,flight,8,0,0.8793481005160242,0.7029894709573694,0.9957477896328014,3729,0,3729,0
px4,transition,optical_flow,1,fusion,True,outage,8,0,0.876173582053041,0.6996576907449175,1.0282520900670216,1197,0,1197,0
