capture,estimator,scenario,first_gps_use_after_return_s,recovery_to_025m_for_1s_s,max_return_error_jump_m
20271009-0.45-2m,horizon,transition,0.21000000000000796,0.0,0.2251299176219758
20271009-0.45-2m,retrodiction,transition,0.11000000000001364,0.0,0.2114894712206311
20271009-0.45-2m,horizon_joint,transition,0.21000000000000796,0.0,0.224590447824918
20271009-0.45-2m,retrodiction_joint,transition,0.11000000000001364,0.0,0.2257191512286623
20271009-0.45-2m,px4,transition,1.2199999999999989,0.0,0.009763013733584399
20271009-0.45-2m,ekf3,transition,0.19999999999998863,0.7800000000000011,0.452539472465237
20271009-0.45-4m,horizon,transition,0.21000000000000796,0.21999999999999886,0.4203883580183764
20271009-0.45-4m,retrodiction,transition,0.11000000000001364,0.11000000000001364,0.39800953000640005
20271009-0.45-4m,horizon_joint,transition,0.21000000000000796,0.21999999999999886,0.42057884569872833
20271009-0.45-4m,retrodiction_joint,transition,0.11000000000001364,0.11000000000001364,0.3956916693649954
20271009-0.45-4m,px4,transition,1.2199999999999989,1.6399999999999864,0.01002116108743024
20271009-0.45-4m,ekf3,transition,0.21999999999999886,0.8799999999999955,0.981419017506801
20271009-0.85-2m,horizon,transition,0.21000000000000796,0.0,0.22825754201456544
20271009-0.85-2m,retrodiction,transition,0.11000000000001364,0.0,0.218145270664952
20271009-0.85-2m,horizon_joint,transition,0.21000000000000796,0.0,0.22862933963182866
20271009-0.85-2m,retrodiction_joint,transition,0.11000000000001364,0.0,0.21854389822845224
20271009-0.85-2m,px4,transition,1.2199999999999989,1.8600000000000136,0.017459818897888946
20271009-0.85-2m,ekf3,transition,0.19999999999998863,0.7400000000000091,0.935960831054097
20271009-0.85-4m,horizon,transition,0.21000000000000796,0.21999999999999886,0.4129795970554544
20271009-0.85-4m,retrodiction,transition,0.11000000000001364,0.11000000000001364,0.38354551669156717
20271009-0.85-4m,horizon_joint,transition,0.21000000000000796,0.21999999999999886,0.41535169262970106
20271009-0.85-4m,retrodiction_joint,transition,0.11000000000001364,0.11000000000001364,0.3865318081172664
20271009-0.85-4m,px4,transition,1.2199999999999989,1.289999999999992,0.02601111845851804
20271009-0.85-4m,ekf3,transition,0.21999999999999886,0.8799999999999955,1.1600109483209804
20271010-0.45-2m,horizon,transition,0.21000000000000796,0.4199999999999875,0.16086862261321871
20271010-0.45-2m,retrodiction,transition,0.11000000000001364,0.3100000000000023,0.15925892058221439
20271010-0.45-2m,horizon_joint,transition,0.21000000000000796,0.4199999999999875,0.1615401031221107
20271010-0.45-2m,retrodiction_joint,transition,0.11000000000001364,0.3100000000000023,0.15948928385244562
20271010-0.45-2m,px4,transition,1.2199999999999989,0.0,0.007848246864024449
20271010-0.45-2m,ekf3,transition,0.19999999999998863,0.5800000000000125,0.11486883627079111
20271010-0.45-4m,horizon,transition,0.21000000000000796,0.5200000000000102,0.1943380163709172
20271010-0.45-4m,retrodiction,transition,0.11000000000001364,0.4099999999999966,0.19139922870879167
20271010-0.45-4m,horizon_joint,transition,0.21000000000000796,0.5200000000000102,0.1948338532973416
20271010-0.45-4m,retrodiction_joint,transition,0.11000000000001364,0.4099999999999966,0.19159195114812003
20271010-0.45-4m,px4,transition,1.2199999999999989,1.6299999999999955,0.014892603646631012
20271010-0.45-4m,ekf3,transition,0.21999999999999886,0.6999999999999886,0.4102160770676311
20271010-0.85-2m,horizon,transition,0.21000000000000796,0.4199999999999875,0.15994352640030524
20271010-0.85-2m,retrodiction,transition,0.11000000000001364,0.4099999999999966,0.1601721386491121
20271010-0.85-2m,horizon_joint,transition,0.21000000000000796,0.4199999999999875,0.16048870022167738
20271010-0.85-2m,retrodiction_joint,transition,0.11000000000001364,0.4099999999999966,0.1602158864565491
20271010-0.85-2m,px4,transition,1.2199999999999989,0.8600000000000136,0.009025775052873983
20271010-0.85-2m,ekf3,transition,0.19999999999998863,0.7700000000000102,0.6188481380313101
20271010-0.85-4m,horizon,transition,0.21000000000000796,0.5200000000000102,0.23481009143192022
20271010-0.85-4m,retrodiction,transition,0.11000000000001364,0.4099999999999966,0.1926544903462296
20271010-0.85-4m,horizon_joint,transition,0.21000000000000796,0.5200000000000102,0.2457470612060955
20271010-0.85-4m,retrodiction_joint,transition,0.11000000000001364,0.4099999999999966,0.1926213991405351
20271010-0.85-4m,px4,transition,1.2199999999999989,2.509999999999991,0.01953016000902417
20271010-0.85-4m,ekf3,transition,0.21999999999999886,0.8400000000000034,1.1076980997889554
