name,frequency,seed,climb_height_m,scenario,explicit_exposure,window,horizontal_position_rmse_m_baseline,horizontal_position_rmse_m_root,horizontal_position_rmse_m_change_percent,vertical_position_rmse_m_baseline,vertical_position_rmse_m_root,vertical_position_rmse_m_change_percent,velocity_3d_rmse_m_s_baseline,velocity_3d_rmse_m_s_root,velocity_3d_rmse_m_s_change_percent,attitude_rmse_deg_baseline,attitude_rmse_deg_root,attitude_rmse_deg_change_percent,yaw_rmse_deg_baseline,yaw_rmse_deg_root,yaw_rmse_deg_change_percent,filter_cpu_ratio,total_cpu_ratio
horizon,0.6,7,2,gps,False,flight,0.09106714014507566,0.09106075165113997,-0.007015147204048056,0.06770018869466318,0.06769905988700017,-0.0016673626540342212,0.04852097569008933,0.04851940520556161,-0.0032367125874510627,0.4262271980845104,0.4263584114016321,0.030784829713215167,0.40697419038486066,0.40708870830602134,0.028138865772397992,3.3117730061507897,1.959272106998905
horizon,0.6,7,2,gps,False,outage_window,0.08831062042417617,0.0883008289372662,-0.011087553074529133,0.06531282632219135,0.06531112170124934,-0.0026099328998552274,0.05467891939754652,0.05467581532330044,-0.005676912199958917,0.45707207773977515,0.4573272308211206,0.05582337967506845,0.444555905334822,0.44479091848869917,0.05286470184220349,3.3117730061507897,1.959272106998905
horizon,0.6,7,2,gps,False,after_return,0.08446123601309881,0.08445951960544859,-0.002032183912104024,0.07789822438785803,0.07789626350984251,-0.0025172306954646118,0.049880837787294054,0.04987798841490148,-0.005712358731269074,0.3096333780630417,0.3096420668383408,0.0028061494382169982,0.2998176641412143,0.29982349142785664,0.001943610180221711,3.3117730061507897,1.959272106998905
retrodiction,0.6,7,2,gps,False,flight,0.08539576474271114,0.0853953882982082,-0.00044082338752637895,0.06415358506088041,0.06415253762337683,-0.0016327029932705628,0.04633536387435142,0.04632761288911363,-0.01672801201866303,0.4497714736442255,0.44954928187474374,-0.049401036415552824,0.4280135928361076,0.42780613309564475,-0.048470362608865614,3.444280417172344,2.5539353421367315
retrodiction,0.6,7,2,gps,False,outage_window,0.08109151409276669,0.08108300239369863,-0.010496411570659614,0.06426552600851922,0.06426579487807603,0.00041837291859803116,0.0514589136509431,0.05145663866272659,-0.0044209798752192775,0.4847149812697824,0.4846972096801062,-0.0036663999180786,0.4715447514099205,0.4715350162478798,-0.0020645255856655,3.444280417172344,2.5539353421367315
retrodiction,0.6,7,2,gps,False,after_return,0.07695147931563726,0.07695626300550318,0.006216501499989313,0.07059850494721234,0.07059707944061908,-0.002019173910738914,0.047487118778328195,0.0474841850120344,-0.006178025471481607,0.3354843942644645,0.3352352933151052,-0.0742511287016634,0.32531072950170914,0.3250698731921849,-0.0740388458423058,3.444280417172344,2.5539353421367315
horizon,0.6,7,2,gps,True,flight,0.02878971916888441,0.028792855568687787,0.01089416602149118,0.068559138067265,0.06855949075471639,0.0005144280708968552,0.01028745860802437,0.01028778473936608,0.003170183756129319,0.21187411545951323,0.21202135942382797,0.06949596650605017,0.1993623774424349,0.1994967695110054,0.0674109479905649,3.3051525722740394,1.9074226792324116
horizon,0.6,7,2,gps,True,outage_window,0.024566742505953948,0.024571190184992587,0.01810447208276944,0.06358758582341847,0.06358649701150576,-0.001712302643064323,0.00818067237158085,0.008182393395517375,0.02103768319221544,0.10038652299598029,0.10055543599273105,0.1682626230191442,0.09146170875742264,0.09161741286670193,0.1702396679382545,3.3051525722740394,1.9074226792324116
horizon,0.6,7,2,gps,True,after_return,0.035079815323868994,0.03508332835621348,0.010014398057833773,0.079909773252204,0.07991006268861059,0.0003622040143591576,0.011228953666239687,0.011229136445567615,0.0016277503083639289,0.05682580354602942,0.05687206561605217,0.08141032266315573,0.05359383243024361,0.05364654520909476,0.09835605415933202,3.3051525722740394,1.9074226792324116
retrodiction,0.6,7,2,gps,True,flight,0.028474334846312926,0.02847842959705311,0.014380496549915023,0.0646788087448766,0.06467820885696231,-0.0009274875742537603,0.011442618516175021,0.011444169388924282,0.01355347770328752,0.2084072084494192,0.20920712113460985,0.38382198540161117,0.19316167696108977,0.19394725494087398,0.4066945328614402,3.5240333611842565,2.603132045463907
retrodiction,0.6,7,2,gps,True,outage_window,0.02379554679651056,0.0238021262151213,0.027649789546768666,0.06301325026784944,0.06301334665472971,0.0001529628766316904,0.009914673777211617,0.009914233461841636,-0.0044410474804856825,0.1185228787789157,0.11858612183539383,0.0533593658285092,0.10880237145467128,0.10887911031025681,0.07053049906866615,3.5240333611842565,2.603132045463907
retrodiction,0.6,7,2,gps,True,after_return,0.03630153526618263,0.036301334987513575,-0.0005517085368000885,0.071774821415543,0.0717747465940677,-0.00010424473907422183,0.01220379477473357,0.012204100045443934,0.0025014408714607583,0.07044724590623959,0.07049607865342697,0.06931817782114269,0.06807931051600712,0.06812779520439828,0.07121794863031994,3.5240333611842565,2.603132045463907
horizon,0.6,7,2,denied,False,flight,0.2319155008763654,0.2320960056872987,0.07783214586831733,0.07077099852016748,0.07077311694057473,0.0029933453696395773,0.11297543028957556,0.11299173465752392,0.014431782119861403,0.7170434812287503,0.7179597527073674,0.12778464662239752,0.6645683097781477,0.6654350844289745,0.13042672033460878,3.6111368988075148,1.8774791175416823
horizon,0.6,7,2,denied,False,outage_window,0.2769519049790323,0.27723376822346657,0.10177335463916748,0.08797822675992771,0.0879716070212344,-0.007524292017591083,0.10074209423620069,0.10075240926255913,0.010239043010407123,0.6493882401361173,0.6503346365283317,0.14573660773653518,0.5979726631047249,0.5988996689057128,0.15502477925577463,3.6111368988075148,1.8774791175416823
horizon,0.6,7,2,denied,False,after_return,0.22682743505980787,0.22695949035353158,0.05821839571076293,0.06380020861216976,0.06380660545370925,0.010026364613291427,0.13837051451254295,0.13838271656578083,0.008818391173037732,0.1605822964662937,0.1607936839298285,0.13163808725276116,0.1362283669686519,0.13653334355753483,0.22387157364449628,3.6111368988075148,1.8774791175416823
retrodiction,0.6,7,2,denied,False,flight,0.23624202427047813,0.23625241709450953,0.0043992274716853075,0.06680240158389116,0.06680322447476611,0.001231828280778835,0.11166748458788804,0.11168744586354568,0.017875638312525588,0.6483021604439994,0.6499726889663933,0.25767745726001934,0.5990187918777193,0.6005767013257783,0.26007689060563166,3.824669241211613,2.7007566301301043
retrodiction,0.6,7,2,denied,False,outage_window,0.26914474862344506,0.2694226375173305,0.10324886341148698,0.08056479327556146,0.08057200180074424,0.008947487965516032,0.09682484356255804,0.09681622588850328,-0.008900271601464116,0.6827370873931919,0.6832907384676854,0.08109286645132663,0.6275050353705349,0.6280807356954966,0.09174433550509509,3.824669241211613,2.7007566301301043
retrodiction,0.6,7,2,denied,False,after_return,0.24860317949320873,0.2483222835020532,-0.11298970179228762,0.06048764937011597,0.060488606609202175,0.0015825364287902488,0.1386346823509437,0.13865422251477072,0.014094715330714713,0.1595565423971733,0.1596813503961851,0.07822179970604637,0.1339466691061091,0.1341650702715559,0.163050837250589,3.824669241211613,2.7007566301301043
horizon,0.6,7,2,denied,True,flight,0.04550370495682623,0.04545234774071746,-0.11286381220495523,0.07117301747969708,0.07117503474477972,0.0028343115889617465,0.016322839746646663,0.01632053647958135,-0.014110700717906433,0.2637833056439201,0.2637711091993573,-0.004623660520530759,0.2500876703808431,0.25006703990200524,-0.008249298658535853,3.7603445847965364,1.9787795954774103
horizon,0.6,7,2,denied,True,outage_window,0.03536069002652886,0.03531892070723628,-0.11812359787448656,0.06343952272248146,0.0634387986292447,-0.0011413913687974286,0.009192040667913718,0.009200713991211043,0.09435688559995548,0.06611853985672038,0.06598253340023072,-0.20570093771639097,0.05131866105311748,0.05112114364907786,-0.3848841727089769,3.7603445847965364,1.9787795954774103
horizon,0.6,7,2,denied,True,after_return,0.0535991323598124,0.05352981046672243,-0.12933398366341553,0.0827454104111521,0.08274696424428854,0.001877848123199577,0.017475467880415572,0.017471008260231787,-0.0255193177905233,0.0705921783767087,0.07078935224897596,0.2793140498017488,0.06613324839274042,0.06634640497107294,0.3223137884694083,3.7603445847965364,1.9787795954774103
retrodiction,0.6,7,2,denied,True,flight,0.04926230895660374,0.04923249169742867,-0.06052753069560879,0.06712735259194424,0.06712616339153511,-0.0017715586317912368,0.022494584631145828,0.022498033661503023,0.01533271413431958,0.2971351866002112,0.2971397827321199,0.0015468150915687318,0.27767382299995247,0.27770311719807966,0.01054985947566145,3.8730942490752196,2.73826349271967
retrodiction,0.6,7,2,denied,True,outage_window,0.03795955702644281,0.03784053392780428,-0.3135523909186255,0.06270913417993258,0.06270648206311404,-0.004229235267283471,0.015946959697210102,0.015965721746786874,0.11765283121680792,0.06892614716413675,0.06895563543129236,0.042782410404273996,0.05066923758959473,0.050700789364440134,0.06227008012427149,3.8730942490752196,2.73826349271967
retrodiction,0.6,7,2,denied,True,after_return,0.05113176507374528,0.05111181873708776,-0.03900967750429807,0.0739362422383977,0.0739378514606789,0.002176499957906586,0.02582946526006471,0.02582357182573754,-0.02281671055838208,0.08462140167607848,0.0849178561896593,0.35033042198429065,0.08102777048460796,0.08134384557526668,0.39008242330789145,3.8730942490752196,2.73826349271967
horizon,0.6,7,2,transition,False,flight,0.10836819328372498,0.10835207384006906,-0.014874700008804531,0.07504728314755421,0.07504698532570415,-0.00039684561194963663,0.05965858903453159,0.0596570102601609,-0.0026463488262740142,0.3636042582598995,0.3637796381498984,0.048233728295210554,0.34205906541185044,0.34222460615339456,0.048395367433040626,3.3056687953487023,1.8637946296179677
horizon,0.6,7,2,transition,False,outage_window,0.13215554186095937,0.13212721428749435,-0.02143502502136574,0.08745269649166186,0.08745337270393369,0.0007732320431053097,0.08178474469820726,0.08178184606520382,-0.0035442221090753456,0.32490859927350996,0.3252642090370845,0.10944916951094452,0.30850512240402955,0.3088578298789799,0.11432791527150599,3.3056687953487023,1.8637946296179677
horizon,0.6,7,2,transition,False,after_return,0.08940076215250156,0.08939266749580928,-0.009054348640202825,0.07743453850988324,0.0774325556980373,-0.0025606297707758685,0.05045100478526646,0.050448350868388246,-0.005260384584027111,0.23906089045486995,0.23915258352849136,0.03835553086368737,0.22905481469265054,0.22915097524079284,0.04198145682783316,3.3056687953487023,1.8637946296179677
retrodiction,0.6,7,2,transition,False,flight,0.10026547525077696,0.10026161648684066,-0.0038485469965099384,0.06973626720044088,0.0697378548492335,0.0022766472258517467,0.05674071806249292,0.056736604838703776,-0.007249157094935121,0.38462953867003585,0.38443783616551974,-0.049840817005109006,0.3605981672724246,0.3604224564003621,-0.04872761095587874,3.6448144494493464,2.659947724418276
retrodiction,0.6,7,2,transition,False,outage_window,0.11881864704338589,0.11880731206733401,-0.009539728261453995,0.08093950465983768,0.08094676375572152,0.008968544982268511,0.07698452542069284,0.07698762652512148,0.004028217894047614,0.34830050040798527,0.3483678945788094,0.01934943267241085,0.3322554178121669,0.33233557445513967,0.024125007050468383,3.6448144494493464,2.659947724418276
retrodiction,0.6,7,2,transition,False,after_return,0.0821749057975179,0.08217523293757335,0.00039810213625646185,0.07017714199720884,0.07017557080958944,-0.0022388880120849386,0.048130601604868546,0.04812830180137695,-0.0047782562754505875,0.26465683991488115,0.2644827912274529,-0.06576391053570996,0.2546779520250929,0.25451303612157317,-0.06475468418385422,3.6448144494493464,2.659947724418276
horizon,0.6,7,2,transition,True,flight,0.03411328833703738,0.03411314953551119,-0.00040688404124855637,0.06982819408919916,0.06982794158287599,-0.00036161084567831736,0.010147454947813491,0.010146296702740394,-0.011414143537002985,0.20957709711944753,0.20970769400295547,0.06231448249973681,0.19650217070633605,0.19662014958628665,0.0600394792212855,3.354899927148075,1.9241389095529304
horizon,0.6,7,2,transition,True,outage_window,0.029513855158511997,0.0295140977241322,0.000821870334810626,0.0682095375927919,0.06820577913020537,-0.00551017162579992,0.007655244569373143,0.0076529716879807615,-0.02969051310880433,0.06910549922027973,0.06929587221682842,0.2754816891516354,0.0557751225409893,0.05596797121980489,0.34576110285344797,3.354899927148075,1.9241389095529304
horizon,0.6,7,2,transition,True,after_return,0.0426248441415224,0.042624292700233005,-0.001293708635186075,0.0796329825002572,0.07963380139984527,0.0010283422300139122,0.011207435540012743,0.011206557293854558,-0.0078362811461119,0.07021818990884221,0.07016802240295078,-0.07144517105405201,0.06443823266834695,0.06439084822109341,-0.07353467854622764,3.354899927148075,1.9241389095529304
retrodiction,0.6,7,2,transition,True,flight,0.032957837359689185,0.03296601414426661,0.024809833509964463,0.06590715637281776,0.0659064756290197,-0.0010328829758710079,0.011261453610837205,0.011263238159149211,0.015846518341899873,0.20306689526461344,0.20387857741583457,0.39971170592008054,0.1871433682258707,0.187942541992739,0.42703825117851313,3.4972323210908014,2.5658355543533
retrodiction,0.6,7,2,transition,True,outage_window,0.027798046234221656,0.027806165532675963,0.029208162278360206,0.06732830614130589,0.0673276321525195,-0.001001048184667841,0.009302245224523314,0.009301896444909825,-0.0037494132338000696,0.09129354134654553,0.09134790810273093,0.059551590817386035,0.07868123646559254,0.07875134209366008,0.08910082151314391,3.4972323210908014,2.5658355543533
retrodiction,0.6,7,2,transition,True,after_return,0.042546298532386076,0.04255335439304998,0.01658395890429265,0.07146155135799682,0.07146181673149668,0.0003713514397762907,0.012169362094612984,0.01217005310635374,0.0056782905741847856,0.06390457469246909,0.06391929957573407,0.023041986173666373,0.05908927867830444,0.05909471917992481,0.009207256785082052,3.4972323210908014,2.5658355543533
horizon,0.6,7,4,gps,False,flight,0.06524274493981637,0.06524145734916612,-0.0019735384393149147,0.06792701505481435,0.06792659216258147,-0.0006225685502903033,0.032181828812236295,0.03217970868232258,-0.006587972131988362,0.3481176442863152,0.34820515019620724,0.025136878675446894,0.32933295900371234,0.3294106002481704,0.023575303453671204,3.3263135495488707,1.9153222842342497
horizon,0.6,7,4,gps,False,outage_window,0.061680076113633096,0.06167965895724841,-0.0006763227462847077,0.06458556938168286,0.06458422133147013,-0.0020872312896491607,0.033647524509118266,0.033648112816632256,0.0017484421887647983,0.2665452694576923,0.26679386777463476,0.0932668276005355,0.2587813547863337,0.25901575885177497,0.0905799668738938,3.3263135495488707,1.9153222842342497
horizon,0.6,7,4,gps,False,after_return,0.06738539145078605,0.06738308888457333,-0.0034170109620923483,0.07878487178523846,0.07878385658304995,-0.0012885750341418145,0.03302876046466344,0.033026266918843535,-0.007549619739954938,0.1611378989641399,0.16120415184365208,0.04111564066435758,0.15596437513880299,0.15603163791183333,0.04312701087698656,3.3263135495488707,1.9153222842342497
retrodiction,0.6,7,4,gps,False,flight,0.06083541144031556,0.06082757585341085,-0.01287997684111808,0.0643056083102323,0.06430514334918153,-0.0007230489890264202,0.03141103533550512,0.0314019713633037,-0.02885601224094092,0.3730288711011921,0.37274725944789233,-0.07549325940066076,0.35134070814432117,0.35107479228958105,-0.0756860359690803,3.508524786445216,2.5950327160484545
retrodiction,0.6,7,4,gps,False,outage_window,0.057701104762744274,0.05769273123749464,-0.014511897621483083,0.06378691930463905,0.06378710274458543,0.00028758238896919863,0.0325594106178308,0.03255556035475358,-0.011825346356575395,0.29841543358787576,0.29828791761925955,-0.042731023353270725,0.28983181740057246,0.28971263378901346,-0.04112164517613426,3.508524786445216,2.5950327160484545
retrodiction,0.6,7,4,gps,False,after_return,0.06273876744092553,0.062741337507261,0.004096456529678605,0.07120920688940217,0.07120869233053276,-0.0007226016015215997,0.03196900177745768,0.03196432193548171,-0.014638686589418803,0.1881410943328517,0.18793574385293185,-0.10914706361627724,0.18279668020899492,0.18259699531147144,-0.10923879869982889,3.508524786445216,2.5950327160484545
horizon,0.6,7,4,gps,True,flight,0.026830172711173373,0.026831872641619455,0.00633589080614172,0.06847241241677678,0.06847271996629482,0.0004491582919152748,0.010940326756437453,0.010940923380547411,0.005453439584046649,0.2366159448499601,0.23674753190180245,0.05561208139450713,0.22276154624144223,0.22288085926695012,0.0535608714883784,3.2664519757710506,1.918718195823862
horizon,0.6,7,4,gps,True,outage_window,0.022795843458673273,0.022799271045101523,0.015036014940461584,0.06341298466354402,0.06341184469768862,-0.0017976852240031427,0.008099019661710364,0.008100643138610582,0.02004535077120284,0.1023040798065556,0.10247014246032168,0.16232261125859182,0.09355114085248395,0.09370457496124375,0.1640109434921211,3.2664519757710506,1.918718195823862
horizon,0.6,7,4,gps,True,after_return,0.0318214756545365,0.03182250039210292,0.003220270415948967,0.07987874662128541,0.07987890164250708,0.00019407067364252129,0.011091620510667916,0.011091659307704962,0.00034978691354492497,0.05664736320018133,0.05669377975150365,0.08193947379031563,0.05361203998461808,0.053662743985875054,0.09457577303815246,3.2664519757710506,1.918718195823862
retrodiction,0.6,7,4,gps,True,flight,0.026704521593528083,0.026706366053062418,0.006906918470250822,0.06456012913218867,0.06455968151188182,-0.000693338617607786,0.012290911539599344,0.012296057778364252,0.041870277467448425,0.2468390272590569,0.2476146991437026,0.31424199538414577,0.23044449935091957,0.23119153772551804,0.32417279505589924,3.4683922636944056,2.570705472389541
retrodiction,0.6,7,4,gps,True,outage_window,0.022945628237651273,0.022948048938548498,0.010549725952824218,0.06290177834233866,0.06290186659017971,0.00014029466792742085,0.010556912568587647,0.010556179421096554,-0.006944715003842639,0.13135481531563653,0.13141337662073635,0.044582533924697465,0.12183180217957501,0.12190518126287776,0.06022982668727472,3.4683922636944056,2.570705472389541
retrodiction,0.6,7,4,gps,True,after_return,0.03286459450021675,0.032860597801768546,-0.012161106835428814,0.07173237228735713,0.07173237592659881,5.073360287433104e-06,0.012440331718287524,0.012440762927635147,0.003466220655434782,0.07919214973022522,0.07923482980093799,0.05389432015441287,0.07723320076794106,0.07727638740862736,0.05591719656428129,3.4683922636944056,2.570705472389541
horizon,0.6,7,4,denied,False,flight,0.1394525917084511,0.13936683443254996,-0.061495648700760075,0.06633073881352597,0.06633143252946669,0.0010458438321814256,0.07102558525719066,0.0710321042678727,0.009178397697717777,0.523407136430923,0.5237000949728562,0.05597144584823521,0.47998573546469614,0.48025783297594127,0.05668866617081214,3.751351905630552,1.961514388770502
horizon,0.6,7,4,denied,False,outage_window,0.14907704756047654,0.14897198386880967,-0.07047610171126983,0.07422036769401198,0.0742226731429703,0.0031062214186583503,0.06838239293880916,0.06839101405239786,0.012607212497561804,0.32107643062776126,0.32178659396807185,0.22118202165199996,0.2980187691827502,0.298711613243337,0.23248336421453075,3.751351905630552,1.961514388770502
horizon,0.6,7,4,denied,False,after_return,0.12581359277571502,0.12574678631319108,-0.05309955868045835,0.06951208913523613,0.06951227844704255,0.0002723437157126085,0.08043464488247755,0.08043698942730239,0.002914844502965863,0.11351773992723176,0.1136608577573207,0.1260752990507763,0.09645801423196054,0.09662856747640819,0.17681604354564673,3.751351905630552,1.961514388770502
retrodiction,0.6,7,4,denied,False,flight,0.12494065878932141,0.1249232262880234,-0.013952624763580168,0.06508995128388548,0.06509334415791596,0.005212592671455241,0.07064293874342761,0.07063349460446733,-0.01336883647293785,0.5533658122187343,0.5530152027092866,-0.06335944536253191,0.5021732517431441,0.5018482873531637,-0.06471160876299065,3.8233942755527193,2.692502856650845
retrodiction,0.6,7,4,denied,False,outage_window,0.13481525781722414,0.134797287352761,-0.01332969632228398,0.07159743347335512,0.07160972601595353,0.017168971012049283,0.06528907950328626,0.06527130858721446,-0.027218818532903644,0.31891725695088247,0.31923244312673477,0.09883007864350812,0.29564353327135984,0.2959531648656818,0.10473139422189082,3.8233942755527193,2.692502856650845
retrodiction,0.6,7,4,denied,False,after_return,0.11091560557691138,0.11091318577558341,-0.0021816599344859355,0.06791167324597427,0.0679109288652,-0.0010961013603316694,0.08032692426230444,0.08033231328495652,0.006708862192317255,0.11444295539131225,0.11451065377291213,0.059154695340057906,0.0983819282772487,0.09845352834504909,0.07277766257904883,3.8233942755527193,2.692502856650845
horizon,0.6,7,4,denied,True,flight,0.04215412583772447,0.04210886394081126,-0.10737240071694298,0.07062225131581473,0.07062337437845409,0.0015902390796629362,0.01604613717874596,0.01604478803060968,-0.00840793096340553,0.2630775625855881,0.26306549330623197,-0.00458772661474649,0.24918395924076026,0.24916349726451503,-0.008211594481266626,3.8166575087768315,2.0112347867002365
horizon,0.6,7,4,denied,True,outage_window,0.03203827080564578,0.032012491857342916,-0.08046298272228469,0.061714351270045806,0.061712116715278015,-0.0036208024905115543,0.011512930873874547,0.011522101848202494,0.07965803346181577,0.06339587473424486,0.06338421447792919,-0.018392768243291613,0.047703942661666505,0.047647439813763355,-0.11844481766190018,3.8166575087768315,2.0112347867002365
horizon,0.6,7,4,denied,True,after_return,0.04899505905687785,0.048936107766742835,-0.12032088800337792,0.08289168547477818,0.08289157090988544,-0.00013821035497185719,0.015647617120405685,0.015645593001691768,-0.012935635492239417,0.07385867347452472,0.07406595962265801,0.2806524113986075,0.0698521067977861,0.07007007948036552,0.31204883083975066,3.8166575087768315,2.0112347867002365
retrodiction,0.6,7,4,denied,True,flight,0.05166476784759778,0.051655206309410104,-0.018506883096580662,0.06586181451733082,0.06586232678727189,0.000777795062001374,0.024906579486516103,0.024908795764235273,0.008898362460296738,0.3214049566274039,0.3215640598348816,0.049502412516355676,0.3000434864099668,0.30022012713839735,0.05887170907925565,3.8047102821510244,2.6802928727449706
retrodiction,0.6,7,4,denied,True,outage_window,0.042260640166542136,0.042164886161003945,-0.22657963807656278,0.06072593383871748,0.06072446348790335,-0.002421289754117595,0.022080569479470014,0.02210119283541389,0.0934004712290104,0.09319010461000836,0.09359684152426753,0.43645933864042696,0.07731446729672518,0.07776856759626524,0.5873419495956211,3.8047102821510244,2.6802928727449706
retrodiction,0.6,7,4,denied,True,after_return,0.04670850153757772,0.046719668704114446,0.023908209788636725,0.07353362287156442,0.07353916530879306,0.007537282962810643,0.02665132476069683,0.026633204874072548,-0.06798869019450926,0.11018128606384922,0.1106013766001328,0.3812721300422428,0.10805843105114943,0.10848390860229438,0.3937476668928852,3.8047102821510244,2.6802928727449706
horizon,0.6,7,4,transition,False,flight,0.09273334679457114,0.09272192536184545,-0.012316424587788255,0.07259703276493557,0.07259651965532507,-0.0007067914361669203,0.042550541189234736,0.04254609904964737,-0.010439678234896999,0.31880612264331143,0.31888357735684153,0.024295240282046215,0.29798334821377365,0.29805534986920257,0.024162979529074313,3.3820501983433555,1.9140692866620779
horizon,0.6,7,4,transition,False,outage_window,0.1287211540323407,0.1286983154484328,-0.01774268113083899,0.07937428590119308,0.07937274304748616,-0.001943770188794769,0.05928804968128641,0.05928222839269842,-0.009818654213256117,0.17549737634273008,0.17578269345194583,0.1625762818576515,0.161740559961362,0.16203920980211672,0.18464746308908264,3.3820501983433555,1.9140692866620779
horizon,0.6,7,4,transition,False,after_return,0.07192342543625675,0.07191979335716064,-0.005049925075284456,0.0784379175907819,0.078436980973934,-0.0011940868353765843,0.033536184603948097,0.03353342624786376,-0.008225014613050252,0.10105254895699882,0.10114407948294048,0.09057715702016633,0.09335595897507977,0.09346383399295394,0.11555236436804339,3.3820501983433555,1.9140692866620779
retrodiction,0.6,7,4,transition,False,flight,0.08451516078285662,0.08451371565139895,-0.0017099079553051233,0.06819621498443527,0.06819714466400954,0.0013632421894449465,0.04064740714808172,0.04064192168477908,-0.013495235459071164,0.3393631846948617,0.3390749256748227,-0.0849411583340065,0.3157524627257313,0.3154771901372616,-0.08717987061555021,3.5931854612036624,2.6286239804362834
retrodiction,0.6,7,4,transition,False,outage_window,0.11575883614646738,0.1157654774072364,0.0057371523333404895,0.07584317135860877,0.07584723581453619,0.0053590268637382366,0.05573613972585622,0.055736445587013274,0.0005487663095493645,0.1994449306116913,0.19930833221547453,-0.06848927962110896,0.18678854615338206,0.18665617782897842,-0.07086533255360461,3.5931854612036624,2.6286239804362834
retrodiction,0.6,7,4,transition,False,after_return,0.06686940985003563,0.06687023845549352,0.0012391397796740478,0.07084944455483903,0.07084888264005436,-0.0007931110655889917,0.032423420058797774,0.03241998484290178,-0.010594859795054479,0.12645847393376752,0.12622308947753844,-0.186135771614937,0.12024321172305112,0.12000558703733166,-0.19762004217482865,3.5931854612036624,2.6286239804362834
horizon,0.6,7,4,transition,True,flight,0.03111189705725876,0.031112678870124363,0.00251290644270874,0.06941682084069371,0.06941687085713007,7.205232932516736e-05,0.010857615540013838,0.010857071140453598,-0.0050139881839994516,0.23425029045597967,0.23436904832821426,0.0506970010595964,0.21992633239802267,0.22003318926450036,0.048587572626046516,3.3811381644120533,1.9444892452919764
horizon,0.6,7,4,transition,True,outage_window,0.02526636766453332,0.025267810581683113,0.005710821472049155,0.06703175742652744,0.06702884602686646,-0.004343313934696003,0.007748458192426211,0.007747258073737617,-0.015488483757553073,0.07172233517046321,0.07192893917893735,0.2880609059689787,0.05894669678411515,0.05915784992819183,0.35821030794991326,3.3811381644120533,1.9444892452919764
horizon,0.6,7,4,transition,True,after_return,0.03881453725363288,0.038814893992488414,0.0009190856848251272,0.07957765121311504,0.07957844542868572,0.0009980384675589704,0.011088452833225536,0.011087373892040078,-0.009730313161671056,0.0676961325709424,0.06764374956068372,-0.07737962017811961,0.06231017747356947,0.062260505505358256,-0.07971726325491924,3.3811381644120533,1.9444892452919764
retrodiction,0.6,7,4,transition,True,flight,0.029943091527802883,0.029943577284215497,0.0016222653968833711,0.06550784905538753,0.06550725882991057,-0.0009009996290165745,0.012450477304652175,0.012455670997218036,0.04171480690078333,0.242318232325535,0.2431018047095683,0.3233650132362431,0.2254974017665552,0.22625274693665193,0.33496845825242705,3.6089845350776373,2.6347051373484365
retrodiction,0.6,7,4,transition,True,outage_window,0.023322507588221773,0.023318171389220977,-0.018592336113054664,0.06636947267905846,0.06636855981266922,-0.0013754311318114887,0.011046224582759601,0.011045509786480985,-0.006470955513004917,0.11173730884111914,0.11178618597706828,0.04374289702882006,0.10068262554362015,0.10074697149162967,0.06390968418046317,3.6089845350776373,2.6347051373484365
retrodiction,0.6,7,4,transition,True,after_return,0.038705658451698134,0.03870319327740292,-0.006369028183028647,0.07140733981022493,0.07140771671622606,0.0005278252937834793,0.012494453255331247,0.012495157568307363,0.005637005171199583,0.06820044256173516,0.06821989964563059,0.028529263395649096,0.06475979208126162,0.06477391419840293,0.021806921683120706,3.6089845350776373,2.6347051373484365
horizon,0.85,101,2,gps,False,flight,0.16490941689666033,0.16490652801770594,-0.0017517974465919295,0.05630021646275618,0.056299400814440195,-0.0014487480994418434,0.05109792683647193,0.051092069560528225,-0.01146284459337954,0.1629016422199983,0.16299958014862867,0.06012089706135537,0.14975788981035323,0.14982518915240747,0.04493876225115656,3.207909091715286,1.898805911107543
horizon,0.85,101,2,gps,False,outage_window,0.13990754022662133,0.13991217496020902,0.0033127117953668517,0.05624481771300225,0.056245098743271625,0.000499655400809651,0.047199529240548196,0.04720304782175248,0.0074546955465271125,0.05947089088800714,0.05942169410978553,-0.08272413190220096,0.042746066490869136,0.042728434566721187,-0.0412480623257272,3.207909091715286,1.898805911107543
horizon,0.85,101,2,gps,False,after_return,0.1698455093315585,0.16985131720504076,0.003419503703749882,0.0646133664377519,0.06461217988576075,-0.0018363878196758776,0.05319997343201215,0.053198674575964236,-0.0024414599559485772,0.06392725649499605,0.06392720740947902,-7.678339368766274e-05,0.0531058181736098,0.053117958652701,0.0228609209098396,3.207909091715286,1.898805911107543
retrodiction,0.85,101,2,gps,False,flight,0.16756095899436077,0.16756615184956933,0.003099084201796387,0.052742733765028985,0.05274215963805372,-0.0010885423152751095,0.04183317829961965,0.04182992523606305,-0.007776276364424017,0.12992950338582984,0.13012730137192607,0.15223485116300228,0.12061856122686149,0.12078195147429666,0.1354602855259346,3.5032251425803143,2.584768422162524
retrodiction,0.85,101,2,gps,False,outage_window,0.15030699172918696,0.1503130828520498,0.004052454774572389,0.05384484292181636,0.05384437618622277,-0.0008668157770785889,0.03728435867658334,0.037287831653719766,0.009314836729656939,0.05057517924173979,0.0505795837023995,0.00870873959468721,0.04492441493995739,0.04495119131387252,0.0596031666765473,3.5032251425803143,2.584768422162524
retrodiction,0.85,101,2,gps,False,after_return,0.1699346717911233,0.1699489179804172,0.00838333292656479,0.05857646748962845,0.05857607821018908,-0.000664566260233368,0.03882037569660402,0.03882039189082103,4.1715765797256665e-05,0.053077812807357336,0.053068270320649195,-0.017978296774912028,0.04808083757302343,0.048077984681916444,-0.005933530385471286,3.5032251425803143,2.584768422162524
horizon,0.85,101,2,gps,True,flight,0.02208417637801205,0.02208382687758238,-0.0015825830390392426,0.05564910332443382,0.05564908765135827,-2.81641115651432e-05,0.009403951594233451,0.009404601127283174,0.006907022470437063,0.1001402150092422,0.10045185658287481,0.31120521720855443,0.09149802547801297,0.09178063545813171,0.3088700315031945,3.2671714049911107,1.8814185035236501
horizon,0.85,101,2,gps,True,outage_window,0.022603716321742406,0.022604699036919387,0.0043475823311212025,0.055927576511122123,0.05592835256442777,0.0013876040301674664,0.010059447370768483,0.010058817251220865,-0.006263957893448691,0.06785751597001606,0.06795404399659098,0.14225104646856668,0.06504198306865276,0.06511991121525729,0.11981207049340803,3.2671714049911107,1.8814185035236501
horizon,0.85,101,2,gps,True,after_return,0.014690110728620191,0.014695116799301787,0.03407782809861093,0.06463583416523314,0.06463555174393099,-0.0004369423026728825,0.009512183001182506,0.009515206141416082,0.031781771158101435,0.05375720487795357,0.05385237109311071,0.17702969373725175,0.05106402935021024,0.051144580482540135,0.15774535099346565,3.2671714049911107,1.8814185035236501
retrodiction,0.85,101,2,gps,True,flight,0.022774199666936393,0.02277347149157895,-0.0031973696906661964,0.05223275638549233,0.05223257032468592,-0.0003562147956270856,0.010552703926001522,0.010550688428476639,-0.019099346850026677,0.07425868224333917,0.07428716334688151,0.03835390378865711,0.06358597133598051,0.0636295029105087,0.068460972779949,3.546710601708872,2.6236802791871847
retrodiction,0.85,101,2,gps,True,outage_window,0.02298564003397034,0.022985273249987684,-0.0015957092433072084,0.05439211475187648,0.054392275117865416,0.00029483315673317634,0.010963959213855378,0.010960819724446926,-0.028634632318635944,0.05716994926149695,0.05716898144409717,-0.0016928778357794272,0.05399290136518422,0.05397182553052025,-0.03903445477290157,3.546710601708872,2.6236802791871847
retrodiction,0.85,101,2,gps,True,after_return,0.018890925078346353,0.018895419188803487,0.023789784981387285,0.05804292410540296,0.05804282765730764,-0.00016616684429537898,0.011260269165522883,0.01126038083654371,0.000991726034116347,0.029874688887832297,0.029885203408985407,0.0351954164027779,0.023654286230295248,0.02364912345158045,-0.021825975489320193,3.546710601708872,2.6236802791871847
horizon,0.85,101,2,denied,False,flight,132.26117140724165,134.85225064265938,1.9590626696021074,0.08973491608467839,0.09002492173047885,0.3231803833491087,0.21152701612313626,0.21211826356348867,0.2795139132526714,1.6824148482471524,1.6813094073839456,-0.0657056055085592,1.5633330893999662,1.562273269246484,-0.06779234448935911,3.7875168384062894,1.9599546635538891
horizon,0.85,101,2,denied,False,outage_window,28.608475290536575,29.535885183258117,3.2417312817377697,0.09216301445137982,0.09328932166893786,1.2220815738966717,0.23733026742303212,0.2390596671023849,0.7286890534995205,2.0888721162691177,2.090566503291801,0.08111492367037787,1.9392915742438162,1.9408625347212742,0.08100692532893028,3.7875168384062894,1.9599546635538891
horizon,0.85,101,2,denied,False,after_return,201.232801866592,205.13571346620512,1.9395006993942143,0.09961583099949702,0.09943549707208917,-0.1810293861914003,0.21320691471236358,0.21313619980983117,-0.03316726506165102,1.3625551999894758,1.3563361867310317,-0.4564228486663935,1.2701818908828408,1.2643286002080025,-0.4608230299024352,3.7875168384062894,1.9599546635538891
retrodiction,0.85,101,2,denied,False,flight,69.48604060197566,66.5865401208931,-4.172781260758896,0.07581323933296873,0.07607305572138197,0.3427058264482419,0.2292098413746126,0.22992096684008706,0.31025084316176343,2.3634531186904373,2.375370436538144,0.5042333081821448,2.1875187678350354,2.1984971277578724,0.5018635764072688,3.8743913846477485,2.7151563667892114
retrodiction,0.85,101,2,denied,False,outage_window,17.76975872351122,17.934526270812817,0.9272357034515677,0.08379728205194112,0.08343334822308568,-0.4343026646494996,0.23035752835236645,0.23031579870338484,-0.018115166141985384,2.3545022796387176,2.3581334205347666,0.15422116714221001,2.1764871733773536,2.179752231018474,0.15001501874480905,3.8743913846477485,2.7151563667892114
retrodiction,0.85,101,2,denied,False,after_return,105.40212401649211,100.88617703658588,-4.284493336395789,0.0785938165843784,0.07947123982852826,1.1164023867041184,0.25806295887664765,0.2595568288365721,0.5788781026255352,2.73950484929466,2.7607822077399335,0.7766862851420697,2.536035257394788,2.555696710171259,0.7752831006248906,3.8743913846477485,2.7151563667892114
horizon,0.85,101,2,denied,True,flight,0.027807924726659522,0.027796967377948706,-0.039403690920924994,0.06357099758971985,0.06357209267372796,0.0017226157361660555,0.018939909639082136,0.018946273410207833,0.03359979665671364,0.20153162547378656,0.20171663819842317,0.09180332079476994,0.17946043580332657,0.1796458692859211,0.10332833627895166,3.7881197065254644,1.9498801850791665
horizon,0.85,101,2,denied,True,outage_window,0.019633981553837096,0.019586526652433857,-0.24169779967000427,0.058726810574325855,0.05872712367665521,0.0005331505768646494,0.011662891529495548,0.011647796946330053,-0.12942402085556193,0.08963757370016417,0.08946473549826563,-0.1928189204191133,0.0799163989989942,0.07979668874718183,-0.14979435173734235,3.7881197065254644,1.9498801850791665
horizon,0.85,101,2,denied,True,after_return,0.031088418023639094,0.031054962041268154,-0.10761558322298637,0.0776746747482175,0.07767909458019263,0.00569018407796662,0.020769171094234873,0.02077632321314553,0.03443622703189764,0.03864689603233597,0.038605850764113256,-0.10620585981437891,0.029162535928825124,0.029136020997100408,-0.09092121408587062,3.7881197065254644,1.9498801850791665
retrodiction,0.85,101,2,denied,True,flight,0.04740960875285499,0.047388941853008654,-0.04359221767484822,0.058602376130281394,0.058604759847744256,0.0040676123056249125,0.02335436847410773,0.023344659911429585,-0.04157064957208689,0.22616010377819876,0.2258163784316759,-0.1519831927827342,0.20666877887249469,0.20635734206166817,-0.15069369090270346,3.7849055308282007,2.6835265592472872
retrodiction,0.85,101,2,denied,True,outage_window,0.04395209412904228,0.043914878849616965,-0.0846723692301321,0.06020077463069992,0.060205917530877485,0.008542913623799109,0.013032835376831394,0.0130208347214334,-0.09208015793192859,0.10952845929098547,0.10938522505492762,-0.1307735331849358,0.10481887985715187,0.10471054066288271,-0.1033584736039983,3.7849055308282007,2.6835265592472872
retrodiction,0.85,101,2,denied,True,after_return,0.05807021701535255,0.05804633513939874,-0.041125859659696395,0.06722918532879693,0.06723071565208592,0.002276278198976023,0.028958433946499704,0.02895663538666008,-0.006210832543451783,0.08383080821938947,0.08369419056873267,-0.16296830909617865,0.07896929739600973,0.07883897824061195,-0.16502509164323387,3.7849055308282007,2.6835265592472872
horizon,0.85,101,2,transition,False,flight,0.40540519935602093,0.4053516224404375,-0.013215645894171235,0.06619263738500512,0.06619368674932545,0.0015853187934178337,0.09385092391003243,0.09384760814333813,-0.0035330144405154584,0.29410011275184256,0.2942442799120037,0.04901975684816762,0.2655618110651464,0.26567211062448925,0.041534420517930215,3.385417678238178,1.949518698799986
horizon,0.85,101,2,transition,False,outage_window,0.6754076182859357,0.6753114785193555,-0.014234332568552333,0.0816111637891454,0.08161522980606681,0.004982182256241252,0.12828010994744293,0.12827395259175742,-0.0047999301591161725,0.24801105264061737,0.24793090018007144,-0.03231810021873116,0.2097058873300182,0.20961327050325038,-0.044165105685400885,3.385417678238178,1.949518698799986
horizon,0.85,101,2,transition,False,after_return,0.154007822843438,0.15400944313134285,0.0010520815598491495,0.0663311749170125,0.0663305335071566,-0.0009669809960310971,0.08198895473265737,0.08199651481943655,0.009220860058323233,0.318603689731602,0.3188385964060375,0.07373005461217552,0.29022922929570877,0.29043520737411194,0.07097082499341045,3.385417678238178,1.949518698799986
retrodiction,0.85,101,2,transition,False,flight,0.4052044905898252,0.4051629660144741,-0.010247807296182021,0.06009181352719636,0.06009382712221874,0.003350864126394626,0.09167917635978434,0.09167041790302992,-0.009553376352389176,0.27493654574276455,0.27505893625872185,0.04451591389085241,0.24518161994627016,0.24528563764828218,0.042424755181413865,3.502477403531734,2.5613669756436828
retrodiction,0.85,101,2,transition,False,outage_window,0.6820632435400845,0.6819878837097115,-0.011048803917634853,0.07399836110354593,0.07400455049814351,0.008364231998214677,0.12795900893833173,0.12794127979773187,-0.013855328160916613,0.2477896018293935,0.24761460265289514,-0.07062410012621534,0.2078745202831258,0.20771396518847687,-0.07723654367560728,3.502477403531734,2.5613669756436828
retrodiction,0.85,101,2,transition,False,after_return,0.12954591951434433,0.12954647477750286,0.00042862265412502154,0.05871563248200138,0.05871512745333297,-0.0008601264212981796,0.07686914912372914,0.07687216702804389,0.003926027995837522,0.3108869284559781,0.311050369716588,0.052572574029285946,0.28016914944071514,0.2803096988368612,0.05016590742650262,3.502477403531734,2.5613669756436828
horizon,0.85,101,2,transition,True,flight,0.031780766772813863,0.0317824965422529,0.005442818454959308,0.05745866574268991,0.05745967455261519,0.0017557141507529295,0.008691371665549405,0.008686454474570776,-0.05657554604550086,0.08979010207323933,0.09007284761317919,0.3148961114992632,0.0802089385691001,0.08048106250884833,0.33926884534671853,3.4314362356121957,1.9208834230205727
horizon,0.85,101,2,transition,True,outage_window,0.0359343860052362,0.035936649153840684,0.006298002710147799,0.060214594675411966,0.06021795299371794,0.0055772497084438655,0.007991134017593356,0.007977053953541272,-0.17619606955765477,0.03444837406434597,0.03432076129827703,-0.3704464130311891,0.028866305035805402,0.028798777261399684,-0.23393286505479782,3.4314362356121957,1.9208834230205727
horizon,0.85,101,2,transition,True,after_return,0.029290869841653265,0.02929689656031927,0.020575417181478706,0.06546259195274895,0.06546260565601955,2.093297897243218e-05,0.00939045065826696,0.00938976496206734,-0.007302058490832319,0.02887335328773007,0.02886053636835914,-0.04439013107762069,0.024498106371852853,0.024494010460763757,-0.01671929669552208,3.4314362356121957,1.9208834230205727
retrodiction,0.85,101,2,transition,True,flight,0.03391883244118219,0.03391920054854517,0.001085259534261418,0.054083221255207044,0.05408332149419513,0.0001853421186082116,0.010656387224827826,0.010652956422101057,-0.03219480161884558,0.08419904642757277,0.08423686033179809,0.0449101335818991,0.07494565477684588,0.07501562408797477,0.09336006381854833,3.543584068344027,2.5848812485344665
retrodiction,0.85,101,2,transition,True,outage_window,0.03811417863192133,0.038114634920612706,0.0011971625986761936,0.05908679743081722,0.05908750805013122,0.001202670215527668,0.010508104769559445,0.01050117505955868,-0.06594633525960347,0.07204388130828988,0.07207377916402902,0.041499507239484146,0.06980122878589569,0.06986366108395375,0.08944297850337346,3.543584068344027,2.5848812485344665
retrodiction,0.85,101,2,transition,True,after_return,0.03388787293793868,0.03389182262183358,0.011655154344247798,0.05858110005065986,0.05858118592844624,0.00014659640448222433,0.011802647185484735,0.011802148640936988,-0.004224006190411966,0.05614809375182021,0.056168920063419184,0.037091751842943665,0.05281977740883112,0.05284961832865865,0.05649573188573065,3.543584068344027,2.5848812485344665
horizon,0.85,101,4,gps,False,flight,0.09512423484008009,0.09510666312612942,-0.01847238401466722,0.05661857114224467,0.056617109126168706,-0.0025822200145020346,0.04246034984283739,0.04244013734915469,-0.04760321984514926,0.13681103420401614,0.13644320003636035,-0.2688629391597641,0.12353421786506756,0.1231888111383067,-0.2796040908585651,3.23809227980525,1.8828825541535914
horizon,0.85,101,4,gps,False,outage_window,0.0902593837495466,0.09025556254853402,-0.004233577555978751,0.05647242215219182,0.05647085583169528,-0.002773602471517478,0.04511975784630115,0.04510322873437164,-0.03663386666615809,0.10446499224803124,0.10423570008404617,-0.21949186904706153,0.08867608027329323,0.08851653859420511,-0.17991512321746672,3.23809227980525,1.8828825541535914
horizon,0.85,101,4,gps,False,after_return,0.07760064432653217,0.07760135088201155,0.000910502078310671,0.06537195237993841,0.0653703994964074,-0.0023754583953539132,0.04131970981180282,0.04131376067638712,-0.014397815093092348,0.05720202683596971,0.05716302339596609,-0.06818541607882533,0.03768097157675631,0.03765263681200328,-0.07519648132031653,3.23809227980525,1.8828825541535914
retrodiction,0.85,101,4,gps,False,flight,0.09220947163147998,0.0921987386063053,-0.011639829384968436,0.05287160240734384,0.052870553424209786,-0.0019840199394272062,0.04226478974546512,0.04224916039877217,-0.03697959172889176,0.12977590214969648,0.12933858953472188,-0.3369752070535803,0.11634932350710732,0.11594118884405237,-0.35078387286885393,3.511180722175284,2.594771459572315
retrodiction,0.85,101,4,gps,False,outage_window,0.08647226645172068,0.08646799773799863,-0.004936511898223639,0.05469786643024273,0.05469650943883325,-0.002480885449540615,0.044742855410371325,0.04473164126706205,-0.025063539656611233,0.11115617520581662,0.1110461000742788,-0.09902745514048794,0.09442816339597862,0.09437707263296007,-0.054105429123207927,3.511180722175284,2.594771459572315
retrodiction,0.85,101,4,gps,False,after_return,0.0742703163281928,0.0742689693548612,-0.0018136092562737183,0.058471797772895386,0.05847098838173578,-0.0013842419601117761,0.04122711605711686,0.04122273662656962,-0.010622694396511534,0.05725985305936353,0.057251449682225966,-0.014675862211610546,0.03764636501149753,0.03765732347890853,0.02910896552070774,3.511180722175284,2.594771459572315
horizon,0.85,101,4,gps,True,flight,0.02027168124682076,0.020272993581748933,0.006473735020762206,0.05551134284892378,0.05551126897524777,-0.0001330785245334809,0.00937610508157413,0.009375908148151714,-0.0021003755898973964,0.11365264675574092,0.11368680315044911,0.030053320959244623,0.1051809012712656,0.10520124785007866,0.01934436629382752,3.335410843621736,1.9223284930754272
horizon,0.85,101,4,gps,True,outage_window,0.020218905104600254,0.020222954691969487,0.020028717422038156,0.055889961174655674,0.05589090283195391,0.0016848415680392748,0.010028577533126491,0.010028703523530054,0.0012563138007015695,0.0663750109704978,0.06647868177048201,0.15618950335132276,0.06332498842850239,0.0634021053387622,0.12177958839563185,3.335410843621736,1.9223284930754272
horizon,0.85,101,4,gps,True,after_return,0.013706847838664304,0.013712471411473458,0.041027469446985876,0.06443611203171898,0.06443569722081025,-0.0006437553347837799,0.00919271894190434,0.00919496347778526,0.024416452793829535,0.051072795462990095,0.05116037005871087,0.1714701435997057,0.048090212630786215,0.048163012534054944,0.15138195338759708,3.335410843621736,1.9223284930754272
retrodiction,0.85,101,4,gps,True,flight,0.022362801587957153,0.022363703884490764,0.0040348099054732245,0.052166583427627373,0.052166300898082205,-0.0005415910466100016,0.011498297017025014,0.011497520241973593,-0.006755566065752561,0.11073261855272643,0.11091729028534082,0.16677265924716078,0.10097595315062857,0.10115554589516053,0.17785694408256614,3.5059635414557806,2.593843252711531
retrodiction,0.85,101,4,gps,True,outage_window,0.02161175048133106,0.021612310297913637,0.0025903342862454437,0.05448765993912248,0.05448769513901516,6.460158634702395e-05,0.01183265054380905,0.01182986138086564,-0.023571751173445676,0.05671705126465813,0.05673363782458668,0.0292443975113299,0.05370005535242177,0.05369406124324956,-0.011162202967707202,3.5059635414557806,2.593843252711531
retrodiction,0.85,101,4,gps,True,after_return,0.019761154222643223,0.0197655176570852,0.02208086831778644,0.05802665473024687,0.0580266467940716,-1.3676775445503608e-05,0.012014126983279062,0.01201479499409244,0.005560211027466622,0.039758182319837826,0.03979667813820558,0.09682489520792537,0.03563616823254043,0.035667299558105804,0.08735879054737605,3.5059635414557806,2.593843252711531
horizon,0.85,101,4,denied,False,flight,25.725409962329437,25.22804797494682,-1.9333491210088427,0.0779685994715988,0.07788186610122194,-0.11124141124075893,0.2115974314737597,0.21169112219650743,0.0442778166517277,2.501315739484022,2.5022840070031194,0.03871032768125726,2.3166293703409284,2.317568672406403,0.04054606565471186,3.744833893451342,1.9460860582052877
horizon,0.85,101,4,denied,False,outage_window,1.2442475086152127,1.2598525433654377,1.2541744823417522,0.07476307879009737,0.07477188390923138,0.01177736293971332,0.22644096650973172,0.22627860367942507,-0.07170205674761343,2.8463685955331592,2.844227266205981,-0.07523021897229976,2.6440977343423184,2.6422302428187785,-0.07062868740759232,3.744833893451342,1.9460860582052877
horizon,0.85,101,4,denied,False,after_return,39.419835826213884,38.6567050304425,-1.935905565755569,0.08824344205743684,0.08788549560022972,-0.40563519380185653,0.22853312916226173,0.22847228339355174,-0.026624485007065157,2.6477439670575795,2.6495689018665143,0.06892414189740848,2.444940150383732,2.4465704885943382,0.06668213168123938,3.744833893451342,1.9460860582052877
retrodiction,0.85,101,4,denied,False,flight,71.57705972818161,65.35025275597296,-8.69944503987079,0.07323375648526839,0.07270918621540054,-0.7162957289694294,0.21523041158873085,0.2151000522931175,-0.06056732162109668,2.487261743979912,2.487305364409197,0.00175375307365222,2.303941016017729,2.3039202385469597,-0.0009018230338719846,3.6992485176027468,2.61654787185121
retrodiction,0.85,101,4,denied,False,outage_window,1.6798747955023592,1.6815872266131247,0.10193802034237365,0.06817198832896616,0.06819837521347362,0.03870634428340125,0.23107910130786255,0.2311996811313343,0.052181189380307025,2.8325916084187663,2.835332996320813,0.0967802027619813,2.630404037786165,2.6328945853923713,0.09468308177866813,3.6992485176027468,2.61654787185121
retrodiction,0.85,101,4,denied,False,after_return,109.71532872418662,100.16881738116604,-8.70116459936019,0.08372302797101731,0.08262465173001271,-1.3119165271767708,0.2315102157611868,0.23113070893354695,-0.16392660098910605,2.618867882715615,2.616182558072618,-0.10253761408584028,2.4193580353435156,2.4167685034319306,-0.1070338442576646,3.6992485176027468,2.61654787185121
horizon,0.85,101,4,denied,True,flight,0.035605908756666485,0.03556965246214554,-0.1018266231279874,0.0632932847226172,0.06329261491018759,-0.0010582677649639827,0.018645325758393342,0.018650391362518833,0.02716822538331165,0.20677977770583508,0.20691459605694573,0.06519900185908423,0.18484959089897246,0.18499159513685676,0.07682150509162877,3.7361097855982646,1.92225683360015
horizon,0.85,101,4,denied,True,outage_window,0.028273744524788993,0.02820368335302343,-0.24779587190559837,0.059215566757044626,0.05921407259494668,-0.00252325896681338,0.01211001465895708,0.012097242518590411,-0.10546758799521161,0.09636317317554667,0.09616024119034954,-0.21059080819957332,0.0869206677906573,0.08677664638582308,-0.16569293413746244,3.7361097855982646,1.92225683360015
horizon,0.85,101,4,denied,True,after_return,0.039865224327779,0.03980647514268502,-0.14736950834878249,0.07693578907811639,0.07693916106203817,0.004382854796425306,0.019518722666391545,0.019522965714918,0.021738351422762037,0.0412880347428994,0.041159154923158615,-0.31214810911519564,0.03253901405378953,0.032423138659216914,-0.356112186992108,3.7361097855982646,1.92225683360015
retrodiction,0.85,101,4,denied,True,flight,0.047866942001960226,0.047805572183457073,-0.12820918975906537,0.058679235157899357,0.05868026360683304,0.0017526624723540607,0.03003148728121782,0.03002583414858989,-0.018824018187946212,0.3309866329042345,0.3308074837520131,-0.05412579675786455,0.3068705697182586,0.3067256171540418,-0.04723573340704723,3.758178214075296,2.6523514799513137
retrodiction,0.85,101,4,denied,True,outage_window,0.0422700705601242,0.042185694176583154,-0.19961259213189253,0.06110902118812311,0.061113138140956515,0.006737062308248554,0.017485364511082103,0.017488084663566786,0.015556738796940195,0.19232889093862607,0.19246275932056486,0.06960388597130329,0.18605212834202187,0.18621206847012686,0.08596522358021996,3.758178214075296,2.6523514799513137
retrodiction,0.85,101,4,denied,True,after_return,0.05636453624150314,0.0562976841975253,-0.11860657149984632,0.06738731485073957,0.0673878478288746,0.0007909176025222564,0.034859805278984884,0.03485772229460304,-0.005975318465423207,0.15594257694272437,0.15607881740223906,0.0873657869362443,0.1511901406297562,0.15133255526284964,0.09419571441646735,3.758178214075296,2.6523514799513137
horizon,0.85,101,4,transition,False,flight,0.1357421037469339,0.1357219677637268,-0.01483399965912513,0.05734312999044945,0.057340996610216875,-0.003720376325688779,0.05619315344552056,0.0561696961363922,-0.04174406967764055,0.1589115103619721,0.15857720101037823,-0.21037453538285122,0.14297682640509324,0.1426718032732316,-0.21333746141311005,3.3888604805682383,1.916877983004695
horizon,0.85,101,4,transition,False,outage_window,0.19341781874475109,0.1933986591210827,-0.009905821393674241,0.05830503414826035,0.0583008517698212,-0.007173271571214723,0.07713811959745963,0.07710983386511194,-0.03666894201633797,0.15634832262173756,0.15616845691558892,-0.11504166027018758,0.1342511951013488,0.13414316368033333,-0.08046961588231705,3.3888604805682383,1.916877983004695
horizon,0.85,101,4,transition,False,after_return,0.0781712203948333,0.07817224703710195,0.0013133251130836854,0.06564890976960462,0.06564772273606866,-0.0018081542254577698,0.0442176468660657,0.04421200326402969,-0.012763234672130697,0.0920969901530438,0.09203498929711268,-0.06732126188716547,0.07730994610258365,0.07727062573045121,-0.05086069013716665,3.3888604805682383,1.916877983004695
retrodiction,0.85,101,4,transition,False,flight,0.12885241547810367,0.12883309297663376,-0.01499583954108763,0.0538066426591473,0.05380488214491629,-0.0032719273011738714,0.05495945036755956,0.054941428642242565,-0.032790948956851196,0.1509579704689124,0.150588476439109,-0.24476616150552744,0.13483455691476628,0.1344997533490331,-0.2483069425183171,3.5764705463781836,2.6119177172572763
retrodiction,0.85,101,4,transition,False,outage_window,0.1808338153668412,0.1808051119614178,-0.015872808614458833,0.057135086794578516,0.057131634362010186,-0.006042578671039411,0.07444844770192904,0.07442750315403415,-0.028132954469040072,0.15652899894752959,0.15643423943157508,-0.060537993976605975,0.1333489898018838,0.1333163901627412,-0.024446858720905684,3.5764705463781836,2.6119177172572763
retrodiction,0.85,101,4,transition,False,after_return,0.07506237402275069,0.07506225247514324,-0.00016192880791798814,0.05872766670313773,0.05872686077855605,-0.0013723081929262193,0.0440979186412485,0.0440942298561361,-0.008364986888409476,0.09024299511013319,0.09028391748608337,0.045346872519291814,0.07536441644017794,0.07543732676892637,0.09674370504322294,3.5764705463781836,2.6119177172572763
horizon,0.85,101,4,transition,True,flight,0.0310228508004381,0.031026549213467564,0.011921576947448997,0.05748899136641576,0.05748904579762996,9.468110833132926e-05,0.008882811624062908,0.008876560578237994,-0.07037237858315004,0.10524710181220058,0.10523265508228959,-0.013726487154741562,0.09637190587722702,0.09635560649605039,-0.016913000763307817,3.3632440108737587,1.9011153801856133
horizon,0.85,101,4,transition,True,outage_window,0.03454591597964591,0.03454704184744222,0.00325904745723804,0.06061885152684096,0.060620147567401306,0.0021380156959516228,0.0084134661854693,0.00839860046959204,-0.1766895539787594,0.032368529969677366,0.03225845700996649,-0.34006165807959343,0.027576814356089475,0.027513593123730848,-0.22925502395698683,3.3632440108737587,1.9011153801856133
horizon,0.85,101,4,transition,True,after_return,0.02992297835428766,0.029933552486876437,0.03533783456839412,0.06529900918539912,0.06529856216424108,-0.0006845757134943398,0.009256299873613353,0.009255133217354262,-0.012603915981768132,0.028336147630193376,0.028322457793862756,-0.04831227063495369,0.0240307290955037,0.024020480311212806,-0.04264866142913437,3.3632440108737587,1.9011153801856133
retrodiction,0.85,101,4,transition,True,flight,0.034120278181518894,0.03412524399959905,0.014553861647126354,0.054226664810066064,0.054226570441975354,-0.0001740252531523545,0.012530561333590267,0.012528956844855702,-0.012804603815030902,0.13665853858704105,0.13681606074412878,0.11526697030159738,0.12850899643126562,0.12867338719683755,0.12792160092842675,3.5742727828040968,2.605509765202515
retrodiction,0.85,101,4,transition,True,outage_window,0.03757450165693036,0.037579551771054126,0.013440269068309973,0.05977767106921143,0.0597783871636996,0.0011979297208419837,0.013252604155250411,0.013249008248386752,-0.027133586890049077,0.11874546966455819,0.11879356454985912,0.040502501221140186,0.11697114852639016,0.11704575391754693,0.06378101959043647,3.5742727828040968,2.605509765202515
retrodiction,0.85,101,4,transition,True,after_return,0.03524986669255689,0.03525848315774705,0.024443965321374606,0.05855607625910928,0.05855593080818139,-0.00024839596022285804,0.013263258887575248,0.013262712802133895,-0.0041172795161581455,0.09214389808624655,0.09214904343969035,0.0055840414294072716,0.08955057799712673,0.08956558986051667,0.01676355834399068,3.5742727828040968,2.605509765202515
