dataset,profile,frequency_rad_s,scenario,window,estimator,seeds,horizontal_position_rmse_m,horizontal_position_rmse_m_min,horizontal_position_rmse_m_max,vertical_position_rmse_m,vertical_position_rmse_m_min,vertical_position_rmse_m_max,velocity_3d_rmse_m_s,velocity_3d_rmse_m_s_min,velocity_3d_rmse_m_s_max,attitude_rmse_deg,attitude_rmse_deg_min,attitude_rmse_deg_max,yaw_rmse_deg,yaw_rmse_deg_min,yaw_rmse_deg_max
held-out,100/50/50 Hz,0.45,denied,flight,ESKF baseline,3,0.7766127165436735,0.6856028896794047,1.3077898555144964,0.049977554816171006,0.03955471248179071,0.061921095603558594,0.0505921484361855,0.04539468694484447,0.054023631626807476,1.075817027545546,0.7658668895109801,1.3484736108004778,0.9373612920716767,0.6411283439649267,1.240671376087235
held-out,100/50/50 Hz,0.45,denied,flight,ESKF alignment,3,0.4271492649242007,0.3160487106235211,0.48433987380624993,0.05089763548849978,0.03968496930935488,0.06301319981373854,0.05367437348572977,0.04646435374497617,0.06621717330233744,0.9316745096740303,0.4901953835418073,1.7631897678045982,0.7975102453598109,0.3621948028322502,1.6326131420673438
held-out,100/50/50 Hz,0.45,denied,flight,ESKF vector,3,0.3508126566139149,0.17517375344690506,0.5301142351718707,0.049934608910218746,0.039296944167759355,0.06165857944958726,0.04295593730915931,0.040411235691596666,0.04451820586330804,0.6973413654969961,0.4049866058775203,0.7868171355920569,0.6294580788283068,0.34549740841268317,0.7121893280117287
held-out,100/50/50 Hz,0.45,denied,flight,ESKF alignment + vector,3,0.3654632959680149,0.1822233778737425,0.5763822810928649,0.04996016121814138,0.039358007875429445,0.061743208553637866,0.04304842610813951,0.04181419810759986,0.06328443924615712,0.6827729592340865,0.4748369794656617,1.8346213760858963,0.6142554926636911,0.41393355861288256,1.6893567720066363
held-out,100/50/50 Hz,0.45,denied,flight,PX4 EKF2,3,0.09222780819224452,0.06233094696433313,0.09385115148512355,0.04933923880293764,0.01810215271969846,0.05221470792330735,0.011494950536567414,0.01022496477401175,0.014003939583255387,0.2734053660054738,0.2546047838492691,0.30079120694284844,0.25645632849184974,0.23384169946766012,0.2818380304594142
held-out,100/50/50 Hz,0.45,denied,flight,ArduPilot EKF3,3,0.14451171863238146,0.11456273107139389,0.14742587742795593,0.04531008657848725,0.04375039796767164,0.06442293595381905,0.04770779366477287,0.04387755713355773,0.05024363899933777,0.2392037768945532,0.23694609918441747,0.2704421693177551,0.21762036828268333,0.19330823509113923,0.22755174107352572
held-out,100/50/50 Hz,0.45,gps,flight,ESKF baseline,3,0.03891111020531731,0.0344488368365846,0.04314873541477581,0.048175434713742006,0.03764169332129184,0.05956848380123791,0.04288664463863737,0.04229601743730185,0.042984544082247104,0.5733608381416074,0.5014118742624282,0.6746476022763369,0.4013734796685763,0.37724914227595047,0.4269147821690528
held-out,100/50/50 Hz,0.45,gps,flight,ESKF alignment,3,0.037782406805313,0.03451036354004557,0.043554420842708906,0.04818004446749253,0.0376432514328107,0.0596137926703437,0.042743051726618075,0.04220096189635342,0.04302673119715554,0.46119284840495056,0.43491383813411516,0.6605753899955805,0.4154006129386305,0.3848227733161754,0.5211409558007724
held-out,100/50/50 Hz,0.45,gps,flight,ESKF vector,3,0.037086322722079235,0.03394629992479629,0.04250626266761153,0.04817996146928459,0.03764416694691916,0.05960770561369399,0.04257849743297987,0.041993839406689555,0.04272634525429018,0.4500412406202047,0.4406105007940027,0.48608335004518566,0.39153470357687087,0.38367519493319857,0.42770139695213455
held-out,100/50/50 Hz,0.45,gps,flight,ESKF alignment + vector,3,0.03694661191918838,0.03393983708097412,0.04221607163827131,0.04817914429682685,0.03764340442699851,0.059608124753207335,0.04257593654226175,0.04193287048561657,0.04279493289237098,0.43904395841819743,0.43300754937293806,0.515419746853626,0.38213479171417175,0.3752071525347722,0.4546220236261689
held-out,100/50/50 Hz,0.45,gps,flight,PX4 EKF2,3,0.04198657510541344,0.041958562449450655,0.049584589245183955,0.2556806560536607,0.032274651555917376,0.351548656396049,0.015005781221682467,0.013501196552214122,0.015226941227351642,0.3307870843911297,0.25001626377833036,0.3722151805685088,0.32531762053368,0.23374256867581175,0.359501045652424
held-out,100/50/50 Hz,0.45,gps,flight,ArduPilot EKF3,3,0.09503960281275878,0.08526748893156748,0.0953197619938133,0.04876662698456947,0.04686555547963508,0.07059477158247777,0.035404497357069686,0.03251092007084504,0.03759218602635687,0.5258455284561823,0.397151365075676,0.5679856707722959,0.5055709753498168,0.38383065345937706,0.5468789281117916
held-out,100/50/50 Hz,0.45,transition,after_return,ESKF baseline,3,0.04038933229714972,0.03906078192417963,0.041597095996708036,0.05275780524700774,0.041461575061994146,0.06488230477676753,0.042754083277332065,0.04204180516729233,0.04346895517389493,0.5722298013758353,0.48476960885728376,0.636935827197355,0.38742031214182665,0.3494918845742062,0.40918361095035916
held-out,100/50/50 Hz,0.45,transition,after_return,ESKF alignment,3,0.04027120413397993,0.0385649681975629,0.041270714127851486,0.0527612173416558,0.041465325881793205,0.06491117731242528,0.04260335595494503,0.042065696970497155,0.04347038008078995,0.45205587345410436,0.4321194914118842,0.46814218012572806,0.3904933150364535,0.34209946526279544,0.3954378038862973
held-out,100/50/50 Hz,0.45,transition,after_return,ESKF vector,3,0.03752483306201566,0.036345570270342895,0.03986937126243472,0.052756478206372,0.04146365746168259,0.06490341069686208,0.04250021918123783,0.041880864542776494,0.04312741341128484,0.4274056061353619,0.36301477053371106,0.44092292167055813,0.37260200535945626,0.30338066896637966,0.3854035349749797
held-out,100/50/50 Hz,0.45,transition,after_return,ESKF alignment + vector,3,0.03745486546033796,0.036323390162749145,0.039840805399235034,0.0527562407122582,0.04146392343447099,0.06490377709141554,0.04249567948231499,0.041886544694802,0.04313499395398704,0.42816894646324166,0.3632987224952338,0.44033167361095393,0.3732780346908129,0.30375611591381463,0.3848276707145312
held-out,100/50/50 Hz,0.45,transition,after_return,PX4 EKF2,3,0.04822720391614534,0.047150667584203505,0.05215349345651686,0.261592617546826,0.05937213744678559,0.3836637761569367,0.011838391733602046,0.010301582135810212,0.01658755139044466,0.21105617310577307,0.12817270072857853,0.39244053459950257,0.20178753779926256,0.11875476758580183,0.3850275954110119
held-out,100/50/50 Hz,0.45,transition,after_return,ArduPilot EKF3,3,0.06458361352620778,0.05999641591638497,0.07236736062025155,0.04224523600360164,0.04053562612073483,0.06422453693877442,0.021307880340001573,0.019399195486143165,0.02208531087956599,0.5408901847622782,0.41554908090053855,0.542308322380064,0.5266448417725305,0.40660862649265256,0.530195546011586
held-out,100/50/50 Hz,0.45,transition,outage_window,ESKF baseline,3,0.07393378165831188,0.045684315277614095,0.07630626711481098,0.053425506658806715,0.03779094467741574,0.0650452385434597,0.04170884897578356,0.04047681715761909,0.04906649128749131,0.5607179386070897,0.40968434079627525,0.8476211203919678,0.332319020305134,0.2066600104345315,0.6137054685696339
held-out,100/50/50 Hz,0.45,transition,outage_window,ESKF alignment,3,0.06963030114803577,0.037594340630017306,0.08193476729114063,0.053552918423818166,0.03777333398009151,0.06655616747634298,0.04466335941639342,0.041918482956034855,0.05693384567955044,0.24914960990286977,0.2044411306881866,1.1487989588213219,0.21304897835746128,0.1617405897336081,1.059945359744017
held-out,100/50/50 Hz,0.45,transition,outage_window,ESKF vector,3,0.05625861542231247,0.025666554904402956,0.05712500868772832,0.05253925720692138,0.03728470457331688,0.06503141218661036,0.03984180009137786,0.03642422640655872,0.042581276726813874,0.3668067491448846,0.17973977794519666,0.6136175396664908,0.29566361595735324,0.07973578988134737,0.5572713450316965
held-out,100/50/50 Hz,0.45,transition,outage_window,ESKF alignment + vector,3,0.0550304411948751,0.025305186870957588,0.05862687573638032,0.05252320758384122,0.03729277611286441,0.06504209218134667,0.03982806556508764,0.0366376149418785,0.043185199271822454,0.3603185609528011,0.22129910669616717,0.6708061877862601,0.28897774769157686,0.13970574967176058,0.6116380235640112
held-out,100/50/50 Hz,0.45,transition,outage_window,PX4 EKF2,3,0.05582824338706915,0.0414017555197755,0.07822242512307588,0.255132155062169,0.03384916444069681,0.34725881995038416,0.01826120804930265,0.011156151433026664,0.019981245700984206,0.41026473419449005,0.23362053902676014,0.49435446878346534,0.4002517927888549,0.22250498113928985,0.48576262177659124
held-out,100/50/50 Hz,0.45,transition,outage_window,ArduPilot EKF3,3,0.12594299760372982,0.09426532345140386,0.13592726322126705,0.051520004852484244,0.03718357603387101,0.052180163727863736,0.04910417492515908,0.04507771663177055,0.0534979158707862,0.21691115535120017,0.18018899715917278,0.2455949983951117,0.14879765478358478,0.14373202498953813,0.18281750828239393
held-out,100/50/50 Hz,0.85,denied,flight,ESKF baseline,3,0.7692980175437452,0.7011455893191325,1.3892874795115637,0.049921379043684155,0.03948477887103684,0.06173125146693927,0.06194257374595727,0.04989672564877119,0.06821444698156061,1.030289816071602,0.6601181256213776,1.1306995259786674,0.904547101678786,0.5460748736746186,1.0493163552368947
held-out,100/50/50 Hz,0.85,denied,flight,ESKF alignment,3,0.47384564316060324,0.2781305617004156,0.5353102623812056,0.050780214225695494,0.03961497167899238,0.06267055017449882,0.06039885279318463,0.046612982745644155,0.08634978287490672,0.8889232530879334,0.4201557431416218,1.5167764213435908,0.766206016863824,0.2956883684281338,1.4110940746317162
held-out,100/50/50 Hz,0.85,denied,flight,ESKF vector,3,0.33450576887723454,0.16494436263721887,0.522147516978867,0.0498982018031191,0.039111775986917056,0.061593245372143314,0.04849620876414436,0.041701001015077455,0.051177393243974814,0.6492513698079236,0.3588694254928,0.7537679504131206,0.583507869023231,0.2996166396780183,0.6810658969950428
held-out,100/50/50 Hz,0.85,denied,flight,ESKF alignment + vector,3,0.3461121054024304,0.1752581872309267,0.5633150171222868,0.049974890551735596,0.03918756544163691,0.06167599754437416,0.04827328031985061,0.04348546031223989,0.09153574175099082,0.6213851824152102,0.4603848104653811,1.7327836703948531,0.5564063943709281,0.3997384688175842,1.5946949800674792
held-out,100/50/50 Hz,0.85,denied,flight,PX4 EKF2,3,0.09292451503336158,0.06337170795734544,0.09557041301140368,0.048631795053387376,0.021734801420482966,0.05206062820292345,0.01985379996951789,0.015944524020745324,0.020392269434532248,0.2389879916649215,0.2055793629290473,0.27628571564703763,0.21356044255505474,0.17711488987062202,0.2564432366973586
held-out,100/50/50 Hz,0.85,denied,flight,ArduPilot EKF3,3,0.20817962948561672,0.1712175505854352,0.22325505814508367,0.045033583402109,0.044454449555830874,0.05953135691041389,0.09362806140702126,0.09323028877282727,0.0937616322019474,0.38799762008759003,0.2483365691744074,0.4129117091595077,0.33986438044509326,0.19561920908376337,0.3656068210110579
held-out,100/50/50 Hz,0.85,gps,flight,ESKF baseline,3,0.03867573831385481,0.03053311592298789,0.04969882485509008,0.04819963942220897,0.037656079634544495,0.059575017221789886,0.04339951612577552,0.043150986187980585,0.04397302403899223,0.6388456701394312,0.39677673800337115,0.6895242350763903,0.30680989203811343,0.30304568955356415,0.31644846799504395
held-out,100/50/50 Hz,0.85,gps,flight,ESKF alignment,3,0.03668101850389404,0.030893226060513444,0.050207740947691315,0.048209389456544446,0.03765770324076173,0.05962254329590623,0.04327991624846826,0.042890613581233285,0.04400502667471836,0.4252638270595927,0.36946385272913074,0.5716107174173684,0.328357552594968,0.2556571321079801,0.45158435610936704
held-out,100/50/50 Hz,0.85,gps,flight,ESKF vector,3,0.03531605720501369,0.02961057055576188,0.04969028757448462,0.048196126550313634,0.03765520912345617,0.05961208057490576,0.04272931160432743,0.04249779526360649,0.04345103984698853,0.3921017317937883,0.31219689550754054,0.40609667295522567,0.3294072374714121,0.24767533878804987,0.3474644064754727
held-out,100/50/50 Hz,0.85,gps,flight,ESKF alignment + vector,3,0.035126698207573186,0.0296164789106879,0.04930026338305497,0.04819563620323838,0.03765455877962781,0.05961254566721084,0.042727570784326555,0.04243356665805081,0.04353625568608214,0.3484290418684251,0.31048194005606844,0.45427875412538066,0.2884052697827136,0.24583170880286154,0.39105025208169586
held-out,100/50/50 Hz,0.85,gps,flight,PX4 EKF2,3,0.044239514962672026,0.03694762702353272,0.04911787755090425,0.2567162492064377,0.02991510160837657,0.35594588023341917,0.016966749702117624,0.016297477309285033,0.01830735827926291,0.24646239943653395,0.17483509798874455,0.2749998495900675,0.23231888945548665,0.13705290580881418,0.26303030247088793
held-out,100/50/50 Hz,0.85,gps,flight,ArduPilot EKF3,3,0.1274851858911277,0.12634684037968175,0.13812976626033802,0.05138461095060802,0.050110407062308016,0.06525625846124677,0.06890633457004297,0.06877211080074694,0.0697983085940116,0.42239087659381874,0.40977188446194396,0.4456052512559687,0.3841606836961656,0.37727434731747483,0.40566228206999017
held-out,100/50/50 Hz,0.85,transition,after_return,ESKF baseline,3,0.04199158622397186,0.035857720301010504,0.04303114993371989,0.05277839246467483,0.041468667478272936,0.06490715429605992,0.043523697955896556,0.04321701062197089,0.04431773550963938,0.643219877250125,0.37140830948626674,0.6686695669956642,0.2785807136259562,0.27772523631282053,0.3156560836529367
held-out,100/50/50 Hz,0.85,transition,after_return,ESKF alignment,3,0.04158661732910761,0.03571254520415383,0.04220991880572204,0.052773681497192165,0.04147121138814474,0.06493462962260524,0.04344764468896256,0.04309635384515022,0.04413855003012019,0.38016941320117675,0.3725909389883422,0.39705006800347187,0.2782001719146819,0.2699648796067245,0.3103370850802
held-out,100/50/50 Hz,0.85,transition,after_return,ESKF vector,3,0.03908711991524655,0.03438834816859861,0.04134794838658373,0.05276633894772492,0.04146877738857607,0.06492073932278387,0.0428590921496255,0.042712418403357134,0.04372202034864389,0.318268485891725,0.31632619216282837,0.3523982834836473,0.25884014020871476,0.25492158389528863,0.2952579041872888
held-out,100/50/50 Hz,0.85,transition,after_return,ESKF alignment + vector,3,0.03916144219641709,0.03438804949042797,0.04118685332761105,0.052765568218338235,0.04146943018980596,0.0649210293531057,0.042856765457862205,0.042731311299039156,0.043715279810214176,0.31811391354134316,0.31584058113008445,0.35393567571273404,0.25868289080808915,0.2544621796146588,0.2967259357715803
held-out,100/50/50 Hz,0.85,transition,after_return,PX4 EKF2,3,0.04652054378222149,0.04410631597900791,0.0498625934202666,0.2599608586499129,0.056467888441130855,0.3831954926992227,0.015875129429675096,0.013637588032432472,0.016262044384659682,0.16687374916205663,0.13874682105193237,0.31946738086806603,0.15384096177283038,0.10905685390058419,0.31178844382900345
held-out,100/50/50 Hz,0.85,transition,after_return,ArduPilot EKF3,3,0.06371630343291508,0.061934995242550174,0.08447755221942597,0.06250773080187762,0.061858320176028055,0.07499015675407006,0.04748532706158095,0.046400727983102845,0.049036750263163134,0.6198750684600918,0.49110565009519463,0.6210728626575167,0.6016479507693441,0.474103119143092,0.6019178598039197
held-out,100/50/50 Hz,0.85,transition,outage_window,ESKF baseline,3,0.03016212766586097,0.02307743866412625,0.0915228643260404,0.053206470051505625,0.03779107904387353,0.06486291807860327,0.044354578420473544,0.04189983951994706,0.04504445651088748,0.41911090191835104,0.3039202353174484,0.628036320856276,0.20874074414549523,0.1295735003040871,0.268651496198559
held-out,100/50/50 Hz,0.85,transition,outage_window,ESKF alignment,3,0.04169057525009667,0.04147396397638105,0.09373739096530903,0.05342062344101112,0.03781980411015151,0.06633995395321422,0.04679004537253807,0.04210469735553709,0.0546624107113597,0.3806688200522713,0.2548880129185332,0.6707551851574737,0.3307945031821545,0.20577275079718357,0.5769413646517446
held-out,100/50/50 Hz,0.85,transition,outage_window,ESKF vector,3,0.024636511752740512,0.021118803683903075,0.08274141616016117,0.05239199474208708,0.03731881551739711,0.0649470971066662,0.03803059837647289,0.03740436961819053,0.03947941101911342,0.21500366232850632,0.19451345090277763,0.24431786638000474,0.11814800283524758,0.11108523810194731,0.1702516274326962
held-out,100/50/50 Hz,0.85,transition,outage_window,ESKF alignment + vector,3,0.024775882327818122,0.022693192664846606,0.0817006110589706,0.0523936197298294,0.037324821287443175,0.06495808844016358,0.038263919954912885,0.037696984264394655,0.03944201990125614,0.21169025334020983,0.20951148707620443,0.27230276671997267,0.13503122619208974,0.11339893015923279,0.20116451489321285
held-out,100/50/50 Hz,0.85,transition,outage_window,PX4 EKF2,3,0.06318312291788829,0.03521336168495639,0.06923171165678565,0.2556463957631061,0.031602635016719734,0.34905721082176006,0.016445942590652206,0.011789305072354378,0.01803608916782441,0.1752391253101626,0.11451513805275206,0.3104075413031219,0.15218447711575928,0.03981135924045992,0.3000042860832278
held-out,100/50/50 Hz,0.85,transition,outage_window,ArduPilot EKF3,3,0.21057426512450825,0.16092334387359533,0.21197597395412993,0.04688813865645198,0.03719869863315114,0.05005987048857932,0.1006091921896659,0.09968721875580588,0.10063634904438712,0.36540022420761065,0.29500576863773437,0.3998950566923055,0.3022066979750228,0.23359926608546228,0.3380479751878703
held-out,25/25/25 Hz,0.45,denied,flight,ESKF baseline,3,0.12218607033280234,0.08672063703981672,0.2866733224803651,0.05482950477253948,0.054077536477441006,0.07853212852962313,0.05582947815971303,0.054032770052578505,0.06333650529855273,0.5285370015204826,0.23096693880113783,0.7483226921924546,0.4527748870352138,0.17702809244499207,0.6644577193222189
held-out,25/25/25 Hz,0.45,denied,flight,ESKF alignment,3,0.10078299737407187,0.06227549305471386,0.2771334252443307,0.05503994730905568,0.05428467410133535,0.07857812018730737,0.05614844190131498,0.053731933300995675,0.0637356967578538,0.4658615071575598,0.2991202998438442,0.8002706889775201,0.4053905094717225,0.24218588477269504,0.7121092908205059
held-out,25/25/25 Hz,0.45,denied,flight,ESKF vector,3,0.2969302668922724,0.2763098626836352,0.47477004665156813,0.054724267950180656,0.053876664769489845,0.07761361065759734,0.05522575000631302,0.05425567756852922,0.06203660284591752,0.6446034333057004,0.290978857646911,0.774721764519619,0.5661888432442072,0.21020813171882535,0.6910548871691424
held-out,25/25/25 Hz,0.45,denied,flight,ESKF alignment + vector,3,0.3144196259486707,0.28404398121933827,0.4397343921505224,0.054784856276472886,0.05407222163257984,0.07762110197882642,0.055567820004420246,0.054032158783400445,0.06245081631049152,0.6150467933712445,0.34965558131420077,0.8260211027693346,0.5377845431281321,0.27711948972750466,0.7396351643604739
held-out,25/25/25 Hz,0.45,denied,flight,PX4 EKF2,3,0.0849870029833602,0.08344018318896941,0.0913252376050734,0.5955740827156631,0.5052538977929096,0.599641981629912,0.014644823255711143,0.012436101795181415,0.01606234203919092,0.3190231155374656,0.18849432357200338,0.41006432508946583,0.30257985823356587,0.15871222955962275,0.4006604339670373
held-out,25/25/25 Hz,0.45,denied,flight,ArduPilot EKF3,3,0.1678826641220731,0.12960106747013644,0.18080865802899482,0.056951739388048074,0.047219284253800405,0.05877191475732314,0.04702691739188966,0.046789920232708095,0.05249602400542258,0.2689526789769892,0.2556424850465017,0.3105888633216917,0.22142955436769077,0.20889342908451056,0.2732685402775368
held-out,25/25/25 Hz,0.45,gps,flight,ESKF baseline,3,0.04016353995115274,0.039933595655735774,0.048544781889496874,0.05035310147324137,0.04865748118588921,0.07085040711874378,0.046873023100468134,0.045876016125121745,0.04708722165503309,0.4358542269792692,0.42210303686402617,0.5009367502648512,0.37849338660931087,0.3490063572397341,0.39125236410533965
held-out,25/25/25 Hz,0.45,gps,flight,ESKF alignment,3,0.040161625658709704,0.039947604616449056,0.048529188545891326,0.050352715897855276,0.04865809703045931,0.07085051631384924,0.046872095559840565,0.04587620995365529,0.04708708396697831,0.43581764440539356,0.4212558327881022,0.5029566967330031,0.3775999613157783,0.3487365139742624,0.3912292912453365
held-out,25/25/25 Hz,0.45,gps,flight,ESKF vector,3,0.040422513503346566,0.03942752086929172,0.047933060225996096,0.05035547283382958,0.04866330106010704,0.07084688112520163,0.04658142292831331,0.04552358002101326,0.04672775529333798,0.433988041382469,0.4054029946187439,0.46660278173716957,0.3610945294168457,0.3352302784453635,0.39811094836655175
held-out,25/25/25 Hz,0.45,gps,flight,ESKF alignment + vector,3,0.04042708179233488,0.03942934809001356,0.04792880613547259,0.05035528927024039,0.04866351845025119,0.07084683337150317,0.046580833842711326,0.0455229869879856,0.04672748056607835,0.43456688876103644,0.4037535625263816,0.46642970840851883,0.3616886744035394,0.3335466412525627,0.3979267125140639
held-out,25/25/25 Hz,0.45,gps,flight,PX4 EKF2,3,0.05608827487565597,0.051870684425934344,0.06058332432636627,0.47543991076862174,0.3236077847143836,0.6361521372018878,0.01875785941663885,0.01829285987758593,0.019745911128249267,0.26490639051897863,0.23944237539773228,0.3683754800758907,0.25816068344867854,0.226522249419595,0.3546432217937466
held-out,25/25/25 Hz,0.45,gps,flight,ArduPilot EKF3,3,0.09857224681166812,0.09521607315984429,0.11294032431266635,0.05627432639146832,0.04784942122768238,0.06009384098072386,0.0391259964407039,0.038590425465478674,0.04168693571507412,0.44251940935547956,0.41230114362933284,0.450640486127172,0.41519610270335244,0.3796535659178755,0.42508195781483765
held-out,25/25/25 Hz,0.45,transition,after_return,ESKF baseline,3,0.04250755530701581,0.04222077398646752,0.04371408980658282,0.05527881149872232,0.05475250901417935,0.07772343791864454,0.04630924856893414,0.04629730397927175,0.04766444531739867,0.442903601025267,0.4072144536430065,0.49420125834926293,0.35018744623605436,0.33333465565898335,0.44621422281119855
held-out,25/25/25 Hz,0.45,transition,after_return,ESKF alignment,3,0.04249692921366839,0.042218936488316955,0.043693939289336625,0.055278500799716114,0.05475285899137145,0.07772345383356835,0.04630673628405466,0.04629718291902292,0.04766542471130992,0.44538472272644364,0.4071783058284615,0.49408700146204565,0.34981584413202055,0.33338802084308894,0.44622131807882626
held-out,25/25/25 Hz,0.45,transition,after_return,ESKF vector,3,0.04033822769529747,0.04015197735286699,0.041422370377342324,0.05528049245405611,0.05476545965872372,0.07771762656276196,0.046007187541571966,0.045969847590704556,0.047348478346745757,0.418540798779605,0.398217888628963,0.5124291530315265,0.3444723140133984,0.31192225191710893,0.43986636315637184
held-out,25/25/25 Hz,0.45,transition,after_return,ESKF alignment + vector,3,0.040336779006959325,0.040150571465857994,0.041421367086041605,0.05528037476026474,0.054765596448653704,0.0777176051931025,0.04600655761871318,0.045969603590878996,0.047348050259829355,0.41852476240833475,0.39810808510436796,0.5124322966942623,0.3444491858530314,0.31180932224457636,0.4398543699005277
held-out,25/25/25 Hz,0.45,transition,after_return,PX4 EKF2,3,0.06498121199662306,0.06200200864459134,0.071727714431217,0.46038319406772443,0.2607451920457979,0.5773630266262294,0.017795270612491976,0.015202543987450004,0.022005689198069438,0.1959090661315455,0.11138900952657714,0.3541462985609526,0.18685106673724303,0.09963769667586411,0.34453110993034747
held-out,25/25/25 Hz,0.45,transition,after_return,ArduPilot EKF3,3,0.06468972957264968,0.06200365528388322,0.0736357857672041,0.04633022825326894,0.041843602378380376,0.054039921030660285,0.02158138428364045,0.020740368776346364,0.021919389911343966,0.45860803380007054,0.38542565270940043,0.460078390279774,0.44370173476920854,0.36471374369773574,0.44482794461713315
held-out,25/25/25 Hz,0.45,transition,outage_window,ESKF baseline,3,0.05196121840282945,0.04809187238304837,0.1031375793570963,0.056562561476232905,0.0501627330269322,0.07817706544044031,0.05004921921800863,0.04946251983111297,0.05302402949096497,0.25727799372387256,0.199204779386448,0.3326211106832795,0.15114701414665302,0.08804562115472528,0.2896550743951894
held-out,25/25/25 Hz,0.45,transition,outage_window,ESKF alignment,3,0.051933882587142946,0.04801474541924369,0.1031834394644058,0.05655354722328312,0.05018059396344953,0.07817983866949103,0.05005802392742388,0.049451362276179064,0.05301880709367074,0.2627559502586206,0.19864261905104164,0.3336083146598751,0.15106559379637918,0.08609017595415834,0.28972925195572147
held-out,25/25/25 Hz,0.45,transition,outage_window,ESKF vector,3,0.052844925864753575,0.030319306745321482,0.09320789587257042,0.05638111125978907,0.049808258260078835,0.0778439803343966,0.049211477624366624,0.048624764466381636,0.05261076320823075,0.28849151126188566,0.23141224605758198,0.30491613276083895,0.17572996842238822,0.12324583631739168,0.23998602455355805
held-out,25/25/25 Hz,0.45,transition,outage_window,ESKF alignment + vector,3,0.05281533043404345,0.030285186772570673,0.09313487402208671,0.056376444095250056,0.049812377701155014,0.07784292343545783,0.04921107439495846,0.048619285781956095,0.05260470994187764,0.28817665323535635,0.23253737881007683,0.3053462348151499,0.17531541174475151,0.12501296615812993,0.24044426581889453
held-out,25/25/25 Hz,0.45,transition,outage_window,PX4 EKF2,3,0.07354107589583561,0.0659777835972033,0.1297600321033505,0.47791317588728044,0.3254323854197673,0.6601984902739478,0.018706497588848067,0.013444438453434343,0.019302925555884823,0.3559807795476459,0.23688364482882102,0.4596276190182196,0.3455634568232861,0.22590792925496023,0.44940934172864094
held-out,25/25/25 Hz,0.45,transition,outage_window,ArduPilot EKF3,3,0.142096071428359,0.10232323910988089,0.16752702848895348,0.06097908040194331,0.036914776354914206,0.06506501189835696,0.05240543968249665,0.04992192136265353,0.05846309669327771,0.2137870193948844,0.18995927593571718,0.2657959435560699,0.10382080306304825,0.09193847262715452,0.20345657727684624
held-out,25/25/25 Hz,0.85,denied,flight,ESKF baseline,3,0.11985048699734799,0.10190370405317027,0.3028082877077508,0.05478592411247217,0.054146997948816805,0.0779937015861783,0.05748969883495978,0.05625464510377231,0.06869207817974408,0.4662035828093946,0.3098405034736615,0.7233394793816155,0.3792987866517559,0.24961992864026247,0.647751165481321
held-out,25/25/25 Hz,0.85,denied,flight,ESKF alignment,3,0.10175249111500217,0.09712787994931331,0.293029257911928,0.055038768837910555,0.05434452595980135,0.07803828182734465,0.058577359945913704,0.05558186534998166,0.06982841073008181,0.39483678884843404,0.3829684420598999,0.7705066014302744,0.3328866436247576,0.3207879809202068,0.6911201854216359
held-out,25/25/25 Hz,0.85,denied,flight,ESKF vector,3,0.262013967668847,0.25913394971289283,0.4832514015388105,0.054706526035176596,0.053894833889034315,0.07753617865822952,0.057626752639539605,0.05673627764127509,0.06708232331160795,0.5668585586801447,0.3560082905238889,0.7132647340204437,0.49128783513088314,0.28310357501420885,0.6326513695093805
held-out,25/25/25 Hz,0.85,denied,flight,ESKF alignment + vector,3,0.2770526381336217,0.26667541630836195,0.448732896577232,0.054766490148528114,0.054082880312220485,0.07754256891077911,0.05779790959862636,0.057068848060776306,0.06819462775433724,0.5403095358961393,0.4169014881752112,0.760275470655542,0.46544633426541177,0.3475275160301766,0.6774153328654648
held-out,25/25/25 Hz,0.85,denied,flight,PX4 EKF2,3,0.09644167553889911,0.08927186954593577,0.10149394321613586,0.5943475923796241,0.5046161120149475,0.5946567612691175,0.022402547831553057,0.016018902646509025,0.022629750703698073,0.3249529908402511,0.17376349839294716,0.34925159442444015,0.30757365797294817,0.1394832201904931,0.3372288027119797
held-out,25/25/25 Hz,0.85,denied,flight,ArduPilot EKF3,3,0.22281115379229732,0.19505767070429322,0.27754752679754363,0.05094813806327766,0.046339542249257785,0.052505477927278124,0.09436056001901562,0.09386893731172498,0.09466965827162231,0.29371064975230204,0.2766680186080236,0.3790974185304892,0.22718869616092874,0.2037630375583414,0.3280622675060824
held-out,25/25/25 Hz,0.85,gps,flight,ESKF baseline,3,0.04049199140324999,0.034307198564423914,0.050289938140135,0.050381086318831335,0.04865748118266474,0.07087262843259273,0.04716896074941917,0.046279617725791866,0.04791691921159735,0.46155572949019197,0.3507684311965288,0.47004891971255325,0.2847850989577017,0.2559775883915441,0.28998053993072326
held-out,25/25/25 Hz,0.85,gps,flight,ESKF alignment,3,0.04049902363050342,0.034322504653198124,0.05027068608899669,0.05038062541563281,0.04865800770373358,0.07087272849705709,0.047167694588587536,0.04628120791124404,0.047916548669626094,0.464086245124552,0.3506628958057382,0.47019396420333087,0.28436427122322694,0.2559131600976722,0.2894042687623312
held-out,25/25/25 Hz,0.85,gps,flight,ESKF vector,3,0.039119982126359865,0.034385528493126705,0.050359764118597265,0.05037530552728795,0.04866327869514147,0.0708649142672019,0.04654157430376981,0.04568995865554494,0.04736285229345744,0.350678809416393,0.32551357819124976,0.35554171906503057,0.2755140093893894,0.24621678353016194,0.2787735273682224
held-out,25/25/25 Hz,0.85,gps,flight,ESKF alignment + vector,3,0.039121008850146285,0.03439096048110118,0.050351577453092086,0.05037515833715217,0.048663477720231954,0.07086487394002078,0.04654077559524609,0.04568925745299881,0.04736372728984606,0.34900491585659726,0.325279291410829,0.3559656451276379,0.27371311167520845,0.2459495239415946,0.27923471379750214
held-out,25/25/25 Hz,0.85,gps,flight,PX4 EKF2,3,0.05583520483394621,0.05272947945848269,0.06187471428116789,0.46966167524638947,0.32218571548638364,0.637562511001652,0.02156273534138728,0.0195058128245405,0.02160908728302818,0.23381966515006583,0.189692691354833,0.2447739105070179,0.22181088924167794,0.15461654885214088,0.23317260547785884
held-out,25/25/25 Hz,0.85,gps,flight,ArduPilot EKF3,3,0.1456203500658974,0.14420174887705192,0.14610909459598911,0.05258511080617574,0.04850263957851688,0.05418191640726063,0.07385489932375428,0.07378684307448727,0.07429233084911761,0.44744499750369326,0.3769310311797002,0.48210379256799823,0.4123001438561801,0.3359746694131957,0.4478260751608177
held-out,25/25/25 Hz,0.85,transition,after_return,ESKF baseline,3,0.04293627981939614,0.03711488823777028,0.045442320998736206,0.05531231757277466,0.054768309788688546,0.07777687853636835,0.04704000951550329,0.046835299073245816,0.048034279602142536,0.45641362214024334,0.3626336417985087,0.5018610328932133,0.2775506801673617,0.26121014406495924,0.2885890072517598
held-out,25/25/25 Hz,0.85,transition,after_return,ESKF alignment,3,0.04295213412380981,0.03711288400274878,0.045444466296105705,0.05531189203850414,0.054768492716756774,0.0777769432359242,0.047038343515421,0.046834533227414155,0.048034231735671805,0.45920988566930543,0.36248858908388576,0.5024159977506085,0.2775581059221681,0.26119092189830057,0.2885293736389783
held-out,25/25/25 Hz,0.85,transition,after_return,ESKF vector,3,0.039905010071069294,0.03596338995695063,0.04482712894666867,0.055297349992983524,0.05477660797762551,0.07776579697837649,0.046449552712921414,0.046204632776983535,0.04760178425905117,0.3371227083627492,0.33246728683268567,0.3549366993044233,0.2667764207767269,0.24698482891121862,0.27647014393084696
held-out,25/25/25 Hz,0.85,transition,after_return,ESKF alignment + vector,3,0.03990927713076508,0.035962100826473796,0.04482106021834544,0.05529719202700584,0.05477677978691088,0.07776575923349552,0.0464497353802628,0.0462041038578053,0.047600914255160505,0.3371111850421512,0.3324637056421478,0.35498802990512024,0.26676293383179095,0.24698691470883427,0.27652508941611875
held-out,25/25/25 Hz,0.85,transition,after_return,PX4 EKF2,3,0.06412558409429062,0.06368097423248055,0.06841503117558205,0.4564472444215213,0.2614934697368177,0.5762787006214962,0.020400776571025205,0.018116915079170553,0.021494988386326328,0.13005491328244742,0.10795068097990083,0.26574383430117193,0.11380614933085915,0.06523574673418418,0.2579011912271898
held-out,25/25/25 Hz,0.85,transition,after_return,ArduPilot EKF3,3,0.06396984272000401,0.0608124723362317,0.08158155487078886,0.06397323213657413,0.06390818421767278,0.06470280878756346,0.04284306789422881,0.03951533893397329,0.04303016518493922,0.5044377824839094,0.4832744831151228,0.5208941787083746,0.48127400008796345,0.461809439759399,0.4968889771744376
held-out,25/25/25 Hz,0.85,transition,outage_window,ESKF baseline,3,0.04188200177191077,0.028918092018257246,0.11861948568787486,0.056461080294714486,0.05014946972527755,0.07806056205838084,0.051810058578379045,0.049076172053103884,0.05542696027929311,0.3397201206679621,0.23844671862633973,0.34609573278112127,0.20605015646558833,0.15665994453620194,0.2935397783635305
held-out,25/25/25 Hz,0.85,transition,outage_window,ESKF alignment,3,0.04185604536349387,0.028919232856746243,0.11865412851642841,0.056453584789128555,0.05016977283795442,0.07806287023983764,0.051819485229589256,0.04905640776089586,0.05540967866672659,0.3386529037686819,0.23705843144548885,0.34698708373162646,0.20240291243954583,0.15551216748684954,0.2929338291252877
held-out,25/25/25 Hz,0.85,transition,outage_window,ESKF vector,3,0.04825183143638001,0.025490163983046495,0.11321784457191564,0.05627669827148391,0.049846998944435304,0.07771566339254363,0.04962516691265966,0.04827151889206896,0.05258229467696098,0.25660545505964333,0.24231030556125774,0.26920186144574704,0.14375279593478413,0.13316169941591438,0.190024396291489
held-out,25/25/25 Hz,0.85,transition,outage_window,ESKF alignment + vector,3,0.048218503686336046,0.02548590982963554,0.1131557473507978,0.05627363067456861,0.049850524462800354,0.07771497551818594,0.04961617985327515,0.048241878011263,0.052574729751793996,0.2564235672424946,0.2425682893243555,0.26746796011825985,0.14410229449822734,0.13289003645187591,0.18795935033953665
held-out,25/25/25 Hz,0.85,transition,outage_window,PX4 EKF2,3,0.08858923813547281,0.07552011608690319,0.1363569860257136,0.47332077733815997,0.32507477446478883,0.6605182296298364,0.017920668845685165,0.013073411056701739,0.022450563746056095,0.1450740250724398,0.11767874630163866,0.21679570014621896,0.0944591901428823,0.07702048165885284,0.201863458004308
held-out,25/25/25 Hz,0.85,transition,outage_window,ArduPilot EKF3,3,0.20468041385557745,0.19328758951353706,0.22820995872698882,0.05375208907568151,0.03185014369407669,0.05383770215502639,0.1026581104186376,0.10071875929927908,0.10268716665598494,0.30594617846142835,0.30275021357353693,0.38860627697826733,0.22586859758867422,0.2236439383593132,0.32381115876175937
original,100/50/50 Hz,0.25,denied,flight,ESKF baseline,3,0.4753857961393789,0.45723161814156255,1.089983902108156,0.05385314649170292,0.042081235158007206,0.054427347768132156,0.05724860107781581,0.0530712204835402,0.07141180412527563,2.0312458585033517,0.8445028446225817,3.363313098666869,1.8749760353168146,0.7741035123869391,3.10233155994306
original,100/50/50 Hz,0.25,denied,flight,ESKF alignment,3,0.3548542213063265,0.33091849441909665,0.4767866952955201,0.05405950447720214,0.041977896241527264,0.05455942563549974,0.05480338937193309,0.04990007184198992,0.0665135525954145,1.6654259790541137,0.599936776858998,2.8780822940686854,1.5295821442999364,0.5431101311204077,2.6557297177905475
original,100/50/50 Hz,0.25,denied,flight,ESKF vector,3,0.40998053788844646,0.2653149202437614,0.5329570549006842,0.05268622679033641,0.04136380404497187,0.05338900650083269,0.046192700830986394,0.04197665347340269,0.07248900100210706,1.495179345245634,0.73257267741757,3.996260362048491,1.3677002341535152,0.6596990748020427,3.6867966922812423
original,100/50/50 Hz,0.25,denied,flight,ESKF alignment + vector,3,0.33739048694983786,0.29925779322625434,0.6310763522641691,0.05279158370226826,0.04128954006205741,0.05337932247178922,0.04294701390689892,0.040369929169057905,0.06595585356563573,1.0524111496236268,0.4699690667904342,3.487462823519719,0.9560826763653691,0.4082855236567132,3.2166695312528777
original,100/50/50 Hz,0.25,denied,flight,PX4 EKF2,3,0.10366335410864415,0.0762468949182186,0.10671993283122944,0.08492451732599926,0.051814437245407324,0.09357202488350157,0.008989414061696397,0.007706280687883329,0.01167950759488265,0.28808870883085574,0.21637027922755225,0.4068989597058433,0.2751783342836869,0.19434271874210757,0.3914673134955868
original,100/50/50 Hz,0.25,denied,flight,ArduPilot EKF3,3,0.09758743743228551,0.0946855273712809,0.11568781419348219,0.04818097249860891,0.04588838063426427,0.05168934615898473,0.022777534885660408,0.01704697387883645,0.022825037562596694,0.31338092577841153,0.2016456425829271,0.39651506962951333,0.29613037649143154,0.17965462835071871,0.37507916707215483
original,100/50/50 Hz,0.25,gps,flight,ESKF baseline,3,0.029030305735871394,0.027759644789847947,0.034405242690208795,0.051250750466717294,0.03933885792377515,0.05167549795863354,0.0423893724673215,0.04007265658008801,0.04283828495093441,0.6901421603183524,0.48968371826217805,0.7203648191176963,0.5436709676952085,0.4382544427918821,0.6244545338906038
original,100/50/50 Hz,0.25,gps,flight,ESKF alignment,3,0.0290265767976615,0.027586903719222705,0.03431963906953509,0.0512517368362796,0.03933821984450511,0.05167589680774322,0.042357384933890005,0.0400722657901197,0.04283661319200117,0.6745834134648757,0.4858848155300865,0.6844207399292727,0.51625568134599,0.43818304082925374,0.5925618113074279
original,100/50/50 Hz,0.25,gps,flight,ESKF vector,3,0.028296769995852376,0.026517149392547797,0.03500853660246301,0.051244601707164376,0.039334809818449494,0.05167021100252157,0.04244962254821841,0.0398294687720169,0.042608999502920346,0.5549311490909892,0.4803065247790928,0.9082147013904278,0.49263152497539814,0.4205616620228794,0.8284451575852616
original,100/50/50 Hz,0.25,gps,flight,ESKF alignment + vector,3,0.02835332722369377,0.02621480729967004,0.03398206837686359,0.05124549488413112,0.03933480052508057,0.051670144975496254,0.04221157623440767,0.03983781739157764,0.04260422284496841,0.5223888807985395,0.48599076570236505,0.6802564111259972,0.4613322655455702,0.4261302238342801,0.61459047473915
original,100/50/50 Hz,0.25,gps,flight,PX4 EKF2,3,0.036921125481704176,0.03530043756843645,0.03762639355771271,0.12283505978728768,0.11302702168560973,0.2836334715301355,0.011916723914740577,0.011035761072517728,0.013196187744108872,0.2757467336055645,0.26636687653453783,0.3349637569256249,0.2554739983399528,0.24604977548863402,0.31881290387477956
original,100/50/50 Hz,0.25,gps,flight,ArduPilot EKF3,3,0.06551798826203267,0.053838438423745257,0.06959803534967945,0.049096324022825474,0.047862234393355206,0.04990140453362467,0.0216319705595114,0.017260605117969563,0.023976497702128008,0.3118247072346888,0.20753464430406435,0.41465563664450644,0.29344280373415765,0.1855971334494402,0.3930439459586508
original,100/50/50 Hz,0.25,transition,after_return,ESKF baseline,3,0.0474077485826368,0.04145291048865763,0.050738930299210075,0.05935395696565912,0.04527065496591002,0.06051254323082364,0.04319402467110454,0.03924204315114463,0.043691009990394006,0.5142501029053614,0.4711648194214126,0.6863475485532208,0.44836105927617115,0.44696434261691165,0.5391122911744257
original,100/50/50 Hz,0.25,transition,after_return,ESKF alignment,3,0.04693342443143097,0.04155755146831753,0.05100870290856768,0.05935368480249175,0.04526975812418716,0.06051270403679073,0.04317673098184398,0.03925258603115195,0.043691740463751114,0.49932925522158167,0.4746158242101278,0.704949367368154,0.45018212770670285,0.4469693818281151,0.5320417699138537
original,100/50/50 Hz,0.25,transition,after_return,ESKF vector,3,0.04391709207714497,0.04079616658075456,0.04728465445121913,0.059353524364540264,0.045265689937871785,0.060503296404489454,0.043125561066663536,0.0391835023283262,0.043610114491868225,0.5135109802257837,0.49833678134649156,0.5845334026729616,0.4500275394124404,0.44347716210929805,0.5216329472141815
original,100/50/50 Hz,0.25,transition,after_return,ESKF alignment + vector,3,0.04345540723969082,0.04048306041488831,0.047552128651281715,0.05935365449789069,0.04526500279984252,0.060504319652107105,0.0431164658321327,0.03918828576181269,0.043597540029552656,0.5147625288265024,0.484848607356537,0.5797548216954603,0.45124567425676065,0.43063527568832105,0.5172753042763155
original,100/50/50 Hz,0.25,transition,after_return,PX4 EKF2,3,0.04005595422762258,0.032417709873891,0.046927932541731464,0.13027933207151468,0.08596561742929552,0.23357835855446885,0.012178050873271768,0.010412949499123386,0.01599393567486767,0.2504483562703611,0.2188677508900412,0.3112468244069024,0.23746483963662293,0.20433426240529615,0.296509234377255
original,100/50/50 Hz,0.25,transition,after_return,ArduPilot EKF3,3,0.06867704905745425,0.06734384866575997,0.08537926728222948,0.057323898942762075,0.03916161947621676,0.060473673528238715,0.01865832568850225,0.01636975384140883,0.02332564075726305,0.11157077843114706,0.10908177339394354,0.20879091567138947,0.07353278915423267,0.07086768910149124,0.16812230692182312
original,100/50/50 Hz,0.25,transition,outage_window,ESKF baseline,3,0.05688771883765487,0.035110682010123885,0.07507491388766768,0.05035973585269601,0.039380828097193496,0.05603631838734048,0.04559852594260033,0.04415120242321963,0.04795944107374468,0.6385349663462796,0.35146226356622984,0.80405881918477,0.45937640417515324,0.3261656951696201,0.7064533054435246
original,100/50/50 Hz,0.25,transition,outage_window,ESKF alignment,3,0.05633579284099052,0.031484951576460196,0.07140889479884902,0.0503967898372442,0.03934831002768498,0.056058469226466984,0.045007817424460264,0.04423262990614717,0.04808652962884019,0.6295469874532202,0.33378445440675053,0.7361085374450135,0.4116330107857077,0.3133011940640015,0.6529311072333309
original,100/50/50 Hz,0.25,transition,outage_window,ESKF vector,3,0.04506065954635036,0.01660565071374609,0.06515684919649764,0.04952409937119157,0.03873827524485494,0.05510733394223592,0.03935198635443075,0.03886715152381668,0.041480788139047396,0.391564161534896,0.26509058043850725,0.6591607158495032,0.3313899890418413,0.19988231368430825,0.5921606763226336
original,100/50/50 Hz,0.25,transition,outage_window,ESKF alignment + vector,3,0.04274855457603722,0.01441216057923265,0.052296772758439206,0.04953952800520466,0.038719146987571666,0.05510357615134725,0.0388493438913078,0.038662916519539375,0.0414335456978851,0.3628681674228508,0.23281188966981872,0.48567716537418015,0.3026773828038015,0.1641132028905579,0.42589010901643926
original,100/50/50 Hz,0.25,transition,outage_window,PX4 EKF2,3,0.03603893049917799,0.030634671415984763,0.042739842708639834,0.12318874632043303,0.12137665632237526,0.2914883828331185,0.009295656274858725,0.007888663563665355,0.009928980141065925,0.21199021441302346,0.12603186766964733,0.3470643355232199,0.19061492253729645,0.06451832342259799,0.3328638284232741
original,100/50/50 Hz,0.25,transition,outage_window,ArduPilot EKF3,3,0.08183256160946702,0.07718970006466688,0.09254614058121782,0.03869627415311884,0.033081085129320245,0.04636497852186856,0.01691424104815774,0.01625615466072437,0.023320891192425135,0.29767975255226115,0.17734571546473585,0.3889105547272977,0.2825422328655318,0.15619993662733625,0.3718776549699454
original,100/50/50 Hz,0.6,denied,flight,ESKF baseline,3,0.49335867624265906,0.4650831292861921,1.0965526472754514,0.053739230433703745,0.042033855063567556,0.05425306043794528,0.08100164978051916,0.058191362051259334,0.12065208871741467,1.8895208350406487,0.8803964261234011,3.1865571311505105,1.739236940224071,0.7960104917160563,2.9456230854842698
original,100/50/50 Hz,0.6,denied,flight,ESKF alignment,3,0.33750556253756864,0.3285342061573109,0.47520717132615525,0.05387766987086871,0.04193048252645957,0.054408398565878924,0.07185968220336407,0.05234584140354069,0.10636019027728201,1.5595538293346367,0.6490093239972575,2.7269618168416008,1.42475759061017,0.5763258246533519,2.5227628580999895
original,100/50/50 Hz,0.6,denied,flight,ESKF vector,3,0.4100850763118792,0.27738639751715227,0.5130197965969762,0.05266060169775229,0.04137339350983497,0.05330874423914986,0.06401172763637872,0.047371304403712754,0.1435209734350167,1.4338874931666308,0.7244231136983073,3.9770982818466254,1.3107372129647221,0.6516936868327525,3.668718959569802
original,100/50/50 Hz,0.6,denied,flight,ESKF alignment + vector,3,0.34067491961880825,0.3036194807372269,0.6125606369142373,0.052760320550618765,0.04129653359243565,0.053312966476117524,0.05286777202007008,0.04263810812330034,0.12696627801672533,1.0024065486416762,0.4679492880405328,3.480426142250424,0.9093545216869485,0.406022488656056,3.2098083088701617
original,100/50/50 Hz,0.6,denied,flight,PX4 EKF2,3,0.10215834686754034,0.0817877660873716,0.10861029699638476,0.07262291309691032,0.05199935161404548,0.09162959392879055,0.0155244368154652,0.012542450430761666,0.016533443152275097,0.23332206433397315,0.17146036270085102,0.3228222983583153,0.21852015118419638,0.14908880023693902,0.3027818881434268
original,100/50/50 Hz,0.6,denied,flight,ArduPilot EKF3,3,0.19683015989012662,0.1755330801015047,0.24893598415287302,0.0589649827592995,0.05841416144750562,0.0619750955444716,0.06431052840174956,0.06313905708348073,0.06520355798375367,0.2948493723754471,0.27364789274294254,0.30214437922102383,0.24819581621969766,0.2360926959055679,0.25445982617920343
original,100/50/50 Hz,0.6,gps,flight,ESKF baseline,3,0.03684961188981714,0.02919473496216714,0.04187571283900278,0.05125317880627237,0.0393332479618833,0.051664173195803804,0.04334715445967543,0.04113133257143904,0.043658368137301944,0.5766737986733452,0.44338683153314795,0.6435551415941977,0.41381438316480007,0.3727591725905787,0.5358176767624591
original,100/50/50 Hz,0.6,gps,flight,ESKF alignment,3,0.03684018984768946,0.029277736576855642,0.04175653939591691,0.051254080019218974,0.03933270188275377,0.05166476997488833,0.04331077685772451,0.041138615345366884,0.043667037063548346,0.5779022537289855,0.4378395801954631,0.6007037521767974,0.38963456263101054,0.37220669423794633,0.5054761458346718
original,100/50/50 Hz,0.6,gps,flight,ESKF vector,3,0.03649453737424878,0.027931703516551533,0.041455235636492296,0.051247031452846405,0.039331502228512935,0.05165827758910404,0.04323016400634595,0.04075542815765494,0.0433942131054726,0.43652893003458654,0.42358334941951536,0.823020754100438,0.3787935966442316,0.36168953733060605,0.7468168359209097
original,100/50/50 Hz,0.6,gps,flight,ESKF alignment + vector,3,0.03658223015999683,0.027890323297787407,0.04110807002686474,0.051247827698571356,0.03933122247558998,0.051658140001639694,0.04311150359230752,0.04078707570624513,0.04325716213838431,0.42952761187237676,0.40613061851870896,0.6100564622447415,0.36755584236338745,0.3487669827308308,0.5452752556866096
original,100/50/50 Hz,0.6,gps,flight,PX4 EKF2,3,0.03923239171004518,0.03430904732701777,0.04300123492294992,0.12177263633988004,0.10968478252802855,0.2730444135171311,0.016595490664018678,0.013976346957977873,0.018916621214139,0.28653882973234696,0.23369111337241377,0.2884680052991079,0.27491464117384745,0.21198252893571617,0.2762166156080389
original,100/50/50 Hz,0.6,gps,flight,ArduPilot EKF3,3,0.09956893671436816,0.09867621449858992,0.10541071988804125,0.06287529222199847,0.062216583035155856,0.06352458095316195,0.05006605883278571,0.048942965057715004,0.0501940894029768,0.5558021243009076,0.44089121282708826,0.5833090460428149,0.5363641188247029,0.4192659684895359,0.5574986033289235
original,100/50/50 Hz,0.6,transition,after_return,ESKF baseline,3,0.048400618032300294,0.04524613880175613,0.05754960953808774,0.05934856559334075,0.045270765442913655,0.06051688870657116,0.0433672773497767,0.04067581407718821,0.044343361617977826,0.4032782869388711,0.39170842836949166,0.4199109690637907,0.2950960292760783,0.27263519827170946,0.3542945203990524
original,100/50/50 Hz,0.6,transition,after_return,ESKF alignment,3,0.0483974757449996,0.04518860238075176,0.05759886796070744,0.05934887167656022,0.045269640769572815,0.06051715027321969,0.043365425547264,0.04068230499610458,0.044338017351988675,0.40215361079567485,0.3975058129704989,0.42269373250957376,0.29431729887657254,0.2735465273961976,0.35500967224084
original,100/50/50 Hz,0.6,transition,after_return,ESKF vector,3,0.047365022827053425,0.03936517247051703,0.05718652262241075,0.05934382441819548,0.04526767503835114,0.06051010385059385,0.04320843411438467,0.04056194840747489,0.04413722783209264,0.349006725682074,0.32217416878136557,0.4171624125799907,0.2833993388141903,0.2598515760069649,0.3502975832245912
original,100/50/50 Hz,0.6,transition,after_return,ESKF alignment + vector,3,0.047280334903189475,0.039450432915732365,0.05713509478620685,0.05934362312255139,0.04526686639591096,0.06050923491113783,0.043216257082756,0.04055053411090909,0.044149612642038503,0.3494951850763901,0.3231294533172998,0.41625740596628896,0.28381615222397544,0.2608689222976251,0.3494113594212852
original,100/50/50 Hz,0.6,transition,after_return,PX4 EKF2,3,0.04152222381454915,0.03455799902306474,0.047202462855215205,0.13024547938412295,0.08702636818803827,0.22003468340241272,0.016010474347076545,0.013177334036035384,0.01625184521019941,0.20029860620942236,0.19340000888475153,0.31278006338692366,0.18581894373964805,0.17798989703329726,0.29747489392651555
original,100/50/50 Hz,0.6,transition,after_return,ArduPilot EKF3,3,0.07643686170105908,0.060469978829662006,0.07678725316088428,0.08159182348740589,0.06048396481713149,0.08401374021551475,0.030151614874758315,0.0291337916352928,0.03162621498775144,0.6914291941215964,0.47929082038210824,0.7560454887647035,0.6781502099872536,0.46623649741240397,0.7376160147290134
original,100/50/50 Hz,0.6,transition,outage_window,ESKF baseline,3,0.05716861715956508,0.03126070937192724,0.06571426142820676,0.05014101260173946,0.039382631890091474,0.05580075683106924,0.0487512546070556,0.045815882020891596,0.04942868270448256,0.6411051427477692,0.2608554450428489,0.7671033625505057,0.4571975891222141,0.23371246624108785,0.6591480740264037
original,100/50/50 Hz,0.6,transition,outage_window,ESKF alignment,3,0.05785182525454476,0.027812301184961433,0.06300674457164283,0.050192671501875306,0.039351490915777734,0.05583747465169039,0.04810877614722936,0.04541610282567612,0.04918225938733919,0.6284943909402209,0.2671140496672163,0.7093284220233506,0.40591682043376,0.2441508734644047,0.6145926371020508
original,100/50/50 Hz,0.6,transition,outage_window,ESKF vector,3,0.043097637426510245,0.016942920189333126,0.04560949023520841,0.04953502151619637,0.038797466998807664,0.055016866715865385,0.041059703234077594,0.039135196750776646,0.04209912995358175,0.2889710427996392,0.218990336903207,0.4320625586449742,0.22058551298241988,0.1438282744307091,0.3740363460052995
original,100/50/50 Hz,0.6,transition,outage_window,ESKF alignment + vector,3,0.03835344353722817,0.01499230922237882,0.04496877998263535,0.049566850153176086,0.038779719812564534,0.055019184122096304,0.03969231094249039,0.038905378719719046,0.041824741832142014,0.2580625004298016,0.20947224020323907,0.31727034365169143,0.18616243309565877,0.1320213413862751,0.25793775649576445
original,100/50/50 Hz,0.6,transition,outage_window,PX4 EKF2,3,0.03519787117287761,0.030458280793306276,0.037984309954233075,0.12018285232650011,0.11790752789085747,0.27467296335824537,0.015686892693347023,0.014190368760129038,0.01687542047266331,0.2642781278972851,0.1858804596472818,0.27138996226668854,0.24646773816836728,0.17020980675252345,0.24802265271808369
original,100/50/50 Hz,0.6,transition,outage_window,ArduPilot EKF3,3,0.18627057522585574,0.1383487889850296,0.18732588441620748,0.0370484967756228,0.026832258197922884,0.04065865270763408,0.06712238433186768,0.06329545896269957,0.06832359404178028,0.30224390481351615,0.24166856249910948,0.3585732018099601,0.25699788782967814,0.13525746708705957,0.3132551560282337
original,25/25/25 Hz,0.25,denied,flight,ESKF baseline,3,0.4435027120965566,0.17319210886059502,0.49894851089768694,0.059904653297932244,0.05802779865631934,0.06464136185796601,0.05386964261798765,0.05115444721491727,0.05581949421806048,0.34592095755509533,0.3340593163457265,0.4342470459121421,0.3009975806464882,0.29514501579862923,0.3528495907401679
original,25/25/25 Hz,0.25,denied,flight,ESKF alignment,3,0.31929179530609497,0.13408377251286388,0.49074502443908513,0.05977628489393292,0.0580730999039385,0.06498217508174105,0.05386506875572359,0.05101858178841181,0.055889042661294006,0.37228353943904136,0.32625367239041103,0.3975508644708259,0.2925324366308969,0.28861635860220514,0.3373620727545432
original,25/25/25 Hz,0.25,denied,flight,ESKF vector,3,0.1376684138515073,0.1291372876376794,0.42234849933133145,0.05946154220962754,0.057758472066089465,0.06468202542316324,0.0532680118789498,0.050380226183082216,0.055166577499883844,0.3738493796108112,0.3177423345147205,0.41277882015915657,0.306003813731129,0.24407023885912693,0.3378280744507107
original,25/25/25 Hz,0.25,denied,flight,ESKF alignment + vector,3,0.14385175489909527,0.13727896899891137,0.4050687995936514,0.059438808244129795,0.05776842844011739,0.06475100480696133,0.05322794530177615,0.050174790742109406,0.05511470897738616,0.3086983826501385,0.2990841827847883,0.34312960263447306,0.2248397079123251,0.22307496065130503,0.2729039787813297
original,25/25/25 Hz,0.25,denied,flight,PX4 EKF2,3,0.07964802721635128,0.06699503708054974,0.10935209829234209,0.6317249942835338,0.5237971973728098,0.6861456272986104,0.01202084642857939,0.011084011411818364,0.012096309421081839,0.32267253865324075,0.30045260202821905,0.43924442627212346,0.3030481063752351,0.28348321238941226,0.4293665767505968
original,25/25/25 Hz,0.25,denied,flight,ArduPilot EKF3,3,0.0812522857609022,0.0805686903099845,0.0939722030106567,0.054255829652516706,0.04588463391879937,0.05626547809155718,0.02390118009078988,0.02250927307709264,0.024414576145351457,0.2765705127865959,0.2750082804999379,0.3321330455797538,0.2605259222050393,0.2515800169114189,0.305857800087022
original,25/25/25 Hz,0.25,gps,flight,ESKF baseline,3,0.03181081468174364,0.028862407536133512,0.03254378942114599,0.05411394413993867,0.05354937067656982,0.06050633951551505,0.04644254974802228,0.04371839423233648,0.047164307475889414,0.5652398376025793,0.5596298648443351,0.6058793485496948,0.5069233223195824,0.5012806105982935,0.5080655602431596
original,25/25/25 Hz,0.25,gps,flight,ESKF alignment,3,0.03180150986649404,0.028887451225839963,0.03256238532415739,0.054113199426600575,0.053549447352906496,0.06050728961424992,0.04644210824377775,0.04371628792784187,0.04716265008159661,0.5642998784067037,0.5598338013609442,0.6043098903113749,0.5062053455253039,0.5012845325299098,0.5070605720583033
original,25/25/25 Hz,0.25,gps,flight,ESKF vector,3,0.031240743966946642,0.02830371798353638,0.031926180951533656,0.054111344009267426,0.05355033212868413,0.06050632494901672,0.04607914363396614,0.04342285175223324,0.046721363275225,0.5550558091277741,0.5194173446339952,0.5774858002809495,0.4839268199264268,0.4535239145746343,0.5034153614989569
original,25/25/25 Hz,0.25,gps,flight,ESKF alignment + vector,3,0.03123916045493852,0.02832048411528914,0.03196626353086782,0.05411159657862591,0.05355031189702382,0.06050621993032727,0.046077668482375184,0.0434320900934269,0.04671994675230126,0.5549583757300799,0.5174610339424686,0.5869513494732052,0.48382223460832147,0.45161040825047016,0.5126229038518584
original,25/25/25 Hz,0.25,gps,flight,PX4 EKF2,3,0.04940202350890884,0.04548508003587769,0.05207833853203542,0.8236453214554652,0.6674968889274555,0.8749721592302441,0.0173523732398797,0.014766270763185317,0.017656500646185045,0.33784081605297833,0.24557951500270447,0.3432020179075237,0.32230039714789477,0.21511561116858746,0.32738488057786547
original,25/25/25 Hz,0.25,gps,flight,ArduPilot EKF3,3,0.0726717855080497,0.06666731231815827,0.08094627123283275,0.05604247826811237,0.045133113876178604,0.0563627173191189,0.02409401402419342,0.024058518603078904,0.0255093049991195,0.3173596422226307,0.2651555546425959,0.32229573235898623,0.2905004425592169,0.2487261887976421,0.30015828125897426
original,25/25/25 Hz,0.25,transition,after_return,ESKF baseline,3,0.043100970646799776,0.04184829298219479,0.05400559162336437,0.06116888759391986,0.06021017515521152,0.06917099002166129,0.04755054148652351,0.04350572235556954,0.0475642627960685,0.5477132872344721,0.5367811312670422,0.5595753079461194,0.4887608932462348,0.4754498394089501,0.5254760705984355
original,25/25/25 Hz,0.25,transition,after_return,ESKF alignment,3,0.04313426558869703,0.0418329861774481,0.05396245169559694,0.061168401849546146,0.06021024961361867,0.06917152817316878,0.047552392399497594,0.04350361190196267,0.04756326475852475,0.5466805822482691,0.5378054528508387,0.558912569101914,0.488967691702695,0.4762756164703217,0.5243707644730674
original,25/25/25 Hz,0.25,transition,after_return,ESKF vector,3,0.03999495535717943,0.038498078978958,0.05093241718946012,0.061167378360195444,0.060211273759176474,0.06916934988654602,0.047275161030151835,0.0432832984321975,0.04732839763673856,0.5497392856700967,0.5167293716757563,0.6083385565678455,0.47884659980640404,0.45538243525462235,0.5284907935777492
original,25/25/25 Hz,0.25,transition,after_return,ESKF alignment + vector,3,0.040001670731194636,0.038491320520237356,0.05102214680787908,0.0611675425151033,0.06021130495322653,0.06916924642668276,0.04727466858234056,0.043283955412519004,0.047328098071340904,0.5497680802223901,0.516692164334714,0.6082127542455592,0.4788581417818584,0.45533729508472875,0.5284368071165191
original,25/25/25 Hz,0.25,transition,after_return,PX4 EKF2,3,0.05407230241427682,0.046621957263583466,0.06844373357695842,0.7522123035420253,0.5981806545517834,0.8207526048572736,0.01892993952097547,0.013442239620586188,0.022750557537510433,0.2524699967669603,0.1544170621733991,0.2637715232995913,0.23298982484590197,0.1324463669679597,0.2462709799413713
original,25/25/25 Hz,0.25,transition,after_return,ArduPilot EKF3,3,0.07015447082371477,0.06829926453817223,0.08706699838721785,0.04896928379096431,0.036610638276326185,0.05060524221856861,0.020371612560491893,0.017495728940502137,0.02491841656558364,0.15055570039782107,0.13051440533241887,0.19080104536824105,0.11033404803085596,0.09610358567478937,0.14958347417020876
original,25/25/25 Hz,0.25,transition,outage_window,ESKF baseline,3,0.04948844973272701,0.022005759438263103,0.05377758733329442,0.06184237683022633,0.05846897486437072,0.0634486879190495,0.05404199709837647,0.05241787561735057,0.05851167476081912,0.2808000635697315,0.21649594913458464,0.5899727575125382,0.22746532432077918,0.1364710400725811,0.48958254384599276
original,25/25/25 Hz,0.25,transition,outage_window,ESKF alignment,3,0.05014252988547296,0.021565694373761726,0.0535675475556715,0.06184599518841863,0.0584543376974695,0.06346916338422773,0.05404044378460789,0.05241267280503241,0.058508883074382186,0.29010688387488354,0.2201712884458253,0.5879881288125409,0.2356674765083091,0.14022211951906224,0.4895799955707192
original,25/25/25 Hz,0.25,transition,outage_window,ESKF vector,3,0.033252640451152476,0.019819738768798868,0.053434479406533744,0.06148524674653518,0.058131694442719734,0.06322367441011141,0.05286642244625947,0.05241486390050189,0.057587981248290676,0.25303876082114574,0.22930438568377137,0.5004381054952666,0.15808952104489343,0.13641653810052998,0.42989317818109746
original,25/25/25 Hz,0.25,transition,outage_window,ESKF alignment + vector,3,0.033285086214354574,0.0198087724859865,0.05187064267056289,0.061485231977474276,0.05813660660591871,0.06322049205620801,0.052858918394057174,0.05237656531045779,0.057580856161440895,0.2523456678530362,0.22969372785143402,0.4853181955262195,0.15701650749591636,0.13693016472828173,0.4149178953353543
original,25/25/25 Hz,0.25,transition,outage_window,PX4 EKF2,3,0.0442539987087188,0.033139555207922985,0.07347820012753845,0.8230848759271427,0.6842096076788166,0.886031480558112,0.01214810053364847,0.009913330184958687,0.014314155131368666,0.2643695095526665,0.23281956481331664,0.3252901461990633,0.24072309140229706,0.21478293712080404,0.3033966251132599
original,25/25/25 Hz,0.25,transition,outage_window,ArduPilot EKF3,3,0.09216889639517829,0.08458365574498611,0.13320758361764518,0.047113675155592206,0.03877884844430875,0.06451522321643681,0.024564756773227208,0.021795165437700097,0.026081461023239976,0.22021784485823004,0.20073952761532077,0.3224062462223238,0.1923591701698015,0.1834933036322336,0.2939434629770239
original,25/25/25 Hz,0.6,denied,flight,ESKF baseline,3,0.46543992269275963,0.16362690676392924,0.500832517686363,0.059841615441414274,0.058012952731395354,0.0646819894148441,0.054793066970610343,0.051858363346244475,0.05654521518333163,0.31409123093140046,0.30824802084450353,0.4054416521513818,0.274249945663641,0.2680376953231399,0.3087633948238226
original,25/25/25 Hz,0.6,denied,flight,ESKF alignment,3,0.37652388481728133,0.12248726737292139,0.4580795347878906,0.05971878758058816,0.058061418612398205,0.0650161189613366,0.054465682958194296,0.05169198823706963,0.056811003299664646,0.35377211416839216,0.30314853907654277,0.3625790711641927,0.26864656093578554,0.2513659572907814,0.3079690531352292
original,25/25/25 Hz,0.6,denied,flight,ESKF vector,3,0.14161209193527838,0.12462704169725823,0.4124629773665958,0.05946812512278281,0.0577494905031691,0.0646779373966547,0.05358219353431267,0.05144743094436693,0.05556478505043237,0.3487106244740264,0.3114928555007149,0.40408580994385335,0.2791768592896599,0.23745914803778054,0.32818544263941907
original,25/25/25 Hz,0.6,denied,flight,ESKF alignment + vector,3,0.14968306184122046,0.1330058566448134,0.39680882087564795,0.059450532582871383,0.0577570189617443,0.0647437251315373,0.053382291958908056,0.05057819345847248,0.05542179150609578,0.3037460131187811,0.2942638014665745,0.32082479725536833,0.21832286571490014,0.2179277014590414,0.2483061715176512
original,25/25/25 Hz,0.6,denied,flight,PX4 EKF2,3,0.09587194695320474,0.08711159428714374,0.11038526614618861,0.6269007200330335,0.5224614663396829,0.6782112320743979,0.018333224733311778,0.01665814802668897,0.020054434274091582,0.3640142046314653,0.29749685340606324,0.3766378317465015,0.34564760394807575,0.28103454526627486,0.3656602592003636
original,25/25/25 Hz,0.6,denied,flight,ArduPilot EKF3,3,0.18806891708291834,0.18131339128621463,0.20313511518417146,0.06508172737102125,0.05315911049906477,0.06812158342352198,0.06618017393816729,0.06554581286824242,0.06625817427172209,0.27096359479535476,0.2509838393762435,0.30071004138547974,0.2151298432624384,0.21103172673432616,0.25518926750868404
original,25/25/25 Hz,0.6,gps,flight,ESKF baseline,3,0.038544633810796106,0.03159964659662109,0.04376165249952617,0.05411626297498486,0.053532368059199795,0.06050424329856073,0.0471390761393512,0.044436273231327476,0.047795922347828694,0.48543701300137193,0.4684154033472093,0.4987651186378867,0.39464979397857136,0.3916086781525985,0.40522313134864907
original,25/25/25 Hz,0.6,gps,flight,ESKF alignment,3,0.038545482361850694,0.0316092612966443,0.043747019642149804,0.05411551359633515,0.0535324790781991,0.06050504235467095,0.04713768970630222,0.04443023333483246,0.04779449845344785,0.4843923817099252,0.4684940433409917,0.4981436907743603,0.3943182490941824,0.39176165471469204,0.4031185809548902
original,25/25/25 Hz,0.6,gps,flight,ESKF vector,3,0.03779738330299476,0.03098644244393634,0.04256779134589079,0.05411867306028887,0.0535314958486149,0.06050616193635346,0.04671772381684938,0.043991747531557525,0.047256230652559635,0.45108588927084664,0.44380395657260646,0.4674769212069403,0.3814949767723243,0.37238424781026863,0.38990047611597634
original,25/25/25 Hz,0.6,gps,flight,ESKF alignment + vector,3,0.03784185534831906,0.030998298404446182,0.04256765177677746,0.05411884908468239,0.053531514054160886,0.06050601503254928,0.04671648663900731,0.04401066200571496,0.04725390213643533,0.4509692335799658,0.4422222253455232,0.47647172665751747,0.38137572586929475,0.3707921398184762,0.3990765476790241
original,25/25/25 Hz,0.6,gps,flight,PX4 EKF2,3,0.049023500902146876,0.0482108049729497,0.054947261528639275,0.814327148025312,0.6632020263286212,0.871308470580294,0.019160503609631997,0.01780619526797453,0.022480145706880488,0.3158153870197839,0.2229968314040753,0.3169501393942255,0.29859517293087956,0.2009210233693881,0.30478311924950935
original,25/25/25 Hz,0.6,gps,flight,ArduPilot EKF3,3,0.11123010666302822,0.10613208645540617,0.11486115634930413,0.06923112396047013,0.05624819455550468,0.0722376518524041,0.052023867420403866,0.05194466196384033,0.05215611132921093,0.5152572899036902,0.420342220787388,0.5564950837616629,0.4932525409464116,0.38872673024826654,0.5431802806229563
original,25/25/25 Hz,0.6,transition,after_return,ESKF baseline,3,0.05114135331089495,0.04219969672992646,0.06076075079466223,0.061188259377302115,0.06020230387311895,0.06915766045572769,0.04756691926671416,0.044249615392287944,0.04819952759167205,0.43211241694071684,0.2963786820126521,0.4544404491183358,0.34867530525720825,0.2533900366374093,0.3487093459239429
original,25/25/25 Hz,0.6,transition,after_return,ESKF alignment,3,0.0511142766100299,0.04219564898923805,0.060761162640256494,0.06118792112707979,0.06020245502826691,0.0691581978929185,0.0475668694886284,0.044245369705298764,0.04819784137925576,0.430744117795667,0.2965633717214969,0.45515617380496554,0.3481940767491763,0.2534868352544101,0.3487863428548486
original,25/25/25 Hz,0.6,transition,after_return,ESKF vector,3,0.04869776371468452,0.03683306994744632,0.05970155237546566,0.06119355419373131,0.060201343670368716,0.06916297381205369,0.04721857215584694,0.04393175409839716,0.0478339868705193,0.4134072615953049,0.33114824846694135,0.43304445015003873,0.3390785067760553,0.2560332836606365,0.3456949814624653
original,25/25/25 Hz,0.6,transition,after_return,ESKF alignment + vector,3,0.048698826989298616,0.036829191915188506,0.05967227108792592,0.06119352448531498,0.060201365754538286,0.06916287686061838,0.047218119571318044,0.04392484147468919,0.04783366232822202,0.4134553507349564,0.33113230091891727,0.432622750477424,0.3391082396484434,0.25600298757142176,0.3452887260494823
original,25/25/25 Hz,0.6,transition,after_return,PX4 EKF2,3,0.054045559197941996,0.048323726732598604,0.06119164401985813,0.7464127093203867,0.5988400198550528,0.8148416872497382,0.020488139663163193,0.01612931016048231,0.021183478657633897,0.2307100371736549,0.1832570234216421,0.24233008070128356,0.2074236529635854,0.15831438637537718,0.22682143817768294
original,25/25/25 Hz,0.6,transition,after_return,ArduPilot EKF3,3,0.07782168848607038,0.06229402833600967,0.07849431806769253,0.07415832903322457,0.057426778030810685,0.07498092567446736,0.027488175541270154,0.027278170340300764,0.030710050132382483,0.5804093512093371,0.4631491175886266,0.7219619078205359,0.5670961679529211,0.4438765418548566,0.7050500027008926
original,25/25/25 Hz,0.6,transition,outage_window,ESKF baseline,3,0.04005941652324551,0.032113300808923925,0.06175243313810414,0.06172164760355533,0.05857746728897733,0.063594476213256,0.054726082895427026,0.05338382649683576,0.058970611194331786,0.35240679778600226,0.32460253976408365,0.4557161986008329,0.26236547677671856,0.24401828648371734,0.3971028549100431
original,25/25/25 Hz,0.6,transition,outage_window,ESKF alignment,3,0.03983721079473493,0.03231748905062373,0.06148504374456709,0.06172359883858684,0.058560512686625564,0.06361270531274352,0.054744271705076245,0.05330382375775477,0.05900425335595821,0.34667352676235663,0.33089415182606785,0.4552784814491093,0.25283245136395976,0.25044478819477883,0.39831661816924857
original,25/25/25 Hz,0.6,transition,outage_window,ESKF vector,3,0.03491012210640618,0.030010808464615322,0.040879613081000826,0.06140254725614352,0.058240830781548854,0.06338267119662534,0.053358949658476124,0.05208848399909244,0.05784660005045963,0.27845390871547954,0.2357742699279862,0.34948990000095675,0.19872074260106812,0.13908691360559639,0.2821583125462157
original,25/25/25 Hz,0.6,transition,outage_window,ESKF alignment + vector,3,0.034931090017449866,0.030082651767114492,0.04087605713393165,0.06140256152855075,0.05824756234464126,0.06337891623802484,0.053345714624053346,0.052088122962566374,0.05784064586430377,0.2786670859486404,0.2356191250374449,0.34855277096915155,0.1989307866243702,0.13906888578458354,0.2810734937620562
original,25/25/25 Hz,0.6,transition,outage_window,PX4 EKF2,3,0.050548687796265826,0.037380859296293305,0.05623628623427988,0.8120823787440943,0.6802842367275609,0.8740687242316819,0.016373329067818555,0.015857540644952157,0.017098240118818376,0.29624354936069536,0.2480813748171903,0.3113336791025986,0.2742062175674122,0.23098793269348677,0.29216943999140577
original,25/25/25 Hz,0.6,transition,outage_window,ArduPilot EKF3,3,0.15914793233451763,0.15375203676620894,0.17319770787835423,0.04431431198457973,0.042337225385390254,0.06435051152347845,0.06907482415295893,0.06791951006095827,0.07005001528883086,0.2857969637005168,0.2834333667345966,0.33036946812031015,0.22643498144095658,0.1892154205089681,0.2695471711398346
