dataset,seed,climb_height_m,scenario,estimator,window,horizontal_position_rmse_m,vertical_position_rmse_m,velocity_3d_rmse_m_s,yaw_rmse_deg
original,7,2,gps,retrodiction,flight,0.020345566076635034,0.03919115431859736,0.010517829442546731,0.19442716894603185
original,7,2,gps,retrodiction,outage_window,0.01909384483757045,0.036242104259858944,0.008622917766153553,0.1130807173797762
original,7,2,gps,retrodiction,after_return,0.023833006794307766,0.04533427846821275,0.010795009408828127,0.036207012313885525
original,7,2,gps,horizon,flight,0.02161372227354557,0.05061587891397329,0.010688680821873651,0.25823114752233384
original,7,2,gps,horizon,outage_window,0.017969022616300265,0.045228701981780965,0.007672939004383685,0.0653725571698617
original,7,2,gps,horizon,after_return,0.026136675878296625,0.06129279433372387,0.010614514954306134,0.03429791558383242
original,7,2,gps,px4,flight,0.03452116899386432,0.2972759089085394,0.014114129766437812,0.20504705195103143
original,7,2,gps,px4,outage_window,0.03007181041476419,0.3020518143237183,0.0156222724549651,0.14287922747173223
original,7,2,gps,px4,after_return,0.04322623453691928,0.3019080421347285,0.013165229829053243,0.1766072559734831
original,7,2,gps,ekf3,flight,0.12560036626284635,0.05753532582310624,0.06502471773342652,0.6283167556882024
original,7,2,gps,ekf3,outage_window,0.11722217987988322,0.039838194236184954,0.07900129542439412,0.5539719367899385
original,7,2,gps,ekf3,after_return,0.05979920171002359,0.0567958495842786,0.03265805580985045,0.806145053436304
original,7,2,denied,retrodiction,flight,0.12478944660537017,0.03896947432787137,0.02794473708103851,0.6692323510243567
original,7,2,denied,retrodiction,outage_window,0.11572712617969035,0.03618488482848855,0.018310698491012245,0.08156349364759517
original,7,2,denied,retrodiction,after_return,0.1400637422263901,0.04491179709033552,0.01923949581355672,0.051451487850790685
original,7,2,denied,horizon,flight,0.05581876514968002,0.049403423527285245,0.01799032992216029,0.27616264266049867
original,7,2,denied,horizon,outage_window,0.038296478684382566,0.04255969786006087,0.016868638267640113,0.06028535344840055
original,7,2,denied,horizon,after_return,0.060248453238296445,0.06007185818418455,0.014496119787284852,0.04877377440597394
original,7,2,denied,px4,flight,0.0968829488887192,0.11544457816309248,0.016323084920749437,0.2919590799277039
original,7,2,denied,px4,outage_window,0.06203357765152589,0.11044736558933854,0.011632477175825547,0.13916563978388136
original,7,2,denied,px4,after_return,0.13322395922424382,0.12371342979088809,0.01073091404744236,0.06793181451866695
original,7,2,denied,ekf3,flight,0.23979999207933508,0.05632076672400249,0.08148068071444894,0.2639872863122508
original,7,2,denied,ekf3,outage_window,0.19268068229061053,0.03753393167077846,0.08796138505803687,0.27972118431791215
original,7,2,denied,ekf3,after_return,0.28999909685575675,0.05508641538528351,0.0749008250540082,0.2395472156494948
original,7,2,transition,retrodiction,flight,0.02003562174759951,0.03924831333999359,0.011446083662381276,0.1919428206039487
original,7,2,transition,retrodiction,outage_window,0.014972984699981672,0.0366137366182077,0.011564211527345257,0.0997152098125679
original,7,2,transition,retrodiction,after_return,0.025374953800141077,0.04522639044632784,0.010950435761052917,0.03447215486578406
original,7,2,transition,horizon,flight,0.023152955334926142,0.05042420517096426,0.011361271588033744,0.2591854196316583
original,7,2,transition,horizon,outage_window,0.014782335236967361,0.04501550681887203,0.00999668049185738,0.053211804044967954
original,7,2,transition,horizon,after_return,0.03038637857719712,0.06103871345895255,0.01080393926315205,0.05846563466519345
original,7,2,transition,px4,flight,0.03917671563996586,0.27260322078963944,0.015875029766320017,0.2825715627464712
original,7,2,transition,px4,outage_window,0.03843744084169491,0.2989453638039832,0.016909273436664245,0.24947913939169403
original,7,2,transition,px4,after_return,0.047381001495826774,0.24393981701740367,0.01631014312381567,0.2977527910280879
original,7,2,transition,ekf3,flight,0.15471978327462058,0.05582586021401575,0.06964629433053404,0.5919158900068603
original,7,2,transition,ekf3,outage_window,0.19268063752518927,0.03753393167077846,0.08796138505803687,0.27972131651287735
original,7,2,transition,ekf3,after_return,0.07224844280292973,0.0538895466208429,0.03751226875092803,0.8467404166358772
original,7,4,gps,retrodiction,flight,0.0226218280762524,0.03921610668001636,0.01123090528879894,0.21134417221521834
original,7,4,gps,retrodiction,outage_window,0.021182162820330534,0.036262061087427334,0.008664600829278347,0.10750776937226288
original,7,4,gps,retrodiction,after_return,0.026977987227296652,0.04534044656209545,0.010870751136702038,0.03514124209803453
original,7,4,gps,horizon,flight,0.023173602499967402,0.05061800942373198,0.011468294157083723,0.2608122760265439
original,7,4,gps,horizon,outage_window,0.019683210904737684,0.045280193153961444,0.007572315054648983,0.060010644616354844
original,7,4,gps,horizon,after_return,0.027928286040999128,0.06126445403062171,0.010587878017399415,0.03496679213685241
original,7,4,gps,px4,flight,0.04292018464921827,0.29732520793356954,0.015687449473825516,0.20294257513418856
original,7,4,gps,px4,outage_window,0.03588573207449143,0.3013743675166182,0.016309631874316107,0.17432455007753428
original,7,4,gps,px4,after_return,0.05344699990742559,0.30029620337260343,0.015913490518010515,0.142373231624779
original,7,4,gps,ekf3,flight,0.1528833631917681,0.05556326185925657,0.05751587813427372,0.5984076542889726
original,7,4,gps,ekf3,outage_window,0.19187172412044845,0.04672379529390423,0.07170173543690127,0.6740001830188135
original,7,4,gps,ekf3,after_return,0.06094263928772498,0.054753837856354876,0.022605753532736392,0.3902469694679054
original,7,4,denied,retrodiction,flight,0.13190780117217757,0.03902133186893117,0.029123339742562867,0.6974201598041737
original,7,4,denied,retrodiction,outage_window,0.12408065602162958,0.036370794915774975,0.014141925325061021,0.06716576856423638
original,7,4,denied,retrodiction,after_return,0.149554551509974,0.04501350430298638,0.01618108479627866,0.05487282072138468
original,7,4,denied,horizon,flight,0.06499666809647511,0.049667261469861744,0.015656335390193434,0.24736371965754725
original,7,4,denied,horizon,outage_window,0.04746248301666967,0.04304804970368317,0.014050954146766945,0.04614299825564442
original,7,4,denied,horizon,after_return,0.07022808091043989,0.06028687534183536,0.012540297272182241,0.05227477796084438
original,7,4,denied,px4,flight,0.14799081070543518,0.11586558601999286,0.014911716603568213,0.20623445225630047
original,7,4,denied,px4,outage_window,0.09819099976060641,0.10997483930616435,0.011506183780282304,0.13449168712098414
original,7,4,denied,px4,after_return,0.20609681813376457,0.12328844217582045,0.011913370240109957,0.05903030551782291
original,7,4,denied,ekf3,flight,0.2480143964201122,0.054608463847277966,0.06758130054011251,0.6268826196059749
original,7,4,denied,ekf3,outage_window,0.20105506788061459,0.04350369585832143,0.07160308556719774,0.7153281083442004
original,7,4,denied,ekf3,after_return,0.3010507526949642,0.05448567040975085,0.0589969480572022,0.43728850374275197
original,7,4,transition,retrodiction,flight,0.02289029226431173,0.03933284542092987,0.011336704185688209,0.20911186724009406
original,7,4,transition,retrodiction,outage_window,0.015055126652666248,0.03684731370598507,0.008843837768084103,0.09173728413428792
original,7,4,transition,retrodiction,after_return,0.030381661609771553,0.04522404574147043,0.011019552500642245,0.03722731419338309
original,7,4,transition,horizon,flight,0.025095444515997333,0.05062284426617418,0.011753259131244002,0.26203863780749775
original,7,4,transition,horizon,outage_window,0.014949842319305524,0.04580987189391729,0.00836665340654711,0.04582635965763227
original,7,4,transition,horizon,after_return,0.033480386795514225,0.06097784237669194,0.010870059079394272,0.06209205674777936
original,7,4,transition,px4,flight,0.051530196048034216,0.27300309770808906,0.016811365881364393,0.26837710629583655
original,7,4,transition,px4,outage_window,0.05685558478799662,0.29836755080528055,0.01575200760105551,0.2683220035874394
original,7,4,transition,px4,after_return,0.057524492963501477,0.2427592710438355,0.018774555347957068,0.2480721045241352
original,7,4,transition,ekf3,flight,0.15882722341742506,0.05267876386227507,0.05923879500728478,0.7086603059031062
original,7,4,transition,ekf3,outage_window,0.20105506788061459,0.04350369585832143,0.07160315452628431,0.715328291477474
original,7,4,transition,ekf3,after_return,0.07322373045138451,0.049821307690585556,0.031533127645962826,0.669239922322215
original,19,2,gps,retrodiction,flight,0.022721993462899534,0.051094483177326684,0.011601016183691675,0.07932779404443167
original,19,2,gps,retrodiction,outage_window,0.021952881496034197,0.04839980234421066,0.013792473378991548,0.03425732008671196
original,19,2,gps,retrodiction,after_return,0.024673252309463493,0.06031198389729532,0.01005114676043155,0.06886181646885801
original,19,2,gps,horizon,flight,0.0234133345413366,0.08965464003366581,0.01134227607269749,0.11440805195134683
original,19,2,gps,horizon,outage_window,0.023478915337665725,0.08520761133036418,0.01428345296054392,0.058312492857379716
original,19,2,gps,horizon,after_return,0.02525364553573821,0.10369926516424309,0.00980870396092971,0.043025020841267796
original,19,2,gps,px4,flight,0.03939746278600224,0.16400848822926245,0.016666041837030108,0.2729104580137353
original,19,2,gps,px4,outage_window,0.037701102812322786,0.16022355646096487,0.016964508691706178,0.23139056316379267
original,19,2,gps,px4,after_return,0.03414832671252184,0.17498453122057497,0.011790047430544645,0.1821247328290992
original,19,2,gps,ekf3,flight,0.1207192159838928,0.05682033244540661,0.0626958827769789,0.639413718477929
original,19,2,gps,ekf3,outage_window,0.14310419285684947,0.044675531856561784,0.07664442458736043,0.5973326303737524
original,19,2,gps,ekf3,after_return,0.05105771169746021,0.06115708090646577,0.03458608384731465,0.8086629849060848
original,19,2,denied,retrodiction,flight,0.11704649749568274,0.0511518674024206,0.01996523092690707,0.34398562568114055
original,19,2,denied,retrodiction,outage_window,0.11491640075098096,0.04868769882586117,0.013005977208885884,0.11153525035078228
original,19,2,denied,retrodiction,after_return,0.11185672014048831,0.060163128915519934,0.02172490985137538,0.03282941335513739
original,19,2,denied,horizon,flight,0.06520192790653973,0.09060336751896027,0.01624492032595076,0.19504404766174332
original,19,2,denied,horizon,outage_window,0.06056914934422965,0.08715256861357365,0.015872539534129416,0.07918156913415272
original,19,2,denied,horizon,after_return,0.06708091908968283,0.10372551895387049,0.017780747341052786,0.0224536653747638
original,19,2,denied,px4,flight,0.08403564512977922,0.13688458243994464,0.015494133038528304,0.2162068919694446
original,19,2,denied,px4,outage_window,0.06487702413992263,0.1345281409532345,0.01739761231366095,0.2988818522619073
original,19,2,denied,px4,after_return,0.11337500914315961,0.14853549041811523,0.013309669032434109,0.12973964808377253
original,19,2,denied,ekf3,flight,0.20071431113903726,0.05871235674477457,0.07984165359020373,0.3137372436084683
original,19,2,denied,ekf3,outage_window,0.18944398073193477,0.045607329674077615,0.08945390104138216,0.4111275668522544
original,19,2,denied,ekf3,after_return,0.22688103154947817,0.06473625379182828,0.07310042732484076,0.2555128638208568
original,19,2,transition,retrodiction,flight,0.024721212457515077,0.05142480370057391,0.012782124832977188,0.06839158487732275
original,19,2,transition,retrodiction,outage_window,0.02711375394738102,0.04948098202395571,0.016638151110673956,0.04482193278942348
original,19,2,transition,retrodiction,after_return,0.02533269402390787,0.060313732207879216,0.01018610398593448,0.01785964576574256
original,19,2,transition,horizon,flight,0.02624495468859662,0.09090445336664224,0.01395724832827311,0.11662594330611534
original,19,2,transition,horizon,outage_window,0.029463604157079756,0.08922282625649741,0.019875106611388565,0.08274455597486048
original,19,2,transition,horizon,after_return,0.027028776392789586,0.10372352170376926,0.010412915079409177,0.021692761118686395
original,19,2,transition,px4,flight,0.04164450247027579,0.16304136131958133,0.016773243659280963,0.2777975423565556
original,19,2,transition,px4,outage_window,0.03544715840910583,0.1610344237383734,0.015687891307278757,0.24444236326174662
original,19,2,transition,px4,after_return,0.04144523984737613,0.1722814877154627,0.013367604591882245,0.18664471270183428
original,19,2,transition,ekf3,flight,0.14181758408994954,0.058029298198576315,0.06968992473750801,0.5748268714372853
original,19,2,transition,ekf3,outage_window,0.18944391097429436,0.045607329674077615,0.08945388742625984,0.4111279941870579
original,19,2,transition,ekf3,after_return,0.06376622378438453,0.06327235020133201,0.04214697530444605,0.7813286910738365
original,19,4,gps,retrodiction,flight,0.025570052940944527,0.051104258353961006,0.011652902142118579,0.0719945566458226
original,19,4,gps,retrodiction,outage_window,0.02467638876619466,0.04838834165035555,0.013860098736224747,0.035434662111409214
original,19,4,gps,retrodiction,after_return,0.029135619101692534,0.0603265414198651,0.010319345985501112,0.07422672301278378
original,19,4,gps,horizon,flight,0.026153366574000643,0.0896126074575096,0.011381583515627106,0.11564568260307419
original,19,4,gps,horizon,outage_window,0.02621538903912527,0.08512776576301843,0.014226098525741358,0.058366710486959614
original,19,4,gps,horizon,after_return,0.029157341293944337,0.10367831465982504,0.009888077537390325,0.048125903882349746
original,19,4,gps,px4,flight,0.044643461031121885,0.16522813889823584,0.01741931836447514,0.2715508142980303
original,19,4,gps,px4,outage_window,0.04334325600188461,0.1607197789775214,0.01762247046742042,0.26521253373238957
original,19,4,gps,px4,after_return,0.04152932899460677,0.17524322885612978,0.013390752089126594,0.13385865146771345
original,19,4,gps,ekf3,flight,0.1356771180561279,0.0557349494483442,0.057190029600332086,0.5734217793540557
original,19,4,gps,ekf3,outage_window,0.192572987830586,0.052123123851127724,0.07615188737382676,0.43307905499826976
original,19,4,gps,ekf3,after_return,0.05251542064179496,0.05954185750377628,0.022709520700695488,0.4644700945832853
original,19,4,denied,retrodiction,flight,0.11997261488041358,0.05125240185523562,0.01796232954554068,0.35298085466550183
original,19,4,denied,retrodiction,outage_window,0.11558357507661361,0.04848303900650088,0.009588408257625008,0.12001294155427895
original,19,4,denied,retrodiction,after_return,0.11318024889899707,0.06044699662849886,0.017123223074289318,0.030757459642392678
original,19,4,denied,horizon,flight,0.06547940455645315,0.09059941915688625,0.012732036639226937,0.1848212575789671
original,19,4,denied,horizon,outage_window,0.060050190263366776,0.0859151477244759,0.0114165924630251,0.08078439380208492
original,19,4,denied,horizon,after_return,0.06850172679284866,0.10453005212296969,0.013771877186254212,0.01879057780923273
original,19,4,denied,px4,flight,0.13166846439416552,0.13709320607322134,0.015014497714346698,0.22564145765671598
original,19,4,denied,px4,outage_window,0.09688618737856354,0.13366020021128516,0.014333957413239711,0.2295865760989469
original,19,4,denied,px4,after_return,0.1803298661715648,0.14802225762058135,0.0143385343247935,0.13072600451165564
original,19,4,denied,ekf3,flight,0.22264191652978652,0.05685300088085429,0.0662888268538903,0.5072372511098837
original,19,4,denied,ekf3,outage_window,0.20894734002116674,0.049172233560550546,0.07405052475509433,0.43239651156582976
original,19,4,denied,ekf3,after_return,0.2665624870425375,0.06375917455551004,0.05824681080516276,0.21930975096351904
original,19,4,transition,retrodiction,flight,0.025885483677398215,0.05142179125672425,0.012305871127037708,0.05595329443575088
original,19,4,transition,retrodiction,outage_window,0.026281542303632766,0.04942845266846538,0.015379355269575826,0.04045751189255527
original,19,4,transition,retrodiction,after_return,0.02873464579222794,0.06032819847940406,0.010485056852276997,0.0200116053891742
original,19,4,transition,horizon,flight,0.027766114822608046,0.09074436936273104,0.013126349921051465,0.11660869492052206
original,19,4,transition,horizon,outage_window,0.029851670986960243,0.08876148424701892,0.017721408246436355,0.08169102522465697
original,19,4,transition,horizon,after_return,0.030026595099062532,0.10370621587042445,0.010701014374048868,0.019790138566808894
original,19,4,transition,px4,flight,0.050902097576841325,0.16339010323813477,0.016816194319105793,0.2722068606713687
original,19,4,transition,px4,outage_window,0.05090432736041788,0.16028397147036413,0.014277311786864217,0.2537742588683902
original,19,4,transition,px4,after_return,0.05094595384172544,0.17145169241290678,0.014519683313436733,0.15234398527730011
original,19,4,transition,ekf3,flight,0.1451888532589792,0.055180670303248996,0.058874637906759335,0.6023273063603565
original,19,4,transition,ekf3,outage_window,0.20894734002116674,0.049172233560550546,0.07405052475509433,0.43239657229520234
original,19,4,transition,ekf3,after_return,0.06407005084163193,0.060207496252543166,0.03481271122724885,0.5440971817637796
original,41,2,gps,retrodiction,flight,0.023776862403050582,0.05162268434360309,0.024850955988703002,1.034275445377832
original,41,2,gps,retrodiction,outage_window,0.010156447732045522,0.05349559083699019,0.010654521922061254,0.04653659502267855
original,41,2,gps,retrodiction,after_return,0.011473243744554324,0.058646716521678244,0.008103899741027992,0.047870332223032976
original,41,2,gps,horizon,flight,0.015729701272406135,0.06441604075211613,0.009968456638090659,0.17516003749343423
original,41,2,gps,horizon,outage_window,0.015872284482333417,0.06351712402290739,0.009095915146586572,0.03705911315542649
original,41,2,gps,horizon,after_return,0.01057947780164029,0.07625455210674431,0.007720747025929288,0.0618503717468245
original,41,2,gps,px4,flight,0.043522614587416374,0.1685058950530368,0.019077065699441415,0.27418338694943006
original,41,2,gps,px4,outage_window,0.051490329853976814,0.18769746565450743,0.020192096162484928,0.26243142802890934
original,41,2,gps,px4,after_return,0.03816067121196119,0.16956169252963837,0.015568004005497807,0.12345491507583484
original,41,2,gps,ekf3,flight,0.11437473594405341,0.04725530428159385,0.06014025029800302,0.5604725734387382
original,41,2,gps,ekf3,outage_window,0.11006124662568091,0.05170399958739491,0.06710558397801007,0.6414220592435733
original,41,2,gps,ekf3,after_return,0.06081995465849979,0.04931056129268861,0.04079746144314451,0.619893575010276
original,41,2,denied,retrodiction,flight,0.16311614907538982,0.053371643583104145,0.08629585278124409,2.121221489298556
original,41,2,denied,retrodiction,outage_window,0.13809062232392202,0.0575894398760447,0.05521475074386613,0.20685855499903902
original,41,2,denied,retrodiction,after_return,0.1426222033935274,0.058861376732549,0.017281008357538777,0.04957344469783279
original,41,2,denied,horizon,flight,0.10214005316871352,0.06526976135504152,0.014431764076735727,0.12855011227516555
original,41,2,denied,horizon,outage_window,0.09728692882162483,0.06647344968563783,0.016728595415875982,0.06428661872136426
original,41,2,denied,horizon,after_return,0.09284069538009933,0.0759744482506388,0.013355082366057541,0.03511629308465812
original,41,2,denied,px4,flight,0.10144762302916255,0.11010976344836669,0.01262592297897117,0.1458646659397064
original,41,2,denied,px4,outage_window,0.07549666246463911,0.11719788144638467,0.008872997270115812,0.10807969839167479
original,41,2,denied,px4,after_return,0.13876194352342677,0.11756840430548293,0.0119777535806514,0.03804366617621918
original,41,2,denied,ekf3,flight,0.2462128356204803,0.043769386899458994,0.08004159997200185,0.3417325094671706
original,41,2,denied,ekf3,outage_window,0.17766519832992567,0.049251967473391355,0.08504980407307373,0.44975000420547473
original,41,2,denied,ekf3,after_return,0.31753351229116017,0.04326113972146365,0.0785668808981808,0.2781360904407731
original,41,2,transition,retrodiction,flight,0.031699657560265763,0.05198099344918358,0.026656439866831135,1.034342976656683
original,41,2,transition,retrodiction,outage_window,0.028052306934302135,0.054784835710472844,0.01950630772799745,0.06745976410536779
original,41,2,transition,retrodiction,after_return,0.025528314581571385,0.05849764441239239,0.009164079566410011,0.028826750356575982
original,41,2,transition,horizon,flight,0.016745604478232826,0.0653340447711716,0.01295831030435204,0.17251549426090926
original,41,2,transition,horizon,outage_window,0.012226946598930085,0.06694278000527916,0.016644649180047152,0.05247156011796524
original,41,2,transition,horizon,after_return,0.016318069652812007,0.07589126918783398,0.008658260386757198,0.025097060183697503
original,41,2,transition,px4,flight,0.03542789952939609,0.15542653178768823,0.017570490302547506,0.2626349763280257
original,41,2,transition,px4,outage_window,0.030761707384904084,0.18019974875612574,0.013991789861765339,0.1678933235124791
original,41,2,transition,px4,after_return,0.03511584964719661,0.1444417156397456,0.016479585917180628,0.17659018495358578
original,41,2,transition,ekf3,flight,0.1480327636221982,0.04413636802848669,0.06879231018550157,0.5051400062930409
original,41,2,transition,ekf3,outage_window,0.17766514929349772,0.049251967473391355,0.08504980407307373,0.44974958837717893
original,41,2,transition,ekf3,after_return,0.09932761857626343,0.04412863730051043,0.0473096320318893,0.6344804816641438
original,41,4,gps,retrodiction,flight,0.02419611808697524,0.05161211142355019,0.02414017651232257,0.956617334446702
original,41,4,gps,retrodiction,outage_window,0.012519290976616715,0.053500651031064335,0.011259045291290954,0.0641444910147827
original,41,4,gps,retrodiction,after_return,0.010256689822992425,0.05866643684391344,0.00858895123971057,0.05350634011579976
original,41,4,gps,horizon,flight,0.01628968370719928,0.06435810200440269,0.011033894782338247,0.19798358188921025
original,41,4,gps,horizon,outage_window,0.019376288150266135,0.06348548255030216,0.009238902344489779,0.04256901032553476
original,41,4,gps,horizon,after_return,0.010760660155267915,0.07617784006238125,0.00796998212223012,0.06616395622366364
original,41,4,gps,px4,flight,0.05104955924493733,0.16923194258922214,0.020619155118093094,0.28603790360978765
original,41,4,gps,px4,outage_window,0.05970103416401615,0.18645044608755967,0.022257100700245416,0.2886833012526327
original,41,4,gps,px4,after_return,0.04892723827291391,0.17047975764643583,0.018818799830055643,0.14451197285429243
original,41,4,gps,ekf3,flight,0.13694933744490387,0.046657281086853346,0.057182342180738685,0.6165913427109541
original,41,4,gps,ekf3,outage_window,0.17971495723972966,0.05514192567064255,0.07413759640911839,0.722470760216597
original,41,4,gps,ekf3,after_return,0.058570989358134644,0.04760081427874948,0.028822439813747283,0.4325035093578171
original,41,4,denied,retrodiction,flight,0.1712136842222701,0.05315169079149033,0.09063389531374941,2.222624169176982
original,41,4,denied,retrodiction,outage_window,0.11983733237797078,0.05677614621938559,0.04589704888457927,0.325866160285559
original,41,4,denied,retrodiction,after_return,0.13115001492477865,0.05957577295779095,0.013451475637646131,0.03969287797550351
original,41,4,denied,horizon,flight,0.08366919922888216,0.0656424885687595,0.012388590006564516,0.07833108141302932
original,41,4,denied,horizon,outage_window,0.0801512670581059,0.06668534091475375,0.01633231031995668,0.05941343878790764
original,41,4,denied,horizon,after_return,0.07374213186880146,0.07655916900494977,0.010403801869636475,0.029545639120378647
original,41,4,denied,px4,flight,0.1512450202849108,0.11024995373138854,0.013678416218373403,0.15765452224758184
original,41,4,denied,px4,outage_window,0.10922704966805494,0.1167161916720962,0.009132342884449795,0.09641063372705665
original,41,4,denied,px4,after_return,0.20901339153489845,0.11707267034504144,0.013602282827110963,0.04072299561769659
original,41,4,denied,ekf3,flight,0.2563064487760346,0.04406529830362952,0.06732212288639797,0.6229705243252048
original,41,4,denied,ekf3,outage_window,0.1844522671145891,0.05336593395291295,0.0714629648015498,0.7098688190298669
original,41,4,denied,ekf3,after_return,0.33532176728843294,0.04310178198172321,0.06394964167123571,0.46816526392144714
original,41,4,transition,retrodiction,flight,0.03039783251769341,0.052029746384353925,0.026180968427306942,0.9559030049698699
original,41,4,transition,retrodiction,outage_window,0.024306310569691562,0.05496771659982845,0.020792986199399236,0.053169540754272895
original,41,4,transition,retrodiction,after_return,0.023985525540484574,0.0585159947787524,0.009269124512993401,0.02486094315466011
original,41,4,transition,horizon,flight,0.018097143902086797,0.06534120014802126,0.013742389216703944,0.19400450854112505
original,41,4,transition,horizon,outage_window,0.01417307282309647,0.06707191497004691,0.016580216603108114,0.043823335947124425
original,41,4,transition,horizon,after_return,0.019818535539059243,0.0758388333289869,0.008891626379030388,0.02511941478422454
original,41,4,transition,px4,flight,0.04501352611033224,0.1559335721682711,0.018179586802707905,0.2742479681649939
original,41,4,transition,px4,outage_window,0.04593461432898962,0.17966481463437456,0.013487779537146413,0.19385241682621862
original,41,4,transition,px4,after_return,0.046064294626424106,0.1440999210609278,0.019152241426276653,0.19919764424936237
original,41,4,transition,ekf3,flight,0.1475352658771841,0.0431945603809409,0.059090482757375974,0.6475216067991999
original,41,4,transition,ekf3,outage_window,0.184452189613284,0.05336593395291295,0.0714629648015498,0.7098684386560492
original,41,4,transition,ekf3,after_return,0.09598857523582219,0.040978158938634615,0.0405485688762917,0.5408149880432753
held-out,101,2,gps,retrodiction,flight,0.016041233808287488,0.059486737548214326,0.00926018864341657,0.08328562933129284
held-out,101,2,gps,retrodiction,outage_window,0.01349399230760842,0.06215762557709636,0.008961195944558476,0.04656288981966383
held-out,101,2,gps,retrodiction,after_return,0.011703622683939985,0.06515973004821561,0.008372984325058341,0.04414148027541649
held-out,101,2,gps,horizon,flight,0.016677666287377973,0.09138974840269268,0.009818425949373865,0.129409064840183
held-out,101,2,gps,horizon,outage_window,0.015369013182531395,0.09149630161182007,0.010604525667539779,0.06119550179568435
held-out,101,2,gps,horizon,after_return,0.01100006331108742,0.1018556806469158,0.00921711762707953,0.059640427197914285
held-out,101,2,gps,px4,flight,0.0371828458221614,0.1773084401145612,0.01673885014131471,0.2574766567685539
held-out,101,2,gps,px4,outage_window,0.03518173380841359,0.1791386082391928,0.01246949183375211,0.14555733218508132
held-out,101,2,gps,px4,after_return,0.036987027712066536,0.16518336429295968,0.013461382268205818,0.08913880270496705
held-out,101,2,gps,ekf3,flight,0.1635274381284621,0.04328044959466321,0.09012627333487049,0.4452524842374791
held-out,101,2,gps,ekf3,outage_window,0.18737218801009314,0.05116732915966333,0.11065987067849775,0.527347439238066
held-out,101,2,gps,ekf3,after_return,0.06803519063147619,0.0382996334186112,0.04752538143802389,0.4544532180401367
held-out,101,2,denied,retrodiction,flight,0.07543504086998826,0.06074806303513512,0.018473087176656158,0.2614944821575573
held-out,101,2,denied,retrodiction,outage_window,0.06684988443749708,0.06348677796966523,0.011362336942972506,0.04205399733565524
held-out,101,2,denied,retrodiction,after_return,0.07416366720264164,0.06688824755050989,0.016426217630236634,0.029678795021984537
held-out,101,2,denied,horizon,flight,0.02598767564802455,0.09451853811160253,0.019604092740130735,0.2729473003593387
held-out,101,2,denied,horizon,outage_window,0.028074922639123662,0.09247924697555453,0.015256116616135,0.04512649870740517
held-out,101,2,denied,horizon,after_return,0.017155674206665493,0.10734823901231838,0.018745655847609743,0.019136099232749764
held-out,101,2,denied,px4,flight,0.09654873289109482,0.12021505941633724,0.019915999281435236,0.2484166375162645
held-out,101,2,denied,px4,outage_window,0.08702247268258169,0.12230162249962861,0.02132084658895274,0.24293670055951483
held-out,101,2,denied,px4,after_return,0.12168478830758982,0.12862426122419032,0.01593171169635049,0.12117409155463997
held-out,101,2,denied,ekf3,flight,0.3385991242406279,0.04146054692305368,0.11383750128953238,0.2031370411983411
held-out,101,2,denied,ekf3,outage_window,0.29760951665126717,0.049211547899519134,0.1216025813741398,0.16296819775236268
held-out,101,2,denied,ekf3,after_return,0.41366122575700026,0.035379137991194756,0.10824795804293356,0.16206547467337046
held-out,101,2,transition,retrodiction,flight,0.02095516112927546,0.06010580954635349,0.009432480528335807,0.07897425334197031
held-out,101,2,transition,retrodiction,outage_window,0.017852762061160092,0.06387150812030008,0.00890511481849734,0.03826986426616125
held-out,101,2,transition,retrodiction,after_return,0.021487767929503503,0.06525164062296941,0.008855887158317447,0.028846776731889248
held-out,101,2,transition,horizon,flight,0.022942125627520783,0.09241688953728433,0.010153761555760364,0.12025406606095558
held-out,101,2,transition,horizon,outage_window,0.022316602958032894,0.09410148550443304,0.010738070971855702,0.012010338689029496
held-out,101,2,transition,horizon,after_return,0.0225365302181552,0.1022526845550941,0.009927560670056757,0.029768224032476018
held-out,101,2,transition,px4,flight,0.04056746784736696,0.18238174253224188,0.016965567136846407,0.2713367029416269
held-out,101,2,transition,px4,outage_window,0.03553152879820755,0.1761009735906742,0.012445905900727068,0.15117962605901247
held-out,101,2,transition,px4,after_return,0.04436106521386496,0.1799532717345499,0.014128225584547766,0.15465609163469984
held-out,101,2,transition,ekf3,flight,0.21215126503954407,0.043507966036181754,0.10187571332041848,0.39895672654621256
held-out,101,2,transition,ekf3,outage_window,0.29760951665126717,0.049211547899519134,0.1216025813741398,0.1629683330993191
held-out,101,2,transition,ekf3,after_return,0.08636418036418203,0.040749280668497694,0.07519227648175872,0.5507580626254155
held-out,101,4,gps,retrodiction,flight,0.018720742399593135,0.05948674603748756,0.00877977322507008,0.08783141745031776
held-out,101,4,gps,retrodiction,outage_window,0.0160373363706227,0.06214296487683853,0.009174721519054865,0.051021900654663326
held-out,101,4,gps,retrodiction,after_return,0.014018340378145103,0.06516398297315125,0.008099790226535113,0.049982923308690995
held-out,101,4,gps,horizon,flight,0.018883865859926147,0.09126935014681864,0.009973824237103164,0.13841179902970313
held-out,101,4,gps,horizon,outage_window,0.016923240244245682,0.09135267775356323,0.010704312488756229,0.06265203799937534
held-out,101,4,gps,horizon,after_return,0.012776449255327714,0.10168547731284962,0.009064973291857457,0.05992635398025813
held-out,101,4,gps,px4,flight,0.04563439837647061,0.17719070700203066,0.0175816097031288,0.24770405034549406
held-out,101,4,gps,px4,outage_window,0.043703072697541576,0.17960756383362592,0.013200773513630274,0.11518845043835849
held-out,101,4,gps,px4,after_return,0.046457675245404166,0.1680311259598296,0.01427320257054634,0.06326388644822656
held-out,101,4,gps,ekf3,flight,0.17101409173822527,0.04464100884443906,0.08841994399692801,0.6634140419844179
held-out,101,4,gps,ekf3,outage_window,0.22752095921316426,0.054948354722108544,0.11142464753487168,0.8067983418722458
held-out,101,4,gps,ekf3,after_return,0.06053464896474472,0.04004999157303281,0.029752082123380184,0.304066263537389
held-out,101,4,denied,retrodiction,flight,0.07283397531977576,0.060842473689992474,0.020970114873643447,0.283968351875413
held-out,101,4,denied,retrodiction,outage_window,0.06399152242718271,0.06339066420511846,0.011333177239489518,0.04627548529801321
held-out,101,4,denied,retrodiction,after_return,0.066950346126852,0.06716301874119247,0.01838421329960337,0.028537419895345962
held-out,101,4,denied,horizon,flight,0.024506537156813037,0.09466880418660185,0.021635725687444318,0.3017256313023116
held-out,101,4,denied,horizon,outage_window,0.019489059147403863,0.09219885895533408,0.01377738286113128,0.03986753293607421
held-out,101,4,denied,horizon,after_return,0.009986018658671252,0.10803108056843685,0.019515298354676917,0.016822936539036944
held-out,101,4,denied,px4,flight,0.14300105560903512,0.12058114993246226,0.01795746986945482,0.219959230363167
held-out,101,4,denied,px4,outage_window,0.11871076529124294,0.12130552094857085,0.0188683355150797,0.23841461396293098
held-out,101,4,denied,px4,after_return,0.1886467569058249,0.12827063460798177,0.015213677429451677,0.13077060230617843
held-out,101,4,denied,ekf3,flight,0.318069408446219,0.04257287284837823,0.1004022612123262,0.7516379739862902
held-out,101,4,denied,ekf3,outage_window,0.2684498223637584,0.050679729741452524,0.10377098616455029,0.8267894347265557
held-out,101,4,denied,ekf3,after_return,0.3968088667471354,0.03896532997422195,0.08624037359907583,0.6011163809624366
held-out,101,4,transition,retrodiction,flight,0.021425190357687335,0.060109034484601344,0.008782389387842175,0.08089982388936547
held-out,101,4,transition,retrodiction,outage_window,0.016707122500889245,0.06386018949197085,0.008638362078979125,0.03309505548165353
held-out,101,4,transition,retrodiction,after_return,0.020861701883079203,0.0652606857817176,0.00853699216592303,0.029677463708832882
held-out,101,4,transition,horizon,flight,0.023260247620950483,0.09226348062220255,0.009732307070611387,0.1294843335085062
held-out,101,4,transition,horizon,outage_window,0.02191430984320552,0.09385264768760011,0.00950134673188924,0.011385172989265491
held-out,101,4,transition,horizon,after_return,0.021243539804234123,0.10208550877146813,0.00944559477982287,0.02859319821582252
held-out,101,4,transition,px4,flight,0.0570330046391603,0.1819848952226602,0.01734695996792083,0.2555271683374819
held-out,101,4,transition,px4,outage_window,0.06222358512670061,0.17673535745218047,0.011353450165983105,0.10179375466200434
held-out,101,4,transition,px4,after_return,0.05862659007753656,0.18179293822316778,0.014781185761544623,0.12423242217938125
held-out,101,4,transition,ekf3,flight,0.1920129302114164,0.04356994291904036,0.09283248134562896,0.6963019795908849
held-out,101,4,transition,ekf3,outage_window,0.2684498223637584,0.050679729741452524,0.10377098616455029,0.8267894347265557
held-out,101,4,transition,ekf3,after_return,0.07971321195325952,0.041474563710785416,0.0632451780665399,0.4159943386322012
held-out,307,2,gps,retrodiction,flight,0.04360229146167612,0.03781929439251571,0.013466971965739557,0.3021205198715192
held-out,307,2,gps,retrodiction,outage_window,0.043661958017706844,0.036677156564689714,0.012396656170632068,0.07327736355508704
held-out,307,2,gps,retrodiction,after_return,0.03096261908038114,0.042436774932614926,0.01194302890307235,0.0286765796937535
held-out,307,2,gps,horizon,flight,0.027485049857707108,0.03882489358003443,0.011896295662088238,0.1001551532925626
held-out,307,2,gps,horizon,outage_window,0.02985926001374885,0.03653806160383935,0.012375222851114032,0.038250249043250306
held-out,307,2,gps,horizon,after_return,0.02736461401765229,0.04353091451139773,0.011140917795574315,0.04658251010887938
held-out,307,2,gps,px4,flight,0.04962174429703782,0.3986986581132203,0.01851414588587027,0.22959868960999777
held-out,307,2,gps,px4,outage_window,0.055262290551879145,0.3841032611453592,0.018259685180097334,0.1699002206519524
held-out,307,2,gps,px4,after_return,0.039204805420805004,0.3954548679544939,0.016765851388266435,0.15456765173195505
held-out,307,2,gps,ekf3,flight,0.15649321064913538,0.04460161810747345,0.08891174144990677,0.43272891069307434
held-out,307,2,gps,ekf3,outage_window,0.19278927806282214,0.058187481414246935,0.10762990403629595,0.45138992862886473
held-out,307,2,gps,ekf3,after_return,0.06079419260689662,0.024157437157115817,0.04881740363097992,0.4735947945606026
held-out,307,2,denied,retrodiction,flight,0.10776024577483735,0.03732174711011789,0.03094173449574632,0.5579875566453555
held-out,307,2,denied,retrodiction,outage_window,0.09644230278371335,0.03649869289642005,0.02103524668428374,0.18530593726181988
held-out,307,2,denied,retrodiction,after_return,0.11203992776872454,0.04155312856680121,0.027529056983549245,0.042999316677286056
held-out,307,2,denied,horizon,flight,0.10820793502802996,0.03847455406079485,0.03451033736526704,0.6751772212517844
held-out,307,2,denied,horizon,outage_window,0.0906839910019145,0.036406173620043364,0.01280387431055979,0.04405234906276544
held-out,307,2,denied,horizon,after_return,0.1089627272228346,0.04264548819340155,0.026400351968751463,0.06064756695668785
held-out,307,2,denied,px4,flight,0.05856337497696245,0.06943615727577741,0.019705852240018744,0.21153263543906697
held-out,307,2,denied,px4,outage_window,0.043193468775983734,0.062018799065283424,0.01911213692460529,0.1462823687569508
held-out,307,2,denied,px4,after_return,0.07612672869152685,0.05755555874612047,0.014996008610205013,0.07622706274213956
held-out,307,2,denied,ekf3,flight,0.26387055232676365,0.04260506644450955,0.11602817415588008,0.27958073346774415
held-out,307,2,denied,ekf3,outage_window,0.23199589502979343,0.044173652252596604,0.12328846230857182,0.20870406985977663
held-out,307,2,denied,ekf3,after_return,0.3118947598373206,0.035359165996951915,0.1128307400816897,0.29678256923964774
held-out,307,2,transition,retrodiction,flight,0.04580521355234935,0.037546707632662546,0.012754946631445139,0.3060683619694238
held-out,307,2,transition,retrodiction,outage_window,0.051345673736984364,0.03575418274021388,0.011435162109480269,0.11023805872081276
held-out,307,2,transition,retrodiction,after_return,0.029563927506870168,0.04245869957706515,0.010767798189623116,0.037116467565786244
held-out,307,2,transition,horizon,flight,0.023532160999584415,0.03846340338616573,0.01146028690945933,0.10055407055174455
held-out,307,2,transition,horizon,outage_window,0.027777667256108758,0.035055264241252056,0.01241649245906691,0.055652266211393006
held-out,307,2,transition,horizon,after_return,0.0191021190407792,0.04369099168979761,0.009971010787899814,0.03365288009591504
held-out,307,2,transition,px4,flight,0.05732289982540947,0.4140416947255145,0.018086586591198793,0.32221514902530246
held-out,307,2,transition,px4,outage_window,0.06885329172560013,0.391775475262405,0.017318055420990252,0.3021379234407693
held-out,307,2,transition,px4,after_return,0.04698222262155949,0.4257044731609227,0.016414763365815953,0.31173190803573725
held-out,307,2,transition,ekf3,flight,0.1778232951727904,0.03805290787021895,0.10294826625755318,0.4664184514992906
held-out,307,2,transition,ekf3,outage_window,0.23199579001699128,0.044173652252596604,0.1232885752012452,0.20870454555256232
held-out,307,2,transition,ekf3,after_return,0.0892357923457183,0.0196831420256015,0.07745898094370485,0.6446893552680223
held-out,307,4,gps,retrodiction,flight,0.04243339444912839,0.03781938302633971,0.013036341589204076,0.2772214688392923
held-out,307,4,gps,retrodiction,outage_window,0.0447527811082574,0.036671763372359896,0.012348597416597383,0.07528947332502432
held-out,307,4,gps,retrodiction,after_return,0.026986093648626138,0.04244394190163468,0.01158458552621115,0.022419435484017942
held-out,307,4,gps,horizon,flight,0.029093603582278773,0.038775008006076216,0.012127608346069489,0.1196714180320561
held-out,307,4,gps,horizon,outage_window,0.03572650148865805,0.03649780966153747,0.012426413644566307,0.03466883278162635
held-out,307,4,gps,horizon,after_return,0.025229353550451392,0.043442773972616755,0.010718768034764127,0.04213637853326935
held-out,307,4,gps,px4,flight,0.05640840039161148,0.398164645911127,0.019189234117687297,0.2249217465931842
held-out,307,4,gps,px4,outage_window,0.06189841168244392,0.3854115697862535,0.018925839026521316,0.16957023594875587
held-out,307,4,gps,px4,after_return,0.04763359644521942,0.3960445754304566,0.017989596904324234,0.1734033357484595
held-out,307,4,gps,ekf3,flight,0.14346727833398454,0.041220101728499006,0.09281088068536988,0.8447106889446319
held-out,307,4,gps,ekf3,outage_window,0.18529646338038516,0.05281796474685482,0.11461054837156313,0.9357134746144111
held-out,307,4,gps,ekf3,after_return,0.05493375500534214,0.02240055378779729,0.03284064748587569,0.328297118070357
held-out,307,4,denied,retrodiction,flight,0.10456994754709145,0.037388370029035396,0.030568557049461976,0.5735667656606857
held-out,307,4,denied,retrodiction,outage_window,0.09141248397556752,0.03647241207410228,0.019580016134936807,0.19512383585029716
held-out,307,4,denied,retrodiction,after_return,0.10707686774458887,0.04172906570720205,0.021805257704879497,0.053994738515944975
held-out,307,4,denied,horizon,flight,0.11917088157122038,0.038714365387036924,0.035921893868125054,0.6963571265771307
held-out,307,4,denied,horizon,outage_window,0.09739499233078346,0.03603692867521375,0.012413888870255348,0.09236597156985381
held-out,307,4,denied,horizon,after_return,0.11196492907863709,0.04322904579047714,0.022294240796548993,0.06415704932682298
held-out,307,4,denied,px4,flight,0.10814309815252049,0.06861860133185284,0.014808875158078785,0.09763447285758309
held-out,307,4,denied,px4,outage_window,0.07863977252380647,0.0634117396834963,0.01464505462863888,0.06361502281092835
held-out,307,4,denied,px4,after_return,0.14790691146830157,0.05824248428244303,0.014768044299675145,0.07931636611957522
held-out,307,4,denied,ekf3,flight,0.24782957798403138,0.04410069726516537,0.1045087599038147,0.8682674801109739
held-out,307,4,denied,ekf3,outage_window,0.19793714632862883,0.048964043406020556,0.10672188611934576,0.9203481134871694
held-out,307,4,denied,ekf3,after_return,0.30878881726078744,0.03706143919223861,0.08838749594042898,0.47328417888964414
held-out,307,4,transition,retrodiction,flight,0.04491209846080287,0.03750654254829723,0.012490631387039864,0.2833370622900453
held-out,307,4,transition,retrodiction,outage_window,0.05236034312604884,0.035611941689969215,0.012062237941892148,0.11929679099869282
held-out,307,4,transition,retrodiction,after_return,0.026133066784040915,0.04246841574571909,0.010330007395236486,0.04622082233947529
held-out,307,4,transition,horizon,flight,0.02543369814292116,0.03834689395569816,0.011679043582167722,0.12065737031647035
held-out,307,4,transition,horizon,outage_window,0.03111775846227502,0.03476935096992384,0.012416845597464119,0.054434176115058144
held-out,307,4,transition,horizon,after_return,0.019964821262244574,0.04361274456818665,0.009485516594553508,0.03180329559589384
held-out,307,4,transition,px4,flight,0.0715585021902809,0.4139355984445931,0.01804895221594579,0.2761936555241001
held-out,307,4,transition,px4,outage_window,0.09094307292865457,0.3926990040737573,0.016166955454754557,0.23296435031401982
held-out,307,4,transition,px4,after_return,0.059122837498946694,0.42742991276439846,0.017217796812632417,0.2670371899463851
held-out,307,4,transition,ekf3,flight,0.1546690509638254,0.03885892128075034,0.0963563007462204,0.858247931580423
held-out,307,4,transition,ekf3,outage_window,0.1979371005734059,0.04896411100660018,0.10672188611934576,0.9203491108110126
held-out,307,4,transition,ekf3,after_return,0.08504510706143528,0.01875191536883633,0.06296119419873923,0.4281849119734976
held-out,911,2,gps,retrodiction,flight,0.020026914507564202,0.04789917080518399,0.010586517842198847,0.12049492935885396
held-out,911,2,gps,retrodiction,outage_window,0.01784729063072338,0.05099673507155612,0.009320630194931371,0.016614400260135068
held-out,911,2,gps,retrodiction,after_return,0.019395720911099153,0.052393908151330056,0.00871289200771999,0.031247247116947676
held-out,911,2,gps,horizon,flight,0.015983540488099225,0.03872336016490694,0.009903666975545043,0.11337794572596653
held-out,911,2,gps,horizon,outage_window,0.014985060886278176,0.038917666254204834,0.009584166334738875,0.018781114002232837
held-out,911,2,gps,horizon,after_return,0.01809854470516045,0.04395140518971254,0.007920738594876395,0.018921108876307595
held-out,911,2,gps,px4,flight,0.04456059394562869,0.068142900165734,0.017061301858904747,0.11968267197049146
held-out,911,2,gps,px4,outage_window,0.04281834185423849,0.05573851925602408,0.018698757749827086,0.076339835729805
held-out,911,2,gps,px4,after_return,0.04823751303199147,0.06903018472808653,0.01634457374745363,0.0734890926777507
held-out,911,2,gps,ekf3,flight,0.17704688848231512,0.04124093398543456,0.08932443587259734,0.388381386944352
held-out,911,2,gps,ekf3,outage_window,0.2212121648168557,0.03188513269012168,0.10954396104605191,0.4134205203491398
held-out,911,2,gps,ekf3,after_return,0.08412942235200564,0.0443557062845357,0.046904114189859326,0.36253971217022235
held-out,911,2,denied,retrodiction,flight,0.15848498557760074,0.04877135183252154,0.01612508854830818,0.23446364960699267
held-out,911,2,denied,retrodiction,outage_window,0.16783238106304296,0.05137928019304025,0.015002785977665202,0.10092024486796373
held-out,911,2,denied,retrodiction,after_return,0.139894054832021,0.053917842227917,0.011080593592048615,0.06360485114481705
held-out,911,2,denied,horizon,flight,0.0792262034378,0.03938669222545696,0.01830590087720026,0.19805392362372182
held-out,911,2,denied,horizon,outage_window,0.08158470613583417,0.03956099514322793,0.016051637556083447,0.12075510085168843
held-out,911,2,denied,horizon,after_return,0.05403609900955288,0.044915911125652484,0.017480982961920154,0.09115078006339311
held-out,911,2,denied,px4,flight,0.09777360263089992,0.014895596886081804,0.015779121321096636,0.17178064566118864
held-out,911,2,denied,px4,outage_window,0.08262199181627064,0.009826822403079572,0.016351599835837893,0.19033692685059259
held-out,911,2,denied,px4,after_return,0.12503733502851247,0.012622885782132002,0.012836502275220872,0.05759897363139726
held-out,911,2,denied,ekf3,flight,0.256446433704933,0.04622127945317875,0.1133860976176306,0.23656282611631638
held-out,911,2,denied,ekf3,outage_window,0.26467706653481815,0.04567201893209159,0.12268279186407179,0.14676193853030958
held-out,911,2,denied,ekf3,after_return,0.26855813084202323,0.04678799258356784,0.10664826671657815,0.14319416405656124
held-out,911,2,transition,retrodiction,flight,0.019775549788500445,0.048064038156832294,0.011699680223923502,0.1240883622334879
held-out,911,2,transition,retrodiction,outage_window,0.015109405559209565,0.05157780881818885,0.012260196454048144,0.0495215914530877
held-out,911,2,transition,retrodiction,after_return,0.020502588292425034,0.05232206896473186,0.009307789986975921,0.03754368408603256
held-out,911,2,transition,horizon,flight,0.016241700052423893,0.03904428830573287,0.011777485600999045,0.12528049573892847
held-out,911,2,transition,horizon,outage_window,0.012475790713882311,0.04005534006158591,0.013376902697801537,0.07458550900589152
held-out,911,2,transition,horizon,after_return,0.019969666731147844,0.04385194146948096,0.00963828436329275,0.055909041413511225
held-out,911,2,transition,px4,flight,0.05237401633316928,0.08302537915033589,0.017053127318894905,0.12519407659944298
held-out,911,2,transition,px4,outage_window,0.06292669249510878,0.053376714042540754,0.018285765801716713,0.039400231228536454
held-out,911,2,transition,px4,after_return,0.050119437034733434,0.10121947015219268,0.016671696969982736,0.10853011496138446
held-out,911,2,transition,ekf3,flight,0.19783469872498133,0.04497612617103294,0.10296143469081113,0.4299847798759329
held-out,911,2,transition,ekf3,outage_window,0.26467706653481815,0.04567201893209159,0.12268279186407179,0.14676193853030958
held-out,911,2,transition,ekf3,after_return,0.09773375615150236,0.043843615156599486,0.07793446002984412,0.5687513864196041
held-out,911,4,gps,retrodiction,flight,0.02219212550791158,0.04789447209017698,0.010388292853476986,0.11370346584482773
held-out,911,4,gps,retrodiction,outage_window,0.02192843821179865,0.05097828268636949,0.009095420374679185,0.01671285223308095
held-out,911,4,gps,retrodiction,after_return,0.020980357876831633,0.052397939369357424,0.008797326350604085,0.02632823646842813
held-out,911,4,gps,horizon,flight,0.018695220858407118,0.038671067026513024,0.010290976017372779,0.11356614849158894
held-out,911,4,gps,horizon,outage_window,0.019481581199969778,0.038852745354106134,0.009558693548159556,0.022705897774626133
held-out,911,4,gps,horizon,after_return,0.020286618117161124,0.04388865899958921,0.008004032911748168,0.01813165336910613
held-out,911,4,gps,px4,flight,0.052111004749494906,0.06765284203360819,0.018506887722746137,0.1274777746505621
held-out,911,4,gps,px4,outage_window,0.0507340076152592,0.057771840887956255,0.019586659439769387,0.09629539374498082
held-out,911,4,gps,px4,after_return,0.05796298786173503,0.06865192660147092,0.0184920367425621,0.0776645552218626
held-out,911,4,gps,ekf3,flight,0.18777241033924547,0.04753012555656865,0.08356458705996388,0.47426569382394024
held-out,911,4,gps,ekf3,outage_window,0.24627061772183836,0.05039128608532762,0.10287791087124798,0.4687376196353459
held-out,911,4,gps,ekf3,after_return,0.0761602710243452,0.047773481294542466,0.0299948810562202,0.22313812928945775
held-out,911,4,denied,retrodiction,flight,0.1429614843433204,0.04886616841348316,0.015349477471632773,0.2457561401983308
held-out,911,4,denied,retrodiction,outage_window,0.15044363519919013,0.05135833727617265,0.011950630996138302,0.1203295048939186
held-out,911,4,denied,retrodiction,after_return,0.12126770964143888,0.05403844680435071,0.010014244043141681,0.07724920883367896
held-out,911,4,denied,horizon,flight,0.08645083607318474,0.03943866835554428,0.016708331950521023,0.20343204972937523
held-out,911,4,denied,horizon,outage_window,0.0894659776228594,0.0394507736987258,0.012988041378422178,0.13363057963430391
held-out,911,4,denied,horizon,after_return,0.06050609507505865,0.045094340233990435,0.015286986701472126,0.09451888884277332
held-out,911,4,denied,px4,flight,0.14917765188617715,0.013660076225894865,0.014180050376705347,0.18353189881287132
held-out,911,4,denied,px4,outage_window,0.11933737957098421,0.010130225374878558,0.013861531857868271,0.165668615394952
held-out,911,4,denied,px4,after_return,0.19697086958960305,0.01251651262770007,0.012573679745636184,0.061041908557947826
held-out,911,4,denied,ekf3,flight,0.2683273493479699,0.045893482447596654,0.09356914328017937,0.4398757831344307
held-out,911,4,denied,ekf3,outage_window,0.26624933923008964,0.04614804062290547,0.09614871371659814,0.398247413454733
held-out,911,4,denied,ekf3,after_return,0.29062402572257906,0.04722518358884379,0.0779018561469644,0.1474734261856643
held-out,911,4,transition,retrodiction,flight,0.02269694390353092,0.048066014164923565,0.011045557197478281,0.12041298901763428
held-out,911,4,transition,retrodiction,outage_window,0.01898383831049323,0.05157480932628992,0.010310443278487031,0.05807633543233741
held-out,911,4,transition,retrodiction,after_return,0.024161561963165292,0.05232921053044734,0.009634061033016644,0.04543592230445319
held-out,911,4,transition,horizon,flight,0.01968043039928399,0.038979596505389576,0.011648793622753003,0.12670843431618128
held-out,911,4,transition,horizon,outage_window,0.017002662673884335,0.03992862689384718,0.011629185123248469,0.07977564127114667
held-out,911,4,transition,horizon,after_return,0.023837510595613853,0.043805764344389035,0.010058306642126761,0.05799172369061452
held-out,911,4,transition,px4,flight,0.06774885681515935,0.08306925026994352,0.017792967477117817,0.11875098255525354
held-out,911,4,transition,px4,outage_window,0.08738708465526535,0.05452524597797184,0.017291850276767405,0.0529174667845079
held-out,911,4,transition,px4,after_return,0.06298817370596237,0.10221041363897321,0.01856142655561466,0.07639726243634716
held-out,911,4,transition,ekf3,flight,0.19862159951924246,0.04437933580013878,0.08946568529854883,0.48860871184977517
held-out,911,4,transition,ekf3,outage_window,0.26624931775826266,0.04614804062290547,0.09614871371659814,0.39824733008603536
held-out,911,4,transition,ekf3,after_return,0.0892867311701656,0.04369216399996687,0.06560237213516064,0.357883882701874
