profile,estimator,scenario,speed,seed,rows,sha256
high,modelica,gps,0.25,7,6001,7419bda577825a5b53a913aa3b4ad322166c99015992c964b7d547f8acf6a1c3
high,ukf,gps,0.25,7,6001,c6e7dec9f5b151458b701c775982b50cc8c798a482f430f10caa50f5e4b48187
high,modelica,denied,0.25,7,6001,6cf3ee8cc93504ce06597e65c765284030a768d186cb870918ab4ecb93960051
high,ukf,denied,0.25,7,6001,61ee7cf962fab766e331e7430d7a445757c0fe156871158873b2feeec561cb1b
high,modelica,transition,0.25,7,6001,771b0d5c70d86e770a6f1b8228feb31330fbdf4a779b532d428d565f0c5a4678
high,ukf,transition,0.25,7,6001,8f826b18def529bdea8d6a78198c5498ec3638c0b89a1f6df3d3ed08a2ded5b9
high,modelica,gps,0.25,19,6001,79723706afa18440d6221b42b422090a01d5ed8a75cc5bdcf1842b4d27868ff0
high,ukf,gps,0.25,19,6001,5dbade390a973a6e4601edb31d27ec009c49798e7c57403208b87eb2238e6fc9
high,modelica,denied,0.25,19,6001,ea14a5cf5cbcb7fbdc86eaa8e1890b8b539d7ec18021c687871a9d633e1604d2
high,ukf,denied,0.25,19,6001,92162aa8dda436b4f25ad83bacc87a5ff9f41869418e78ec0118fcf64244382f
high,modelica,transition,0.25,19,6001,4e32b3c75e01900731135d349110ea39c83c16c7d12fe2ca65f758df0d0b3ec2
high,ukf,transition,0.25,19,6001,d2870fcd114946145bbea1c220535ce08368980f5c6cfacee536bec8d84739a4
high,modelica,gps,0.25,41,6001,ff46e52e638182c18fa7fab6a3f4f1ea6f91bc85c20acb4e9c8604f9ebc99efa
high,ukf,gps,0.25,41,6001,68b1923980ac72afc97e332bd4293768d5bfea69bdd02e90cf8ef81afe646d02
high,modelica,denied,0.25,41,6001,74caec16c15553c0f9e745dd3abe8be093883c4268b2bedf6cfed8c7be6928da
high,ukf,denied,0.25,41,6001,88f78b3b69e082b63475156977b2819d78f5296ec5055fdb50ce7e7100b89cf1
high,modelica,transition,0.25,41,6001,fd7fc4e2e86fac8f1b37970d51fee08ec6781eeb24a8e9d531e5d7333b5fba2d
high,ukf,transition,0.25,41,6001,8b72a942a7e05815ec413d18e38a9bcbe62a2fe38440f4b19d0d8ff07063b3bd
high,modelica,gps,0.6,7,6001,9292bcc95a1f7b4b13dcc8b17071f06fe6c0248feda39e149ab031d624057c3b
high,ukf,gps,0.6,7,6001,f57ea7fe7a553aea11563e33d203042e76d4ff0cf6ab57bc7fc3967531569ee3
high,modelica,denied,0.6,7,6001,72f60a798aec2ddfce64e14d99ae3e5d500d0ccdaf33e73d0ff1af83c76788ce
high,ukf,denied,0.6,7,6001,420eeea8d07d5e04d017373fe8b7be7dda4bde5c9e994a1f9cb775555fc6c3f8
high,modelica,transition,0.6,7,6001,a31ca1418eaa3d42cb2da8b901a27e000308f423be51df06541fe563bc8926c2
high,ukf,transition,0.6,7,6001,dbe0630038932291c00d7e127866be122ec5676cf4484fac94379b60b6c150ea
high,modelica,gps,0.6,19,6001,2732f0a49ab743ef9dc16c0ce7bf4bf07842bcc36a8ffd252f55b6fe90ce3d3a
high,ukf,gps,0.6,19,6001,08efbd83a646ee459025035d8320acb9c9ced50d00fc8b4999cad5864d9a2f72
high,modelica,denied,0.6,19,6001,7941c75263cfadc91d877e06445d9f999fff35b8807dbdb63598119bbf7c6c01
high,ukf,denied,0.6,19,6001,b4edbfb23dcc21c1b314f0fdaebd4f7e5d0dd8dbd15a223d0dbbb992e15036cd
high,modelica,transition,0.6,19,6001,ac97ee9d629b0bb26738d00240e22e2423e9c397f93e69ea7ac83b434dc5eae0
high,ukf,transition,0.6,19,6001,43640986b8325d7f4f4df04111986836b6e8636e44c1413b7c8684916eed517c
high,modelica,gps,0.6,41,6001,7251e15a40af2fa62e5b759f7bc8a6f4867aed0c9ff944042b222b45d275ae32
high,ukf,gps,0.6,41,6001,86d2c08f47c981fc4fb2d233ff42a61ec7fe264b5bd3317911a7203fb40b3947
high,modelica,denied,0.6,41,6001,f725996b1c9f79339708870085b6724e43316b10b40e6e6cd78bec55b171ad76
high,ukf,denied,0.6,41,6001,1dbc4a4b42ebc9efe003618fbcbda89e893e8a7ce0f1a5dfb7774e40e6b30181
high,modelica,transition,0.6,41,6001,8445834b8af09b87772da5b64821e9803e909b1e548fd2e6aac8aa635eab6824
high,ukf,transition,0.6,41,6001,c14b9e754dd4911dc65f98f21167cd3207ed7e961974bc360ec6fcc2ecadcc7f
low,modelica,gps,0.25,7,6001,72fd0ea2b97b894fcbd4ed00173e29b3c9914e5f3aadad07225dd170dd7f496d
low,ukf,gps,0.25,7,6001,31ab5b1034989ce928570371adfe1389725ba46ba8e806703d11a258884f5b90
low,modelica,denied,0.25,7,6001,e6455468f4d5ab1b99687077a938bb6a135733abb21f1e408841ff7743384588
low,ukf,denied,0.25,7,6001,a348bc76b31e7c5ae3bdf67cdd968843b16d63456b47ed8a2319952e4bfa4f59
low,modelica,transition,0.25,7,6001,3c90a1c1b7f031c81be806b971e5c06bb262988102e2ebc461614fe07dcb4cd0
low,ukf,transition,0.25,7,6001,be978fb0348f8f1a88d18eda4579128cb3e77db420f968f0275b8cc557416651
low,modelica,gps,0.25,19,6001,c6550dc257b271053a28ba254f4cac8060835e55316018970f5a10a7095d45b4
low,ukf,gps,0.25,19,6001,f82aa123b6108ed3f95a943ea6e07bfc1b9379afbf7f24e80680d9bb748757d7
low,modelica,denied,0.25,19,6001,efedebd1c78fb5aae85ebf0eaf88f3c60b34ad67af52c7558ec87316b84b8f2d
low,ukf,denied,0.25,19,6001,95bbcbb5213253a81feeeeb9b12f36447ca8ea47d3b797b595d13de3d6eef10a
low,modelica,transition,0.25,19,6001,444c5a9347b30d8a23147ba1484a1d145b85aef6fcc8d02b185478e797a4d00c
low,ukf,transition,0.25,19,6001,fadfe709aa75b53db2024be8b589b673bfa73ccdda127442850ea545bb6fbd95
low,modelica,gps,0.25,41,6001,a4363dd4479bd20b6a8a4518c0c231c9020ed4260867759c8fa95a9cd8a06d77
low,ukf,gps,0.25,41,6001,099ed98dd2bfdb934af29e7881e7d5add3998533b9160641f9549d6f63d0a03f
low,modelica,denied,0.25,41,6001,2ee8d81ce336caab84cff97f8106484020f16a46841db92dddc4bc8e9447ae94
low,ukf,denied,0.25,41,6001,9aeed6f940222530b56ec90224a5d636654915c66205c6eb704e70a25a5cf94a
low,modelica,transition,0.25,41,6001,3c83b390cead942393aa116b0a2b744b3d761a6606e4ae469575edae96d9b522
low,ukf,transition,0.25,41,6001,1082f471ad3755b44dc8c3c50ccb9a29ed788084f8b0a427edf8989d58274455
low,modelica,gps,0.6,7,6001,a941736664732d1c8b14c940b7a5d4f8d91f45cdfcb4bf9e30226ce9b9aca5bd
low,ukf,gps,0.6,7,6001,f74d112bb93f79788467ee05ad722d82f2dfeeabdb974124b1cd7cba6fd77317
low,modelica,denied,0.6,7,6001,df28eae32b729eadef49721629517a7be68fdb702a49a487f0efe07dccd84539
low,ukf,denied,0.6,7,6001,416e4a157c4e0f158f343b669942bfea15738ec35a3f543361135e5d69501e40
low,modelica,transition,0.6,7,6001,eeb0083c17b12115eccf27b0cb97e58017bd6fda812701f4eb25552da18c9753
low,ukf,transition,0.6,7,6001,df32441d3b7bc6033e0875c0526c506a0b64b7ddb0cba1de8a35e5d3ee9cefe8
low,modelica,gps,0.6,19,6001,1deb8f3659b29c187e2b7d715695356e94ad78f73e856da95f98c0c6b4fcff04
low,ukf,gps,0.6,19,6001,06367100988c426b6d1b86b67db3a00c100fd3de7b952aae19363c01c58975c0
low,modelica,denied,0.6,19,6001,8e498a0581753e4c9d20addceacae164a5525b84c3862b01ae5afaa35398a514
low,ukf,denied,0.6,19,6001,c6f2b7c94d305e221e01c65654e72c72bc663c2e0c2d9cd3bfce9136c29f2231
low,modelica,transition,0.6,19,6001,b11c5d075973eee28f305755ea7a48c9b274376720afb4261066ead4221654b5
low,ukf,transition,0.6,19,6001,860d8fbbee2d1fd3bee44d64d9b8c9aabda485749fb65fe60fb0b31a0c82cc33
low,modelica,gps,0.6,41,6001,f2a01a2c08ce276a025f8bcf5ee4518a5524319ce039c16270d894a0f8d6b456
low,ukf,gps,0.6,41,6001,d8d1b98f0c135f85fda4721ce4859e501ec9d745cbbbb5fd11d27465fa31661e
low,modelica,denied,0.6,41,6001,bade83858d4d6764de01282f9504684f1197a469a41d29910199e1a81606bff2
low,ukf,denied,0.6,41,6001,45d17d7274612cc124add0b4d0121df6a49f58e14e89a3142495fdeda36913e2
low,modelica,transition,0.6,41,6001,611c3d32b065b467514897991aced2d1988692bdd05a6d2707bede089e2fe1c2
low,ukf,transition,0.6,41,6001,e7c9b18d93d10997b67deba505aa25e9885d295084251ad8db6471d289f8888c
