dataset,seed,height_m,scenario,start_s,end_s,rows,mean_nees_15d,attitude_rmse_deg,velocity_rmse_m_s,covariance_asymmetry
original,7,2,denied,1,5,400,105.13445748676813,0.7681401453584371,0.019172116426384656,0.0
original,7,2,denied,5,10,500,81.18899218853281,0.6817042075026541,0.011550644304934278,0.0
original,7,2,denied,10,13,300,17.68076062788906,0.5326314858498029,0.005049495624674214,0.0
original,7,2,denied,13,18,500,20.16926842028997,0.9039884864492077,0.034464229485597214,0.0
original,7,2,denied,18,25,700,5.361926601002688,0.0834755009545666,0.005613942074106371,0.0
original,7,2,denied,25,40,1500,5.172758401142391,0.06204694184056946,0.01692755562115167,0.0
original,7,2,denied,40,59.7,1970,6.216476257846436,0.05416470066199028,0.015012050284894964,0.0
original,7,2,denied,13,59.7,4670,7.2470189851216125,0.30168323395288216,0.017860563101578113,0.0
original,7,2,gps,1,5,400,82.69261425571665,0.7111169045105051,0.015628519995726082,0.0
original,7,2,gps,5,10,500,68.8850180188124,0.7291761472263166,0.010916198100450771,0.0
original,7,2,gps,10,13,300,32.366376876715236,0.697298585534559,0.00790135570711151,0.0
original,7,2,gps,13,18,500,18.745608465289493,0.8358443575325101,0.015740988893695886,0.0
original,7,2,gps,18,25,700,5.554073930609239,0.08576760039888502,0.005763439992455652,0.0
original,7,2,gps,25,40,1500,6.387565315522108,0.06839410076606933,0.0072179556087491785,0.0
original,7,2,gps,40,59.7,1970,10.152697529129217,0.04166400568297823,0.010363469731979876,0.0
original,7,2,gps,13,59.7,4670,9.174050982813478,0.2795313773041607,0.009672038812126691,0.0
original,7,2,transition,1,5,400,82.69261425571665,0.7111169045105051,0.015628519995726082,0.0
original,7,2,transition,5,10,500,68.8850180188124,0.7291761472263166,0.010916198100450771,0.0
original,7,2,transition,10,13,300,32.366376876715236,0.697298585534559,0.00790135570711151,0.0
original,7,2,transition,13,18,500,18.745608465289493,0.8358443575325101,0.015740988893695886,0.0
original,7,2,transition,18,25,700,5.554073930609239,0.08576760039888502,0.005763439992455652,0.0
original,7,2,transition,25,40,1500,5.066197361387142,0.054388020997009075,0.009689663123970408,0.0
original,7,2,transition,40,59.7,1970,10.520145820673157,0.06497580030043797,0.0106909983152486,0.0
original,7,2,transition,13,59.7,4670,8.904633681558469,0.28041774082564636,0.010482388185218794,0.0
original,7,4,denied,1,5,400,105.13445748676813,0.7681401453584371,0.019172116426384656,0.0
original,7,4,denied,5,10,500,81.18899218853281,0.6817042075026541,0.011550644304934278,0.0
original,7,4,denied,10,13,300,17.68076062788906,0.5326314858498029,0.005049495624674214,0.0
original,7,4,denied,13,18,500,15.979724249863532,0.8090199280003558,0.03103310223517893,0.0
original,7,4,denied,18,25,700,4.797678277121816,0.07754362015294186,0.005241351750482022,0.0
original,7,4,denied,25,40,1500,4.022088666295678,0.04882376521719057,0.014171386064437146,0.0
original,7,4,denied,40,59.7,1970,4.898126304189422,0.05806129787051192,0.013065773049421378,0.0
original,7,4,denied,13,59.7,4670,5.788153905270603,0.27049105410398333,0.01561245486013275,0.0
original,7,4,gps,1,5,400,82.69261425571665,0.7111169045105051,0.015628519995726082,0.0
original,7,4,gps,5,10,500,68.8850180188124,0.7291761472263166,0.010916198100450771,0.0
original,7,4,gps,10,13,300,32.366376876715236,0.697298585534559,0.00790135570711151,0.0
original,7,4,gps,13,18,500,15.969500994540503,0.8485708304154662,0.019485900390148882,0.0
original,7,4,gps,18,25,700,4.861213421522701,0.06826709876516548,0.005278537556853498,0.0
original,7,4,gps,25,40,1500,5.232905364733861,0.06285633706981929,0.007125455690208693,0.0
original,7,4,gps,40,59.7,1970,8.40524695046977,0.04250760894056236,0.010342521626901554,0.0
original,7,4,gps,13,59.7,4670,7.664945274488732,0.2825338357836967,0.010308297741948837,0.0
original,7,4,transition,1,5,400,82.69261425571665,0.7111169045105051,0.015628519995726082,0.0
original,7,4,transition,5,10,500,68.8850180188124,0.7291761472263166,0.010916198100450771,0.0
original,7,4,transition,10,13,300,32.366376876715236,0.697298585534559,0.00790135570711151,0.0
original,7,4,transition,13,18,500,15.969500994540503,0.8485708304154662,0.019485900390148882,0.0
original,7,4,transition,18,25,700,4.861213421522701,0.06826709876516548,0.005278537556853498,0.0
original,7,4,transition,25,40,1500,3.8020614434320286,0.046778766612378585,0.007913366161948444,0.0
original,7,4,transition,40,59.7,1970,9.063744866889708,0.06895208472916846,0.010767138873744485,0.0
original,7,4,transition,13,59.7,4670,7.483141208834456,0.2837297597771992,0.010669965198970233,0.0
original,19,2,denied,1,5,400,53.31953463959223,0.3109755368674307,0.01266478172380199,0.0
original,19,2,denied,5,10,500,33.37017503485529,0.30864600211431137,0.011213304575643495,0.0
original,19,2,denied,10,13,300,79.94230186773748,0.8267025026812981,0.014055545859405097,0.0
original,19,2,denied,13,18,500,12.937924094358578,0.5770095903278273,0.019155482896290023,0.0
original,19,2,denied,18,25,700,6.317093041076529,0.14577948706223806,0.005475825865924534,0.0
original,19,2,denied,25,40,1500,7.7730422431173425,0.0843573245292341,0.015241054060354831,0.0
original,19,2,denied,40,59.7,1970,6.158654997856365,0.0317780824674913,0.01812804298695612,0.0
original,19,2,denied,13,59.7,4670,7.426775350403836,0.20382311148239926,0.016031842182886672,0.0
original,19,2,gps,1,5,400,54.59179106735128,0.20328451877738504,0.012606008270410278,0.0
original,19,2,gps,5,10,500,31.1105656959545,0.5138044534046952,0.009276718144362001,0.0
original,19,2,gps,10,13,300,66.81594897934323,0.6927036024408286,0.012604166791981484,0.0
original,19,2,gps,13,18,500,13.635697717016981,0.30940436989925346,0.010843742344984076,0.0
original,19,2,gps,18,25,700,8.132328642159875,0.07203672185527342,0.006902014478091299,0.0
original,19,2,gps,25,40,1500,12.18829844918367,0.06297387510734251,0.013757130996884573,0.0
original,19,2,gps,40,59.7,1970,9.586428794310311,0.04410044513541131,0.0096220221439142,0.0
original,19,2,gps,13,59.7,4670,10.637728331174994,0.11454962646047667,0.010935051960030646,0.0
original,19,2,transition,1,5,400,54.59179106735128,0.20328451877738504,0.012606008270410278,0.0
original,19,2,transition,5,10,500,31.1105656959545,0.5138044534046952,0.009276718144362001,0.0
original,19,2,transition,10,13,300,66.81594897934323,0.6927036024408286,0.012604166791981484,0.0
original,19,2,transition,13,18,500,13.635697717016981,0.30940436989925346,0.010843742344984076,0.0
original,19,2,transition,18,25,700,8.132328642159875,0.07203672185527342,0.006902014478091299,0.0
original,19,2,transition,25,40,1500,10.581152273082026,0.08802196153717579,0.019091912213039464,0.0
original,19,2,transition,40,59.7,1970,9.238314065587172,0.03277001205521607,0.010180019078523374,0.0
original,19,2,transition,13,59.7,4670,9.974665102109244,0.11819064581633085,0.013435930111448105,0.0
original,19,4,denied,1,5,400,53.31953463959223,0.3109755368674307,0.01266478172380199,0.0
original,19,4,denied,5,10,500,33.37017503485529,0.30864600211431137,0.011213304575643495,0.0
original,19,4,denied,10,13,300,79.94230186773748,0.8267025026812981,0.014055545859405097,0.0
original,19,4,denied,13,18,500,11.600976865406947,0.5311477361197734,0.016861557648094147,0.0
original,19,4,denied,18,25,700,4.9572431520349785,0.16399486617936004,0.0056094121501914715,0.0
original,19,4,denied,25,40,1500,6.270208828779953,0.08622136508394572,0.010869986240830819,0.0
original,19,4,denied,40,59.7,1970,4.803634749808532,0.027979266114059567,0.014129877239463991,0.0
original,19,4,denied,13,59.7,4670,6.025488723644688,0.19223600283237988,0.012543151013595497,0.0
original,19,4,gps,1,5,400,54.59179106735128,0.20328451877738504,0.012606008270410278,0.0
original,19,4,gps,5,10,500,31.1105656959545,0.5138044534046952,0.009276718144362001,0.0
original,19,4,gps,10,13,300,66.81594897934323,0.6927036024408286,0.012604166791981484,0.0
original,19,4,gps,13,18,500,12.338608565978012,0.31058365297797497,0.010945692573840538,0.0
original,19,4,gps,18,25,700,6.56205345979285,0.07171316623506177,0.006988837748958041,0.0
original,19,4,gps,25,40,1500,10.652797904127496,0.06289644473586989,0.013712781039748483,0.0
original,19,4,gps,40,59.7,1970,8.515216900199157,0.04911294190692864,0.009743308610130447,0.0
original,19,4,gps,13,59.7,4670,9.318397399235028,0.1157017425045713,0.01098150576246723,0.0
original,19,4,transition,1,5,400,54.59179106735128,0.20328451877738504,0.012606008270410278,0.0
original,19,4,transition,5,10,500,31.1105656959545,0.5138044534046952,0.009276718144362001,0.0
original,19,4,transition,10,13,300,66.81594897934323,0.6927036024408286,0.012604166791981484,0.0
original,19,4,transition,13,18,500,12.338608565978012,0.31058365297797497,0.010945692573840538,0.0
original,19,4,transition,18,25,700,6.56205345979285,0.07171316623506177,0.006988837748958041,0.0
original,19,4,transition,25,40,1500,8.482580384152689,0.08703454474429673,0.01697795971701321,0.0
original,19,4,transition,40,59.7,1970,8.065770940967706,0.030284522235966504,0.010494430640376022,0.0
original,19,4,transition,13,59.7,4670,8.43173041429966,0.11797756425767526,0.012617190450735718,0.0
original,41,2,denied,1,5,400,164.59024025677098,0.204509459525428,0.023448675885119973,0.0
original,41,2,denied,5,10,500,102.99614470750919,0.195912355310271,0.014512009630281722,0.0
original,41,2,denied,10,13,300,72.53262245510348,0.1100008578510748,0.012632529301361144,0.0
original,41,2,denied,13,18,500,10.804951153561843,0.3549252584844827,0.015312220891135491,0.0
original,41,2,denied,18,25,700,6.620139056323538,0.16377537971423647,0.010603883292609842,0.0
original,41,2,denied,25,40,1500,9.459877497200017,0.07616590221814587,0.016132515322596706,0.0
original,41,2,denied,40,59.7,1970,6.390552016593356,0.04422828120924856,0.013290046114382876,0.0
original,41,2,denied,13,59.7,4670,7.883463947472448,0.14211396980960475,0.014144260271191299,0.0
original,41,2,gps,1,5,400,160.63274469599725,0.2621106834527666,0.022195457945795385,0.0
original,41,2,gps,5,10,500,91.25160860736814,0.2344410498109225,0.012340105703530332,0.0
original,41,2,gps,10,13,300,70.43681577732453,0.42188125760187545,0.013115128475282857,0.0
original,41,2,gps,13,18,500,13.935022705612125,0.543419557724175,0.016105217548682983,0.0
original,41,2,gps,18,25,700,9.646353303657632,0.08869383329281912,0.007123545556917259,0.0
original,41,2,gps,25,40,1500,11.173535126030771,0.05457879907903463,0.008615422496180612,0.0
original,41,2,gps,40,59.7,1970,7.494327418558455,0.07181096390765691,0.007403432825926933,0.0
original,41,2,gps,13,59.7,4670,9.688241192499511,0.18954821622809437,0.009074118015381985,0.0
original,41,2,transition,1,5,400,160.63274469599725,0.2621106834527666,0.022195457945795385,0.0
original,41,2,transition,5,10,500,91.25160860736814,0.2344410498109225,0.012340105703530332,0.0
original,41,2,transition,10,13,300,70.43681577732453,0.42188125760187545,0.013115128475282857,0.0
original,41,2,transition,13,18,500,13.935022705612125,0.543419557724175,0.016105217548682983,0.0
original,41,2,transition,18,25,700,9.646353303657632,0.08869383329281912,0.007123545556917259,0.0
original,41,2,transition,25,40,1500,10.47129800941362,0.05552731167294467,0.01596912266008779,0.0
original,41,2,transition,40,59.7,1970,7.437343908664551,0.03155754798129781,0.008474253514412399,0.0
original,41,2,transition,13,59.7,4670,9.43864522046167,0.18495084706134649,0.0121482748833007,0.0
original,41,4,denied,1,5,400,164.59024025677098,0.204509459525428,0.023448675885119973,0.0
original,41,4,denied,5,10,500,102.99614470750919,0.195912355310271,0.014512009630281722,0.0
original,41,4,denied,10,13,300,72.53262245510348,0.1100008578510748,0.012632529301361144,0.0
original,41,4,denied,13,18,500,10.341989401901703,0.17032423403290403,0.008795507528981202,0.0
original,41,4,denied,18,25,700,5.313299436601041,0.1290286350499451,0.009108072006069917,0.0
original,41,4,denied,25,40,1500,7.741223095624449,0.07120894855647057,0.01575642701114808,0.0
original,41,4,denied,40,59.7,1970,5.206251953095162,0.03850478177089476,0.010190799921607758,0.0
original,41,4,denied,13,59.7,4670,6.586392997345979,0.0886320907041546,0.012011210694318653,0.0
original,41,4,gps,1,5,400,160.63274469599725,0.2621106834527666,0.022195457945795385,0.0
original,41,4,gps,5,10,500,91.25160860736814,0.2344410498109225,0.012340105703530332,0.0
original,41,4,gps,10,13,300,70.43681577732453,0.42188125760187545,0.013115128475282857,0.0
original,41,4,gps,13,18,500,13.57547152870863,0.6236820582527307,0.01981606989850782,0.0
original,41,4,gps,18,25,700,7.856660997265542,0.07152876074345685,0.007262554642594128,0.0
original,41,4,gps,25,40,1500,10.062673458810316,0.06024521510468036,0.008779199576926012,0.0
original,41,4,gps,40,59.7,1970,6.808562490438058,0.07650788306470932,0.0076409644961778714,0.0
original,41,4,gps,13,59.7,4670,8.73539116848365,0.2145892181516018,0.009966628123117927,0.0
original,41,4,transition,1,5,400,160.63274469599725,0.2621106834527666,0.022195457945795385,0.0
original,41,4,transition,5,10,500,91.25160860736814,0.2344410498109225,0.012340105703530332,0.0
original,41,4,transition,10,13,300,70.43681577732453,0.42188125760187545,0.013115128475282857,0.0
original,41,4,transition,13,18,500,13.57547152870863,0.6236820582527307,0.01981606989850782,0.0
original,41,4,transition,18,25,700,7.856660997265542,0.07152876074345685,0.007262554642594128,0.0
original,41,4,transition,25,40,1500,8.870759165020726,0.048024318548561123,0.01594740553523001,0.0
original,41,4,transition,40,59.7,1970,6.625290955197094,0.03188947075835724,0.008651129638734524,0.0
original,41,4,transition,13,59.7,4670,8.275237771244017,0.20876612157206278,0.012775260862216453,0.0
held-out,101,2,denied,1,5,400,85.36698541782553,0.9736249922742015,0.014310608084733521,0.0
held-out,101,2,denied,5,10,500,122.67638848863005,0.9084992188247514,0.018932526422337354,0.0
held-out,101,2,denied,10,13,300,54.83018758768531,1.0863295584218922,0.011473828715971201,0.0
held-out,101,2,denied,13,18,500,26.595871570247343,0.8338184241745493,0.03318738911762391,0.0
held-out,101,2,denied,18,25,700,13.037538719871703,0.22011740580830924,0.013225677927709517,0.0
held-out,101,2,denied,25,40,1500,9.506035204863124,0.056455570481097554,0.015453945857279916,0.0
held-out,101,2,denied,40,59.7,1970,5.97370380019035,0.02841234637571971,0.017783983045866297,0.0
held-out,101,2,denied,13,59.7,4670,10.375045435268424,0.2882101247845122,0.01882201690465567,0.0
held-out,101,2,gps,1,5,400,90.6058740270025,0.9215017199261237,0.015028769593824017,0.0
held-out,101,2,gps,5,10,500,125.40574140954105,0.8845370943819814,0.01898480381157694,0.0
held-out,101,2,gps,10,13,300,61.64937459549989,1.0192800952494394,0.01287783856180276,0.0
held-out,101,2,gps,13,18,500,27.76220066634925,0.3478068848426047,0.012648440472611659,0.0
held-out,101,2,gps,18,25,700,16.128117196173356,0.0632835609268466,0.0058360149111868894,0.0
held-out,101,2,gps,25,40,1500,12.230038960598035,0.07028164269021549,0.010342281093830744,0.0
held-out,101,2,gps,40,59.7,1970,6.8954191096473565,0.0640579177833595,0.008987669723764007,0.0
held-out,101,2,gps,13,59.7,4670,12.226941425567091,0.1298831430278768,0.00952186829907314,0.0
held-out,101,2,transition,1,5,400,90.6058740270025,0.9215017199261237,0.015028769593824017,0.0
held-out,101,2,transition,5,10,500,125.40574140954105,0.8845370943819814,0.01898480381157694,0.0
held-out,101,2,transition,10,13,300,61.64937459549989,1.0192800952494394,0.01287783856180276,0.0
held-out,101,2,transition,13,18,500,27.76220066634925,0.3478068848426047,0.012648440472611659,0.0
held-out,101,2,transition,18,25,700,16.128117196173356,0.0632835609268466,0.0058360149111868894,0.0
held-out,101,2,transition,25,40,1500,11.133521603626246,0.029481413462201587,0.010965891158861079,0.0
held-out,101,2,transition,40,59.7,1970,7.591230801414663,0.03484141954809934,0.009095107119347698,0.0
held-out,101,2,transition,13,59.7,4670,12.168263266535808,0.1197636348420689,0.009785377188702038,0.0
held-out,101,4,denied,1,5,400,85.36698541782553,0.9736249922742015,0.014310608084733521,0.0
held-out,101,4,denied,5,10,500,122.67638848863005,0.9084992188247514,0.018932526422337354,0.0
held-out,101,4,denied,10,13,300,54.83018758768531,1.0863295584218922,0.011473828715971201,0.0
held-out,101,4,denied,13,18,500,27.404499516429915,0.9159404284755492,0.042013416619198704,0.0
held-out,101,4,denied,18,25,700,12.563168152663405,0.2751867750757629,0.01611044882660949,0.0
held-out,101,4,denied,25,40,1500,8.3455650931483,0.05086834132468822,0.013928541783499759,0.0
held-out,101,4,denied,40,59.7,1970,4.850598229339764,0.0272033937426231,0.018482851010502177,0.0
held-out,101,4,denied,13,59.7,4670,9.544002915760414,0.31987085785056113,0.020840146588033803,0.0
held-out,101,4,gps,1,5,400,90.6058740270025,0.9215017199261237,0.015028769593824017,0.0
held-out,101,4,gps,5,10,500,125.40574140954105,0.8845370943819814,0.01898480381157694,0.0
held-out,101,4,gps,10,13,300,61.64937459549989,1.0192800952494394,0.01287783856180276,0.0
held-out,101,4,gps,13,18,500,28.87779170549385,0.3822970688044212,0.013695404701086534,0.0
held-out,101,4,gps,18,25,700,16.50714500034883,0.06564665113818396,0.00585708509639015,0.0
held-out,101,4,gps,25,40,1500,11.392341790899154,0.07204140948595784,0.010436268462055432,0.0
held-out,101,4,gps,40,59.7,1970,5.919950372254084,0.06448699017358944,0.008836011088997016,0.0
held-out,101,4,gps,13,59.7,4670,11.722636460959396,0.14041045371223085,0.009651056984980366,0.0
held-out,101,4,transition,1,5,400,90.6058740270025,0.9215017199261237,0.015028769593824017,0.0
held-out,101,4,transition,5,10,500,125.40574140954105,0.8845370943819814,0.01898480381157694,0.0
held-out,101,4,transition,10,13,300,61.64937459549989,1.0192800952494394,0.01287783856180276,0.0
held-out,101,4,transition,13,18,500,28.87779170549385,0.3822970688044212,0.013695404701086534,0.0
held-out,101,4,transition,18,25,700,16.50714500034883,0.06564665113818396,0.00585708509639015,0.0
held-out,101,4,transition,25,40,1500,9.670983444421292,0.029578097664069,0.009671006711817037,0.0
held-out,101,4,transition,40,59.7,1970,5.8737736328393035,0.03362711226126419,0.008696404607839091,0.0
held-out,101,4,transition,13,59.7,4670,11.150258367519587,0.13058270004389236,0.009336379834402254,0.0
held-out,307,2,denied,1,5,400,109.1072802533131,0.45253433730815473,0.020726287976865543,0.0
held-out,307,2,denied,5,10,500,136.44535513630026,2.0379359987056778,0.018068893348888868,0.0
held-out,307,2,denied,10,13,300,78.18950946105733,2.56774524810516,0.014675275177734207,0.0
held-out,307,2,denied,13,18,500,36.95119794692194,2.1621906983732093,0.08222167565673334,0.0
held-out,307,2,denied,18,25,700,8.114293204890664,0.20522979858951895,0.016840194403842015,0.0
held-out,307,2,denied,25,40,1500,13.64879917736061,0.06002257476276439,0.012239105978809756,0.0
held-out,307,2,denied,40,59.7,1970,7.636231449546773,0.06600315088397951,0.026692034393058315,0.0
held-out,307,2,denied,13,59.7,4670,12.777768509321733,0.7140384890002313,0.03339134480237872,0.0
held-out,307,2,gps,1,5,400,102.98747165290136,0.4653308958025652,0.019941045387344886,0.0
held-out,307,2,gps,5,10,500,96.22722921441813,0.4005308616172817,0.015477075379221297,0.0
held-out,307,2,gps,10,13,300,57.2174993450716,0.4059689250930766,0.01224143274904604,0.0
held-out,307,2,gps,13,18,500,25.054890949170243,0.291892515874852,0.014066549582053656,0.0
held-out,307,2,gps,18,25,700,10.85000776641496,0.08558455010989048,0.010079884417062,0.0
held-out,307,2,gps,25,40,1500,19.688204714397134,0.05540834462210649,0.011645276847603461,0.0
held-out,307,2,gps,40,59.7,1970,11.962291377862787,0.051458448069980754,0.011216660589666383,0.0
held-out,307,2,gps,13,59.7,4670,15.678901926565523,0.11101011069949006,0.011534586404809245,0.0
held-out,307,2,transition,1,5,400,102.98747165290136,0.4653308958025652,0.019941045387344886,0.0
held-out,307,2,transition,5,10,500,96.22722921441813,0.4005308616172817,0.015477075379221297,0.0
held-out,307,2,transition,10,13,300,57.2174993450716,0.4059689250930766,0.01224143274904604,0.0
held-out,307,2,transition,13,18,500,25.054890949170243,0.291892515874852,0.014066549582053656,0.0
held-out,307,2,transition,18,25,700,10.85000776641496,0.08558455010989048,0.010079884417062,0.0
held-out,307,2,transition,25,40,1500,17.38102605557269,0.06958400459895178,0.012131862059368705,0.0
held-out,307,2,transition,40,59.7,1970,9.278378389606194,0.03740978701038402,0.010105937368114897,0.0
held-out,307,2,transition,13,59.7,4670,13.805652124616453,0.11120117114943157,0.01125931367112674,0.0
held-out,307,4,denied,1,5,400,109.1072802533131,0.45253433730815473,0.020726287976865543,0.0
held-out,307,4,denied,5,10,500,136.44535513630026,2.0379359987056778,0.018068893348888868,0.0
held-out,307,4,denied,10,13,300,78.18950946105733,2.56774524810516,0.014675275177734207,0.0
held-out,307,4,denied,13,18,500,35.01185784028507,2.2039646052473834,0.09149746780129771,0.0
held-out,307,4,denied,18,25,700,8.825067530025127,0.3487359234937053,0.018766289582470022,0.0
held-out,307,4,denied,25,40,1500,11.786713649417024,0.10352852011935479,0.011850457068912815,0.0
held-out,307,4,denied,40,59.7,1970,5.719182982342595,0.07049982673196825,0.022559747874577686,0.0
held-out,307,4,denied,13,59.7,4670,11.269879473340591,0.737454718635257,0.034769602715951566,0.0
held-out,307,4,gps,1,5,400,102.98747165290136,0.4653308958025652,0.019941045387344886,0.0
held-out,307,4,gps,5,10,500,96.22722921441813,0.4005308616172817,0.015477075379221297,0.0
held-out,307,4,gps,10,13,300,57.2174993450716,0.4059689250930766,0.01224143274904604,0.0
held-out,307,4,gps,13,18,500,25.441785275662966,0.3692785837678051,0.015539385952036435,0.0
held-out,307,4,gps,18,25,700,10.805620675152708,0.08648032496594214,0.010726799554787102,0.0
held-out,307,4,gps,25,40,1500,18.412295760933063,0.052853195366675494,0.01172053007479854,0.0
held-out,307,4,gps,40,59.7,1970,9.197983254743006,0.047092683165226364,0.01081337691517387,0.0
held-out,307,4,gps,13,59.7,4670,14.137751127126702,0.132491872176876,0.011685454847585932,0.0
held-out,307,4,transition,1,5,400,102.98747165290136,0.4653308958025652,0.019941045387344886,0.0
held-out,307,4,transition,5,10,500,96.22722921441813,0.4005308616172817,0.015477075379221297,0.0
held-out,307,4,transition,10,13,300,57.2174993450716,0.4059689250930766,0.01224143274904604,0.0
held-out,307,4,transition,13,18,500,25.441785275662966,0.3692785837678051,0.015539385952036435,0.0
held-out,307,4,transition,18,25,700,10.805620675152708,0.08648032496594214,0.010726799554787102,0.0
held-out,307,4,transition,25,40,1500,15.699295249975092,0.06857423377166737,0.012305120503555766,0.0
held-out,307,4,transition,40,59.7,1970,7.571611479848761,0.035306227276260795,0.009647833480227557,0.0
held-out,307,4,transition,13,59.7,4670,12.580266509786526,0.13325751552550158,0.011445562102231119,0.0
held-out,911,2,denied,1,5,400,47.28732286356624,0.7825034691455649,0.010621994303710807,0.0
held-out,911,2,denied,5,10,500,86.77801925374997,0.6082382545862965,0.015438554656223057,0.0
held-out,911,2,denied,10,13,300,17.066833270840743,0.24907241377281547,0.0050540710953034425,0.0
held-out,911,2,denied,13,18,500,22.074383187239654,0.5560224180169703,0.03115726717334024,0.0
held-out,911,2,denied,18,25,700,5.802363264325698,0.17000496858261513,0.009823898303607468,0.0
held-out,911,2,denied,25,40,1500,7.275275222498106,0.1274865926373553,0.01589558409597079,0.0
held-out,911,2,denied,40,59.7,1970,5.072580284504899,0.09552685209421417,0.017282100835064235,0.0
held-out,911,2,denied,13,59.7,4670,7.709794833590926,0.21564498728145276,0.018043073684387845,0.0
held-out,911,2,gps,1,5,400,49.244297085197815,0.708026166191293,0.01174628996612534,0.0
held-out,911,2,gps,5,10,500,87.39011712207692,0.4640146522484739,0.01517955171488805,0.0
held-out,911,2,gps,10,13,300,24.885483396681188,0.39196814610938824,0.006954542272345109,0.0
held-out,911,2,gps,13,18,500,24.278603177763273,0.36077941624738047,0.012414563797367235,0.0
held-out,911,2,gps,18,25,700,8.204830797636436,0.08134238160827298,0.011390799019820083,0.0
held-out,911,2,gps,25,40,1500,8.011888149640509,0.029792832915022837,0.009200011520644693,0.0
held-out,911,2,gps,40,59.7,1970,5.932092773064261,0.02422130925670575,0.007683272297683137,0.0
held-out,911,2,gps,13,59.7,4670,8.905083112339293,0.12433950944583032,0.009382892457189608,0.0
held-out,911,2,transition,1,5,400,49.244297085197815,0.708026166191293,0.01174628996612534,0.0
held-out,911,2,transition,5,10,500,87.39011712207692,0.4640146522484739,0.01517955171488805,0.0
held-out,911,2,transition,10,13,300,24.885483396681188,0.39196814610938824,0.006954542272345109,0.0
held-out,911,2,transition,13,18,500,24.278603177763273,0.36077941624738047,0.012414563797367235,0.0
held-out,911,2,transition,18,25,700,8.204830797636436,0.08134238160827298,0.011390799019820083,0.0
held-out,911,2,transition,25,40,1500,7.889802991869538,0.07872619598199072,0.013013346896439463,0.0
held-out,911,2,transition,40,59.7,1970,6.4393601720617,0.05757793186699065,0.009312817212694282,0.0
held-out,911,2,transition,13,59.7,4670,9.079855925908564,0.13534016352145317,0.011266310820345949,0.0
held-out,911,4,denied,1,5,400,47.28732286356624,0.7825034691455649,0.010621994303710807,0.0
held-out,911,4,denied,5,10,500,86.77801925374997,0.6082382545862965,0.015438554656223057,0.0
held-out,911,4,denied,10,13,300,17.066833270840743,0.24907241377281547,0.0050540710953034425,0.0
held-out,911,4,denied,13,18,500,16.850663769220226,0.5256067962293172,0.030725409257982304,0.0
held-out,911,4,denied,18,25,700,5.768689445938978,0.2449199729115038,0.012485637067833882,0.0
held-out,911,4,denied,25,40,1500,5.828216187929827,0.14142579199679528,0.012934559515207486,0.0
held-out,911,4,denied,40,59.7,1970,3.748702034946592,0.09883464842595549,0.014984588242187347,0.0
held-out,911,4,denied,13,59.7,4670,6.122201667560369,0.2216188811940087,0.016519685602535104,0.0
held-out,911,4,gps,1,5,400,49.244297085197815,0.708026166191293,0.01174628996612534,0.0
held-out,911,4,gps,5,10,500,87.39011712207692,0.4640146522484739,0.01517955171488805,0.0
held-out,911,4,gps,10,13,300,24.885483396681188,0.39196814610938824,0.006954542272345109,0.0
held-out,911,4,gps,13,18,500,22.20407331998258,0.3581285028515612,0.01430763387109925,0.0
held-out,911,4,gps,18,25,700,8.427900038344218,0.09133427377691032,0.011598829131840863,0.0
held-out,911,4,gps,25,40,1500,7.319481801230245,0.032621623237941204,0.009180634212712695,0.0
held-out,911,4,gps,40,59.7,1970,4.746237195803104,0.023552378483103233,0.007748210524956127,0.0
held-out,911,4,gps,13,59.7,4670,7.993763739702297,0.12473219282285053,0.009720083802927595,0.0
held-out,911,4,transition,1,5,400,49.244297085197815,0.708026166191293,0.01174628996612534,0.0
held-out,911,4,transition,5,10,500,87.39011712207692,0.4640146522484739,0.01517955171488805,0.0
held-out,911,4,transition,10,13,300,24.885483396681188,0.39196814610938824,0.006954542272345109,0.0
held-out,911,4,transition,13,18,500,22.20407331998258,0.3581285028515612,0.01430763387109925,0.0
held-out,911,4,transition,18,25,700,8.427900038344218,0.09133427377691032,0.011598829131840863,0.0
held-out,911,4,transition,25,40,1500,7.036375373609657,0.08448383558692676,0.011314701896954792,0.0
held-out,911,4,transition,40,59.7,1970,5.495513910901024,0.059596526640804275,0.00967906973715714,0.0
held-out,911,4,transition,13,59.7,4670,8.218906242338704,0.13701513247572839,0.01107806780809871,0.0
