dataset,capture,estimator,scenario,variant,window,horizontal_position_rmse_m,vertical_position_rmse_m,velocity_3d_rmse_m_s,yaw_rmse_deg
original,0.6_7,ekf3,gps,baseline,flight,0.11718082293735008,0.06516681364429075,0.06435810712273318,0.6388227377808858
original,0.6_7,ekf3,gps,finite_takeoff,flight,0.12560036626284635,0.05753532582310624,0.06502471773342652,0.6283167556882024
original,0.6_7,ekf3,gps,finite_takeoff_mag4,flight,0.11856551014586057,0.05802647868136722,0.055833273502518134,0.5435746450679434
original,0.6_7,ekf3,denied,baseline,flight,0.22038511840681654,0.06616255607276396,0.08074275033796341,0.2776703717334929
original,0.6_7,ekf3,denied,finite_takeoff,flight,0.23979999207933508,0.05632076672400249,0.08148068071444894,0.2639872863122508
original,0.6_7,ekf3,denied,finite_takeoff_mag4,flight,0.23994951182693552,0.0567167790707403,0.07609042654728722,0.5756994294691
original,0.6_7,ekf3,transition,baseline,outage_window,0.17366216229133302,0.03705521366825456,0.0866261531370108,0.3051060564368281
original,0.6_7,ekf3,transition,finite_takeoff,outage_window,0.19268063752518927,0.03753393167077846,0.08796138505803687,0.27972131651287735
original,0.6_7,ekf3,transition,finite_takeoff_mag4,outage_window,0.19909238845109825,0.038326110681883706,0.08228768056666187,0.7367475086233692
original,0.6_7,px4,gps,instrumented_baseline,flight,0.03452116899386432,0.2972759089085394,0.014114129766437812,0.20504705195103143
original,0.6_7,px4,denied,instrumented_baseline,flight,0.0968829488887192,0.11544457816309248,0.016323084920749437,0.2919590799277039
original,0.6_7,px4,transition,instrumented_baseline,outage_window,0.03843744084169491,0.2989453638039832,0.016909273436664245,0.24947913939169403
held-out,0.85_101,ekf3,gps,baseline,flight,0.15789358297930464,0.048057017621239234,0.09038245432794076,0.4346909606635755
held-out,0.85_101,ekf3,gps,finite_takeoff,flight,0.1635274381284621,0.04328044959466321,0.09012627333487049,0.4452524842374791
held-out,0.85_101,ekf3,gps,finite_takeoff_mag4,flight,0.13720079486718476,0.039195790660901446,0.08128865431063481,0.7663621741346562
held-out,0.85_101,ekf3,denied,baseline,flight,0.30912518462596394,0.05094711755662875,0.11466021407330354,0.19006796317958755
held-out,0.85_101,ekf3,denied,finite_takeoff,flight,0.3385991242406279,0.04146054692305368,0.11383750128953238,0.2031370411983411
held-out,0.85_101,ekf3,denied,finite_takeoff_mag4,flight,0.33529364364956665,0.04171255488843189,0.11698010456710514,1.1293208138245807
held-out,0.85_101,ekf3,transition,baseline,outage_window,0.27251215970371795,0.06322877309158123,0.12365875370808088,0.16811108298054897
held-out,0.85_101,ekf3,transition,finite_takeoff,outage_window,0.29760951665126717,0.049211547899519134,0.1216025813741398,0.1629683330993191
held-out,0.85_101,ekf3,transition,finite_takeoff_mag4,outage_window,0.28475493131024243,0.04985054596825729,0.13313989681594757,1.4301792198064103
held-out,0.85_101,px4,gps,instrumented_baseline,flight,0.0371828458221614,0.1773084401145612,0.01673885014131471,0.2574766567685539
held-out,0.85_101,px4,denied,instrumented_baseline,flight,0.09654873289109482,0.12021505941633724,0.019915999281435236,0.2484166375162645
held-out,0.85_101,px4,transition,instrumented_baseline,outage_window,0.03553152879820755,0.1761009735906742,0.012445905900727068,0.15117962605901247
