seed,climb_height_m,scenario,explicit_exposure,name,window,horizontal_position_rmse_m,vertical_position_rmse_m,velocity_3d_rmse_m_s,attitude_rmse_deg,yaw_rmse_deg
7,2,gps,False,horizon,flight,0.09106714014507566,0.06770018869466318,0.04852097569008933,0.4262271980845104,0.40697419038486066
7,2,gps,False,horizon,outage_window,0.08831062042417617,0.06531282632219135,0.05467891939754652,0.45707207773977515,0.444555905334822
7,2,gps,False,horizon,after_return,0.08446123601309881,0.07789822438785803,0.049880837787294054,0.3096333780630417,0.2998176641412143
7,2,gps,False,retrodiction,flight,0.08539576474271114,0.06415358506088041,0.04633536387435142,0.4497714736442255,0.4280135928361076
7,2,gps,False,retrodiction,outage_window,0.08109151409276669,0.06426552600851922,0.0514589136509431,0.4847149812697824,0.4715447514099205
7,2,gps,False,retrodiction,after_return,0.07695147931563726,0.07059850494721234,0.047487118778328195,0.3354843942644645,0.32531072950170914
7,2,gps,False,px4,flight,0.06928708104503904,0.05076871946111385,0.030087803687267125,0.24313683110405693,0.21540025024321527
7,2,gps,False,px4,outage_window,0.059033937887254834,0.03671180637325682,0.027990844132149424,0.27699370063913553,0.25744366475459335
7,2,gps,False,px4,after_return,0.07691071518850799,0.06627608070719217,0.030984644253086058,0.18656856389635368,0.15887689004094177
7,2,gps,False,ekf3,flight,0.10595773589596967,0.06090341211663167,0.036056250676398185,0.39714195012902326,0.3694329042155931
7,2,gps,False,ekf3,outage_window,0.14652644082345115,0.04271606840522662,0.040915839316774935,0.5036254322592411,0.47516035594190026
7,2,gps,False,ekf3,after_return,0.06526269357208675,0.06204305186723168,0.025643657321169303,0.3766895738925258,0.35596771590127607
7,2,gps,True,horizon,flight,0.02878971916888441,0.068559138067265,0.01028745860802437,0.21187411545951323,0.1993623774424349
7,2,gps,True,horizon,outage_window,0.024566742505953948,0.06358758582341847,0.00818067237158085,0.10038652299598029,0.09146170875742264
7,2,gps,True,horizon,after_return,0.035079815323868994,0.079909773252204,0.011228953666239687,0.05682580354602942,0.05359383243024361
7,2,gps,True,retrodiction,flight,0.028474334846312926,0.0646788087448766,0.011442618516175021,0.2084072084494192,0.19316167696108977
7,2,gps,True,retrodiction,outage_window,0.02379554679651056,0.06301325026784944,0.009914673777211617,0.1185228787789157,0.10880237145467128
7,2,gps,True,retrodiction,after_return,0.03630153526618263,0.071774821415543,0.01220379477473357,0.07044724590623959,0.06807931051600712
7,2,gps,True,px4,flight,0.06003993618144417,0.11363533088035552,0.023889586188340372,0.23181109969472496,0.2032646943637719
7,2,gps,True,px4,outage_window,0.052649311713226205,0.1364346674133356,0.022873839018718638,0.24917817721438526,0.22503874575084684
7,2,gps,True,px4,after_return,0.06783311479220483,0.11373919792253899,0.022919696224530866,0.18390461323967208,0.15721517241883992
7,2,gps,True,ekf3,flight,0.10123718232520611,0.06088677502600385,0.03578185088239276,0.39516278467124927,0.3672588501224559
7,2,gps,True,ekf3,outage_window,0.13851126937138256,0.04267892618143057,0.04104958917565332,0.5004330529952151,0.47162294796799065
7,2,gps,True,ekf3,after_return,0.0654117316533229,0.062024152392435,0.02557674731512218,0.3751357324195052,0.35433153496669695
7,2,denied,False,horizon,flight,0.2319155008763654,0.07077099852016748,0.11297543028957556,0.7170434812287503,0.6645683097781477
7,2,denied,False,horizon,outage_window,0.2769519049790323,0.08797822675992771,0.10074209423620069,0.6493882401361173,0.5979726631047249
7,2,denied,False,horizon,after_return,0.22682743505980787,0.06380020861216976,0.13837051451254295,0.1605822964662937,0.1362283669686519
7,2,denied,False,retrodiction,flight,0.23624202427047813,0.06680240158389116,0.11166748458788804,0.6483021604439994,0.5990187918777193
7,2,denied,False,retrodiction,outage_window,0.26914474862344506,0.08056479327556146,0.09682484356255804,0.6827370873931919,0.6275050353705349
7,2,denied,False,retrodiction,after_return,0.24860317949320873,0.06048764937011597,0.1386346823509437,0.1595565423971733,0.1339466691061091
7,2,denied,False,px4,flight,0.1771039392358755,0.06633117862430729,0.05610424081770201,0.6606993490276736,0.6453296780127452
7,2,denied,False,px4,outage_window,0.18411366099735363,0.06333961043372331,0.056850823635372756,0.21082966171775144,0.1788775510011169
7,2,denied,False,px4,after_return,0.17890171989635997,0.08020495792518845,0.053115958897275065,0.6137095015032931,0.6001050633527706
7,2,denied,False,ekf3,flight,0.16767225755305917,0.05874563269418217,0.03049267825480617,0.39589521064371347,0.36880445794846806
7,2,denied,False,ekf3,outage_window,0.11985561663253336,0.040058941157582614,0.02210676245733115,0.5166142465580074,0.49012504098304127
7,2,denied,False,ekf3,after_return,0.22197301022433769,0.05837451417356721,0.02601069218660191,0.3600451766032038,0.33880466177646834
7,2,denied,True,horizon,flight,0.04550370495682623,0.07117301747969708,0.016322839746646663,0.2637833056439201,0.2500876703808431
7,2,denied,True,horizon,outage_window,0.03536069002652886,0.06343952272248146,0.009192040667913718,0.06611853985672038,0.05131866105311748
7,2,denied,True,horizon,after_return,0.0535991323598124,0.0827454104111521,0.017475467880415572,0.0705921783767087,0.06613324839274042
7,2,denied,True,retrodiction,flight,0.04926230895660374,0.06712735259194424,0.022494584631145828,0.2971351866002112,0.27767382299995247
7,2,denied,True,retrodiction,outage_window,0.03795955702644281,0.06270913417993258,0.015946959697210102,0.06892614716413675,0.05066923758959473
7,2,denied,True,retrodiction,after_return,0.05113176507374528,0.0739362422383977,0.02582946526006471,0.08462140167607848,0.08102777048460796
7,2,denied,True,px4,flight,0.07572015225167301,0.07461080808818517,0.026748774216067632,0.4690769855553494,0.45211673365294963
7,2,denied,True,px4,outage_window,0.10922714341419594,0.07379475973942866,0.030139151978122364,0.6310510546934459,0.6221741716924538
7,2,denied,True,px4,after_return,0.03150808225727839,0.07953225846953943,0.018013403714130294,0.1506708274732157,0.09549906349533166
7,2,denied,True,ekf3,flight,0.11976934051397309,0.05872760609583926,0.02956044199895717,0.3939291652651663,0.3666458959323335
7,2,denied,True,ekf3,outage_window,0.09265539479086736,0.040030860345488445,0.02298552487556484,0.5147272009788877,0.4879813047618975
7,2,denied,True,ekf3,after_return,0.14783070464508802,0.05834665551683317,0.02379907941926218,0.35714968081440585,0.3357384768399109
7,2,transition,False,horizon,flight,0.10836819328372498,0.07504728314755421,0.05965858903453159,0.3636042582598995,0.34205906541185044
7,2,transition,False,horizon,outage_window,0.13215554186095937,0.08745269649166186,0.08178474469820726,0.32490859927350996,0.30850512240402955
7,2,transition,False,horizon,after_return,0.08940076215250156,0.07743453850988324,0.05045100478526646,0.23906089045486995,0.22905481469265054
7,2,transition,False,retrodiction,flight,0.10026547525077696,0.06973626720044088,0.05674071806249292,0.38462953867003585,0.3605981672724246
7,2,transition,False,retrodiction,outage_window,0.11881864704338589,0.08093950465983768,0.07698452542069284,0.34830050040798527,0.3322554178121669
7,2,transition,False,retrodiction,after_return,0.0821749057975179,0.07017714199720884,0.048130601604868546,0.26465683991488115,0.2546779520250929
7,2,transition,False,px4,flight,0.13249254351825476,0.12504050215900472,0.04175475034998966,0.23809641376455248,0.20466279580177607
7,2,transition,False,px4,outage_window,0.17847597120570305,0.06526568803743661,0.05305091339064814,0.24961856245376382,0.22369012305806843
7,2,transition,False,px4,after_return,0.12087041946464248,0.1813674171633803,0.03750459659138598,0.19979913192471677,0.16377540975312244
7,2,transition,False,ekf3,flight,0.09698503750846629,0.05652939667376028,0.0316934640849586,0.42684506854705284,0.401683930069623
7,2,transition,False,ekf3,outage_window,0.11985561663253336,0.040058941157582614,0.02210676245733115,0.5166137795202166,0.4901244897889695
7,2,transition,False,ekf3,after_return,0.07285926052294475,0.0529831456691654,0.029189683888789637,0.43528477067143007,0.4175193433765642
7,2,transition,True,horizon,flight,0.03411328833703738,0.06982819408919916,0.010147454947813491,0.20957709711944753,0.19650217070633605
7,2,transition,True,horizon,outage_window,0.029513855158511997,0.0682095375927919,0.007655244569373143,0.06910549922027973,0.0557751225409893
7,2,transition,True,horizon,after_return,0.0426248441415224,0.0796329825002572,0.011207435540012743,0.07021818990884221,0.06443823266834695
7,2,transition,True,retrodiction,flight,0.032957837359689185,0.06590715637281776,0.011261453610837205,0.20306689526461344,0.1871433682258707
7,2,transition,True,retrodiction,outage_window,0.027798046234221656,0.06732830614130589,0.009302245224523314,0.09129354134654553,0.07868123646559254
7,2,transition,True,retrodiction,after_return,0.042546298532386076,0.07146155135799682,0.012169362094612984,0.06390457469246909,0.05908927867830444
7,2,transition,True,px4,flight,0.07140159591159789,0.15398664399294748,0.02770096480853889,0.25241521724439214,0.22333238621867804
7,2,transition,True,px4,outage_window,0.08184476730732224,0.13065915192623645,0.028347398340055223,0.27397480093398474,0.2502669157554877
7,2,transition,True,px4,after_return,0.07187381539509272,0.19867302045285207,0.027876939454529338,0.21803134546331904,0.18931776329395567
7,2,transition,True,ekf3,flight,0.08531299905376497,0.056537920626884446,0.031525619751661724,0.42553423753689534,0.40020992856135484
7,2,transition,True,ekf3,outage_window,0.09265539448204925,0.040030860345488445,0.02298552487556484,0.5147268206025165,0.4879808982422265
7,2,transition,True,ekf3,after_return,0.07244244299934656,0.053020782481966434,0.02912905524820679,0.4340731636811959,0.4161813834112112
7,4,gps,False,horizon,flight,0.06524274493981637,0.06792701505481435,0.032181828812236295,0.3481176442863152,0.32933295900371234
7,4,gps,False,horizon,outage_window,0.061680076113633096,0.06458556938168286,0.033647524509118266,0.2665452694576923,0.2587813547863337
7,4,gps,False,horizon,after_return,0.06738539145078605,0.07878487178523846,0.03302876046466344,0.1611378989641399,0.15596437513880299
7,4,gps,False,retrodiction,flight,0.06083541144031556,0.0643056083102323,0.03141103533550512,0.3730288711011921,0.35134070814432117
7,4,gps,False,retrodiction,outage_window,0.057701104762744274,0.06378691930463905,0.0325594106178308,0.29841543358787576,0.28983181740057246
7,4,gps,False,retrodiction,after_return,0.06273876744092553,0.07120920688940217,0.03196900177745768,0.1881410943328517,0.18279668020899492
7,4,gps,False,px4,flight,0.0678596655027663,0.06067778600220895,0.030050219165849084,0.23223940774984134,0.20435999545249509
7,4,gps,False,px4,outage_window,0.05716881232650801,0.06207624335075107,0.024491363030851383,0.2530397023792711,0.2313929226321853
7,4,gps,False,px4,after_return,0.07612095575401383,0.049575891250498466,0.030215819998043337,0.1828995203915461,0.15522900621431548
7,4,gps,False,ekf3,flight,0.09108591059822305,0.05697284193898199,0.04269956642840874,0.7489506121960867,0.7388725347599633
7,4,gps,False,ekf3,outage_window,0.08803854929905333,0.03919770027267756,0.031957012057698415,0.8792433220935799,0.870361233705022
7,4,gps,False,ekf3,after_return,0.09856419245681529,0.053840133172197865,0.0403627030198806,0.6856775179701886,0.677258091228854
7,4,gps,True,horizon,flight,0.026830172711173373,0.06847241241677678,0.010940326756437453,0.2366159448499601,0.22276154624144223
7,4,gps,True,horizon,outage_window,0.022795843458673273,0.06341298466354402,0.008099019661710364,0.1023040798065556,0.09355114085248395
7,4,gps,True,horizon,after_return,0.0318214756545365,0.07987874662128541,0.011091620510667916,0.05664736320018133,0.05361203998461808
7,4,gps,True,retrodiction,flight,0.026704521593528083,0.06456012913218867,0.012290911539599344,0.2468390272590569,0.23044449935091957
7,4,gps,True,retrodiction,outage_window,0.022945628237651273,0.06290177834233866,0.010556912568587647,0.13135481531563653,0.12183180217957501
7,4,gps,True,retrodiction,after_return,0.03286459450021675,0.07173237228735713,0.012440331718287524,0.07919214973022522,0.07723320076794106
7,4,gps,True,px4,flight,0.0649256262977982,0.11815906357669038,0.02634913264109874,0.2311860924817447,0.20190179533025787
7,4,gps,True,px4,outage_window,0.05685243414791097,0.14346642538993806,0.02495147916764837,0.24688940272039464,0.2219669495179019
7,4,gps,True,px4,after_return,0.073166855581075,0.11627628028683987,0.026006238099525708,0.1842620071372721,0.15638126812758885
7,4,gps,True,ekf3,flight,0.097149099951484,0.05648753037394419,0.039615591173289694,0.7374079328265635,0.7267150726444198
7,4,gps,True,ekf3,outage_window,0.09559091439568197,0.03915681200847008,0.03273624745007347,0.8825095160175844,0.8734259891982993
7,4,gps,True,ekf3,after_return,0.1039404831899277,0.05260859834665812,0.032710546719001594,0.6447200286362457,0.6348655063735429
7,4,denied,False,horizon,flight,0.1394525917084511,0.06633073881352597,0.07102558525719066,0.523407136430923,0.47998573546469614
7,4,denied,False,horizon,outage_window,0.14907704756047654,0.07422036769401198,0.06838239293880916,0.32107643062776126,0.2980187691827502
7,4,denied,False,horizon,after_return,0.12581359277571502,0.06951208913523613,0.08043464488247755,0.11351773992723176,0.09645801423196054
7,4,denied,False,retrodiction,flight,0.12494065878932141,0.06508995128388548,0.07064293874342761,0.5533658122187343,0.5021732517431441
7,4,denied,False,retrodiction,outage_window,0.13481525781722414,0.07159743347335512,0.06528907950328626,0.31891725695088247,0.29564353327135984
7,4,denied,False,retrodiction,after_return,0.11091560557691138,0.06791167324597427,0.08032692426230444,0.11444295539131225,0.0983819282772487
7,4,denied,False,px4,flight,0.21440725741385525,0.06851552809334803,0.047639108303783755,0.5848706822272028,0.5697308909829322
7,4,denied,False,px4,outage_window,0.21115662343668434,0.05051170361493792,0.048797863799115396,0.666217407958233,0.6585768587867018
7,4,denied,False,px4,after_return,0.22796568005260195,0.09052787402835523,0.037876940086036176,0.15001958581166736,0.08888397191764896
7,4,denied,False,ekf3,flight,0.13878463951460387,0.058587218102476954,0.03680699142073221,0.6194656757627182,0.6076220477527324
7,4,denied,False,ekf3,outage_window,0.08803843080182483,0.03919770027267756,0.031957012057698415,0.8792434162171753,0.8703613381916816
7,4,denied,False,ekf3,after_return,0.18836550109942393,0.05776824252995758,0.02298209431513416,0.23185832126571576,0.2082474761567416
7,4,denied,True,horizon,flight,0.04215412583772447,0.07062225131581473,0.01604613717874596,0.2630775625855881,0.24918395924076026
7,4,denied,True,horizon,outage_window,0.03203827080564578,0.061714351270045806,0.011512930873874547,0.06339587473424486,0.047703942661666505
7,4,denied,True,horizon,after_return,0.04899505905687785,0.08289168547477818,0.015647617120405685,0.07385867347452472,0.0698521067977861
7,4,denied,True,retrodiction,flight,0.05166476784759778,0.06586181451733082,0.024906579486516103,0.3214049566274039,0.3000434864099668
7,4,denied,True,retrodiction,outage_window,0.042260640166542136,0.06072593383871748,0.022080569479470014,0.09319010461000836,0.07731446729672518
7,4,denied,True,retrodiction,after_return,0.04670850153757772,0.07353362287156442,0.02665132476069683,0.11018128606384922,0.10805843105114943
7,4,denied,True,px4,flight,0.15246268149651587,0.07580215388102945,0.03371184767682184,0.5362615421091049,0.5213455708675233
7,4,denied,True,px4,outage_window,0.19406790123676687,0.07573008074666128,0.03750009252679799,0.7575460997821706,0.7506189418954481
7,4,denied,True,px4,after_return,0.13203546579622036,0.07789793484907029,0.023549302852363372,0.19209106539887003,0.1512729744954381
7,4,denied,True,ekf3,flight,0.07863941310498765,0.05858401912004592,0.03588206581240808,0.6237615863372872,0.611840226426212
7,4,denied,True,ekf3,outage_window,0.09559079377701638,0.03915681200847008,0.03273624745007347,0.8825097045525773,0.8734261795650677
7,4,denied,True,ekf3,after_return,0.056189466264457234,0.05774593674017247,0.02018860288886687,0.2283355577331926,0.20421214826674192
7,4,transition,False,horizon,flight,0.09273334679457114,0.07259703276493557,0.042550541189234736,0.31880612264331143,0.29798334821377365
7,4,transition,False,horizon,outage_window,0.1287211540323407,0.07937428590119308,0.05928804968128641,0.17549737634273008,0.161740559961362
7,4,transition,False,horizon,after_return,0.07192342543625675,0.0784379175907819,0.033536184603948097,0.10105254895699882,0.09335595897507977
7,4,transition,False,retrodiction,flight,0.08451516078285662,0.06819621498443527,0.04064740714808172,0.3393631846948617,0.3157524627257313
7,4,transition,False,retrodiction,outage_window,0.11575883614646738,0.07584317135860877,0.05573613972585622,0.1994449306116913,0.18678854615338206
7,4,transition,False,retrodiction,after_return,0.06686940985003563,0.07084944455483903,0.032423420058797774,0.12645847393376752,0.12024321172305112
7,4,transition,False,px4,flight,0.13836203906097008,0.10831174738784488,0.03862118653494909,0.23235387872536922,0.19951656377694593
7,4,transition,False,px4,outage_window,0.18567132549592133,0.056856045145466584,0.045191078647310624,0.2290506442531847,0.20399510759352638
7,4,transition,False,px4,after_return,0.12867460929889687,0.14778383780537158,0.03484759131585665,0.20555019659394205,0.1686582517695174
7,4,transition,False,ekf3,flight,0.09108591059822305,0.05697284193898199,0.04269956642840874,0.7489506121960867,0.7388725347599633
7,4,transition,False,ekf3,outage_window,0.08803854929905333,0.03919770027267756,0.031957012057698415,0.8792433220935799,0.870361233705022
7,4,transition,False,ekf3,after_return,0.09856419245681529,0.053840133172197865,0.0403627030198806,0.6856775179701886,0.677258091228854
7,4,transition,True,horizon,flight,0.03111189705725876,0.06941682084069371,0.010857615540013838,0.23425029045597967,0.21992633239802267
7,4,transition,True,horizon,outage_window,0.02526636766453332,0.06703175742652744,0.007748458192426211,0.07172233517046321,0.05894669678411515
7,4,transition,True,horizon,after_return,0.03881453725363288,0.07957765121311504,0.011088452833225536,0.0676961325709424,0.06231017747356947
7,4,transition,True,retrodiction,flight,0.029943091527802883,0.06550784905538753,0.012450477304652175,0.242318232325535,0.2254974017665552
7,4,transition,True,retrodiction,outage_window,0.023322507588221773,0.06636947267905846,0.011046224582759601,0.11173730884111914,0.10068262554362015
7,4,transition,True,retrodiction,after_return,0.038705658451698134,0.07140733981022493,0.012494453255331247,0.06820044256173516,0.06475979208126162
7,4,transition,True,px4,flight,0.09078107879843574,0.15967071880035474,0.032882233085495316,0.24294653133211824,0.21127190266472293
7,4,transition,True,px4,outage_window,0.11554941278043956,0.1363451464486513,0.034928217681967175,0.2506446353941387,0.2254737211377226
7,4,transition,True,px4,after_return,0.08499750765798754,0.20522571663806993,0.03372888742404984,0.2136699285838117,0.1799340970950608
7,4,transition,True,ekf3,flight,0.097149099951484,0.05648753037394419,0.039615591173289694,0.7374079328265635,0.7267150726444198
7,4,transition,True,ekf3,outage_window,0.09559091439568197,0.03915681200847008,0.03273624745007347,0.8825095160175844,0.8734259891982993
7,4,transition,True,ekf3,after_return,0.1039404831899277,0.05260859834665812,0.032710546719001594,0.6447200286362457,0.6348655063735429
101,2,gps,False,horizon,flight,0.16490941689666033,0.05630021646275618,0.05109792683647193,0.1629016422199983,0.14975788981035323
101,2,gps,False,horizon,outage_window,0.13990754022662133,0.05624481771300225,0.047199529240548196,0.05947089088800714,0.042746066490869136
101,2,gps,False,horizon,after_return,0.1698455093315585,0.0646133664377519,0.05319997343201215,0.06392725649499605,0.0531058181736098
101,2,gps,False,retrodiction,flight,0.16756095899436077,0.052742733765028985,0.04183317829961965,0.12992950338582984,0.12061856122686149
101,2,gps,False,retrodiction,outage_window,0.15030699172918696,0.05384484292181636,0.03728435867658334,0.05057517924173979,0.04492441493995739
101,2,gps,False,retrodiction,after_return,0.1699346717911233,0.05857646748962845,0.03882037569660402,0.053077812807357336,0.04808083757302343
101,2,gps,False,px4,flight,0.07843412934981339,0.2362275091910661,0.0326712697312055,0.23879002761930715,0.21352992214539873
101,2,gps,False,px4,outage_window,0.07184020814049522,0.2749246935747815,0.03006617480857519,0.12789048671673187,0.0645038135177675
101,2,gps,False,px4,after_return,0.07526948871239943,0.18150405031250336,0.03151767225801737,0.10707423062065632,0.05372247649216199
101,2,gps,False,ekf3,flight,0.07026638758403095,0.0475303729253868,0.04461393258653223,0.3820219328915545,0.36042506845270694
101,2,gps,False,ekf3,outage_window,0.07592029106609065,0.04627072047562404,0.061313963121675356,0.49487310205612045,0.47515381581397614
101,2,gps,False,ekf3,after_return,0.06177283994514958,0.03968991030476133,0.021883381101202554,0.17144274270988863,0.13736035016752748
101,2,gps,True,horizon,flight,0.02208417637801205,0.05564910332443382,0.009403951594233451,0.1001402150092422,0.09149802547801297
101,2,gps,True,horizon,outage_window,0.022603716321742406,0.055927576511122123,0.010059447370768483,0.06785751597001606,0.06504198306865276
101,2,gps,True,horizon,after_return,0.014690110728620191,0.06463583416523314,0.009512183001182506,0.05375720487795357,0.05106402935021024
101,2,gps,True,retrodiction,flight,0.022774199666936393,0.05223275638549233,0.010552703926001522,0.07425868224333917,0.06358597133598051
101,2,gps,True,retrodiction,outage_window,0.02298564003397034,0.05439211475187648,0.010963959213855378,0.05716994926149695,0.05399290136518422
101,2,gps,True,retrodiction,after_return,0.018890925078346353,0.05804292410540296,0.011260269165522883,0.029874688887832297,0.023654286230295248
101,2,gps,True,px4,flight,0.062482622827980755,0.199693321218695,0.024837060765638054,0.2596387697215081,0.2377287762736633
101,2,gps,True,px4,outage_window,0.057271034214000364,0.21976492799243658,0.022499455956909917,0.1310453534603527,0.07197206601700831
101,2,gps,True,px4,after_return,0.06132088808462544,0.16471928237013192,0.021056006455291335,0.10505765161134295,0.059205135977856954
101,2,gps,True,ekf3,flight,0.06709750225654788,0.0475038027367822,0.04470470119098572,0.3827294683766914,0.3611523204069452
101,2,gps,True,ekf3,outage_window,0.0670926459605664,0.04621643957150601,0.0613632213478338,0.4960305565195438,0.47626632594486934
101,2,gps,True,ekf3,after_return,0.06150489873073357,0.03967072163447497,0.02178046634167775,0.17135318441343939,0.13722018873306174
101,2,denied,False,horizon,flight,132.26117140724165,0.08973491608467839,0.21152701612313626,1.6824148482471524,1.5633330893999662
101,2,denied,False,horizon,outage_window,28.608475290536575,0.09216301445137982,0.23733026742303212,2.0888721162691177,1.9392915742438162
101,2,denied,False,horizon,after_return,201.232801866592,0.09961583099949702,0.21320691471236358,1.3625551999894758,1.2701818908828408
101,2,denied,False,retrodiction,flight,69.48604060197566,0.07581323933296873,0.2292098413746126,2.3634531186904373,2.1875187678350354
101,2,denied,False,retrodiction,outage_window,17.76975872351122,0.08379728205194112,0.23035752835236645,2.3545022796387176,2.1764871733773536
101,2,denied,False,retrodiction,after_return,105.40212401649211,0.0785938165843784,0.25806295887664765,2.73950484929466,2.536035257394788
101,2,denied,False,px4,flight,0.3343440227731693,0.0495758447728568,0.10602442588964443,1.7489859038505886,1.742844859918075
101,2,denied,False,px4,outage_window,0.40206691822197227,0.05454473045602877,0.1164723130766698,1.9584994433720824,1.9535523773626249
101,2,denied,False,px4,after_return,0.33693667188888066,0.05862889168719419,0.10858596569892943,1.8071432314672495,1.8018496176934151
101,2,denied,False,ekf3,flight,0.09410760607676444,0.04733620335745868,0.03537340258152221,0.432104847445602,0.41250736540866256
101,2,denied,False,ekf3,outage_window,0.06536163136245093,0.04303583677200511,0.03408605866361722,0.5333945633405366,0.5157843917505941
101,2,denied,False,ekf3,after_return,0.1189287764153626,0.04181714660279919,0.026269654665861293,0.3090362528072099,0.28857051500554537
101,2,denied,True,horizon,flight,0.027807924726659522,0.06357099758971985,0.018939909639082136,0.20153162547378656,0.17946043580332657
101,2,denied,True,horizon,outage_window,0.019633981553837096,0.058726810574325855,0.011662891529495548,0.08963757370016417,0.0799163989989942
101,2,denied,True,horizon,after_return,0.031088418023639094,0.0776746747482175,0.020769171094234873,0.03864689603233597,0.029162535928825124
101,2,denied,True,retrodiction,flight,0.04740960875285499,0.058602376130281394,0.02335436847410773,0.22616010377819876,0.20666877887249469
101,2,denied,True,retrodiction,outage_window,0.04395209412904228,0.06020077463069992,0.013032835376831394,0.10952845929098547,0.10481887985715187
101,2,denied,True,retrodiction,after_return,0.05807021701535255,0.06722918532879693,0.028958433946499704,0.08383080821938947,0.07896929739600973
101,2,denied,True,px4,flight,0.11287568497870908,0.047015603001119705,0.029895967809319808,0.45926580500474684,0.444276305557776
101,2,denied,True,px4,outage_window,0.12684036596526885,0.05594665341681901,0.03300521391147263,0.521770885251153,0.5109392507664354
101,2,denied,True,px4,after_return,0.11739148777678539,0.051192336900592356,0.02747473515058925,0.41758271832904326,0.40412375529020345
101,2,denied,True,ekf3,flight,0.05188167951812744,0.04731318425388795,0.035111244835890905,0.43236458879306916,0.41277350534848606
101,2,denied,True,ekf3,outage_window,0.03615409202136861,0.04297815863901104,0.03460978565513777,0.534334301277155,0.5167004827218402
101,2,denied,True,ekf3,after_return,0.04386594030971504,0.04180813838237717,0.024508653572794702,0.30795544961123583,0.2874055589745297
101,2,transition,False,horizon,flight,0.40540519935602093,0.06619263738500512,0.09385092391003243,0.29410011275184256,0.2655618110651464
101,2,transition,False,horizon,outage_window,0.6754076182859357,0.0816111637891454,0.12828010994744293,0.24801105264061737,0.2097058873300182
101,2,transition,False,horizon,after_return,0.154007822843438,0.0663311749170125,0.08198895473265737,0.318603689731602,0.29022922929570877
101,2,transition,False,retrodiction,flight,0.4052044905898252,0.06009181352719636,0.09167917635978434,0.27493654574276455,0.24518161994627016
101,2,transition,False,retrodiction,outage_window,0.6820632435400845,0.07399836110354593,0.12795900893833173,0.2477896018293935,0.2078745202831258
101,2,transition,False,retrodiction,after_return,0.12954591951434433,0.05871563248200138,0.07686914912372914,0.3108869284559781,0.28016914944071514
101,2,transition,False,px4,flight,0.19344945367452,0.2053775398753497,0.05166814830382771,0.25166834151834855,0.22123340225375865
101,2,transition,False,px4,outage_window,0.2867009327807131,0.23470544469167448,0.0695513956188672,0.15698455818675483,0.09103673747540979
101,2,transition,False,px4,after_return,0.14620026793932864,0.12767613757233817,0.04252568278849635,0.14174628824509342,0.0875299561964783
101,2,transition,False,ekf3,flight,0.07472866057240962,0.046285572994699105,0.04828673901944951,0.4045434237345866,0.38509293040493575
101,2,transition,False,ekf3,outage_window,0.06536163535645466,0.04303583677200511,0.03408605866361722,0.5333948013598093,0.5157846365340834
101,2,transition,False,ekf3,after_return,0.08034402132874419,0.038955401807708255,0.056823181100391355,0.20325848398989732,0.17857259387048174
101,2,transition,True,horizon,flight,0.031780766772813863,0.05745866574268991,0.008691371665549405,0.08979010207323933,0.0802089385691001
101,2,transition,True,horizon,outage_window,0.0359343860052362,0.060214594675411966,0.007991134017593356,0.03444837406434597,0.028866305035805402
101,2,transition,True,horizon,after_return,0.029290869841653265,0.06546259195274895,0.00939045065826696,0.02887335328773007,0.024498106371852853
101,2,transition,True,retrodiction,flight,0.03391883244118219,0.054083221255207044,0.010656387224827826,0.08419904642757277,0.07494565477684588
101,2,transition,True,retrodiction,outage_window,0.03811417863192133,0.05908679743081722,0.010508104769559445,0.07204388130828988,0.06980122878589569
101,2,transition,True,retrodiction,after_return,0.03388787293793868,0.05858110005065986,0.011802647185484735,0.05614809375182021,0.05281977740883112
101,2,transition,True,px4,flight,0.08411571813411454,0.18550572359891385,0.027623335363196524,0.2663591515124067,0.24178987951875594
101,2,transition,True,px4,outage_window,0.10082252760635073,0.19220622863162284,0.02598147674556963,0.131751020844495,0.05962180755115787
101,2,transition,True,px4,after_return,0.07777580988241262,0.15101198181534098,0.025695213729697946,0.1385823081838646,0.09643906157210362
101,2,transition,True,ekf3,flight,0.06783781247271209,0.04627635311294354,0.04845874500673912,0.405295417506843,0.3858590297246686
101,2,transition,True,ekf3,outage_window,0.036154123344578515,0.04297815863901104,0.034609868951789545,0.5343344799894265,0.5167006455517742
101,2,transition,True,ekf3,after_return,0.08008327122124304,0.0389856967361108,0.056762473006622426,0.20383961949875287,0.17913395588674375
101,4,gps,False,horizon,flight,0.09512423484008009,0.05661857114224467,0.04246034984283739,0.13681103420401614,0.12353421786506756
101,4,gps,False,horizon,outage_window,0.0902593837495466,0.05647242215219182,0.04511975784630115,0.10446499224803124,0.08867608027329323
101,4,gps,False,horizon,after_return,0.07760064432653217,0.06537195237993841,0.04131970981180282,0.05720202683596971,0.03768097157675631
101,4,gps,False,retrodiction,flight,0.09220947163147998,0.05287160240734384,0.04226478974546512,0.12977590214969648,0.11634932350710732
101,4,gps,False,retrodiction,outage_window,0.08647226645172068,0.05469786643024273,0.044742855410371325,0.11115617520581662,0.09442816339597862
101,4,gps,False,retrodiction,after_return,0.0742703163281928,0.058471797772895386,0.04122711605711686,0.05725985305936353,0.03764636501149753
101,4,gps,False,px4,flight,0.07170521234204304,0.3002691074595372,0.032338963744312915,0.26967130340034384,0.2488852076176682
101,4,gps,False,px4,outage_window,0.06357898633967908,0.36669820807670533,0.026193609234974633,0.12812979717440348,0.07087081855547465
101,4,gps,False,px4,after_return,0.06966015610624261,0.2246478008104784,0.028750629606828452,0.1059502407623872,0.057602623115806585
101,4,gps,False,ekf3,flight,0.0903812213813029,0.04601101208507507,0.0467730054059669,0.603028784533883,0.5898895110385144
101,4,gps,False,ekf3,outage_window,0.05401212026951031,0.043647656370837,0.04188924457102948,0.6702185576882602,0.6587662270960123
101,4,gps,False,ekf3,after_return,0.11784829905093386,0.03613936503316016,0.04822018524899863,0.6187799743913803,0.6079309836476173
101,4,gps,True,horizon,flight,0.02027168124682076,0.05551134284892378,0.00937610508157413,0.11365264675574092,0.1051809012712656
101,4,gps,True,horizon,outage_window,0.020218905104600254,0.055889961174655674,0.010028577533126491,0.0663750109704978,0.06332498842850239
101,4,gps,True,horizon,after_return,0.013706847838664304,0.06443611203171898,0.00919271894190434,0.051072795462990095,0.048090212630786215
101,4,gps,True,retrodiction,flight,0.022362801587957153,0.052166583427627373,0.011498297017025014,0.11073261855272643,0.10097595315062857
101,4,gps,True,retrodiction,outage_window,0.02161175048133106,0.05448765993912248,0.01183265054380905,0.05671705126465813,0.05370005535242177
101,4,gps,True,retrodiction,after_return,0.019761154222643223,0.05802665473024687,0.012014126983279062,0.039758182319837826,0.03563616823254043
101,4,gps,True,px4,flight,0.06664339428581417,0.19564309834517757,0.027005499265008732,0.27373243766183386,0.2528747213078006
101,4,gps,True,px4,outage_window,0.06129918992012941,0.21295246356557096,0.02445476443270883,0.13198380477718044,0.07367546321391058
101,4,gps,True,px4,after_return,0.06612773303197128,0.16314072804565274,0.023159983687944502,0.1066715809274182,0.06043087030751897
101,4,gps,True,ekf3,flight,0.09580677753421732,0.046012552897103626,0.04716239349465222,0.605987675521015,0.5928409637168138
101,4,gps,True,ekf3,outage_window,0.06753989293704807,0.04358071102372395,0.042924265937110684,0.6722143302557344,0.6606936499008091
101,4,gps,True,ekf3,after_return,0.11868774932383656,0.03617997616085451,0.04787544434784953,0.6184246443340435,0.6075589167397799
101,4,denied,False,horizon,flight,25.725409962329437,0.0779685994715988,0.2115974314737597,2.501315739484022,2.3166293703409284
101,4,denied,False,horizon,outage_window,1.2442475086152127,0.07476307879009737,0.22644096650973172,2.8463685955331592,2.6440977343423184
101,4,denied,False,horizon,after_return,39.419835826213884,0.08824344205743684,0.22853312916226173,2.6477439670575795,2.444940150383732
101,4,denied,False,retrodiction,flight,71.57705972818161,0.07323375648526839,0.21523041158873085,2.487261743979912,2.303941016017729
101,4,denied,False,retrodiction,outage_window,1.6798747955023592,0.06817198832896616,0.23107910130786255,2.8325916084187663,2.630404037786165
101,4,denied,False,retrodiction,after_return,109.71532872418662,0.08372302797101731,0.2315102157611868,2.618867882715615,2.4193580353435156
101,4,denied,False,px4,flight,0.22613597609214275,0.05360916532691027,0.06389397531534143,0.6090506248578533,0.595963193706548
101,4,denied,False,px4,outage_window,0.2641727511792377,0.041661978684607234,0.06644282151212441,0.47861640458325816,0.46671930184417837
101,4,denied,False,px4,after_return,0.22619978018436315,0.0617211961331711,0.05587998917411982,0.15110040176247988,0.09498933527482703
101,4,denied,False,ekf3,flight,0.09221324197179942,0.04759984394650072,0.04215938037699455,0.5741739238402551,0.5622030244136242
101,4,denied,False,ekf3,outage_window,0.05401212026951031,0.043647656370837,0.041889181439617,0.6702184620276458,0.6587661305704262
101,4,denied,False,ekf3,after_return,0.1211376741899322,0.040688741624680405,0.036891511652946095,0.5505124553615411,0.5427903442942174
101,4,denied,True,horizon,flight,0.035605908756666485,0.0632932847226172,0.018645325758393342,0.20677977770583508,0.18484959089897246
101,4,denied,True,horizon,outage_window,0.028273744524788993,0.059215566757044626,0.01211001465895708,0.09636317317554667,0.0869206677906573
101,4,denied,True,horizon,after_return,0.039865224327779,0.07693578907811639,0.019518722666391545,0.0412880347428994,0.03253901405378953
101,4,denied,True,retrodiction,flight,0.047866942001960226,0.058679235157899357,0.03003148728121782,0.3309866329042345,0.3068705697182586
101,4,denied,True,retrodiction,outage_window,0.0422700705601242,0.06110902118812311,0.017485364511082103,0.19232889093862607,0.18605212834202187
101,4,denied,True,retrodiction,after_return,0.05636453624150314,0.06738731485073957,0.034859805278984884,0.15594257694272437,0.1511901406297562
101,4,denied,True,px4,flight,0.15876521607177876,0.047709709060501544,0.03640930665922778,0.5454148696809614,0.5325779101223106
101,4,denied,True,px4,outage_window,0.1768086043272288,0.05826780039628089,0.04043437970620954,0.6282543417554832,0.6192541571866987
101,4,denied,True,px4,after_return,0.16549539237231045,0.04978633240220152,0.033073019756315304,0.4939796880800371,0.482301088843181
101,4,denied,True,ekf3,flight,0.06667669644897398,0.04758174729003327,0.04192638103888264,0.5758000112984855,0.5637856695387388
101,4,denied,True,ekf3,outage_window,0.06753986031301223,0.04358071102372395,0.042924265937110684,0.6722142283307967,0.6606935299539106
101,4,denied,True,ekf3,after_return,0.05444140639401486,0.040670992795848994,0.03458111954023428,0.5464542106502902,0.5386592916747928
101,4,transition,False,horizon,flight,0.1357421037469339,0.05734312999044945,0.05619315344552056,0.1589115103619721,0.14297682640509324
101,4,transition,False,horizon,outage_window,0.19341781874475109,0.05830503414826035,0.07713811959745963,0.15634832262173756,0.1342511951013488
101,4,transition,False,horizon,after_return,0.0781712203948333,0.06564890976960462,0.0442176468660657,0.0920969901530438,0.07730994610258365
101,4,transition,False,retrodiction,flight,0.12885241547810367,0.0538066426591473,0.05495945036755956,0.1509579704689124,0.13483455691476628
101,4,transition,False,retrodiction,outage_window,0.1808338153668412,0.057135086794578516,0.07444844770192904,0.15652899894752959,0.1333489898018838
101,4,transition,False,retrodiction,after_return,0.07506237402275069,0.05872766670313773,0.0440979186412485,0.09024299511013319,0.07536441644017794
101,4,transition,False,px4,flight,0.18451899364956542,0.2414018267555229,0.04403144206747395,0.2762785265766751,0.25196720219334673
101,4,transition,False,px4,outage_window,0.26778245032901365,0.2987366035181536,0.05175402791551157,0.1302657409131965,0.0656591106606462
101,4,transition,False,px4,after_return,0.14843140863235954,0.0972158138306212,0.03782555235929558,0.1388829141316889,0.08648262910202516
101,4,transition,False,ekf3,flight,0.0903812213813029,0.04601101208507507,0.0467730054059669,0.603028784533883,0.5898895110385144
101,4,transition,False,ekf3,outage_window,0.05401212026951031,0.043647656370837,0.04188924457102948,0.6702185576882602,0.6587662270960123
101,4,transition,False,ekf3,after_return,0.11784829905093386,0.03613936503316016,0.04822018524899863,0.6187799743913803,0.6079309836476173
101,4,transition,True,horizon,flight,0.0310228508004381,0.05748899136641576,0.008882811624062908,0.10524710181220058,0.09637190587722702
101,4,transition,True,horizon,outage_window,0.03454591597964591,0.06061885152684096,0.0084134661854693,0.032368529969677366,0.027576814356089475
101,4,transition,True,horizon,after_return,0.02992297835428766,0.06529900918539912,0.009256299873613353,0.028336147630193376,0.0240307290955037
101,4,transition,True,retrodiction,flight,0.034120278181518894,0.054226664810066064,0.012530561333590267,0.13665853858704105,0.12850899643126562
101,4,transition,True,retrodiction,outage_window,0.03757450165693036,0.05977767106921143,0.013252604155250411,0.11874546966455819,0.11697114852639016
101,4,transition,True,retrodiction,after_return,0.03524986669255689,0.05855607625910928,0.013263258887575248,0.09214389808624655,0.08955057799712673
101,4,transition,True,px4,flight,0.11190559379805029,0.18430824939349777,0.031975290199064955,0.279572064457327,0.2559872228633437
101,4,transition,True,px4,outage_window,0.152269878623755,0.18712387537654707,0.031194690538862997,0.12741858713447507,0.056595232472141065
101,4,transition,True,px4,after_return,0.09377129066362115,0.15570558188653674,0.030723233661994635,0.14092573640662626,0.09509305539883345
101,4,transition,True,ekf3,flight,0.09580677753421732,0.046012552897103626,0.04716239349465222,0.605987675521015,0.5928409637168138
101,4,transition,True,ekf3,outage_window,0.06753989293704807,0.04358071102372395,0.042924265937110684,0.6722143302557344,0.6606936499008091
101,4,transition,True,ekf3,after_return,0.11868774932383656,0.03617997616085451,0.04787544434784953,0.6184246443340435,0.6075589167397799
