estimator,seed,frequency,climb_height_m,scenario,metric,control,candidate,change_percent
horizon_default,7,0.6,2,denied,horizontal_position_rmse_m,0.04550370495682623,0.08035216178232957,76.58377896605879
horizon_default,7,0.6,2,gps,horizontal_position_rmse_m,0.02878971916888441,0.028914377735325108,0.4329968128880868
horizon_default,7,0.6,2,transition,horizontal_position_rmse_m,0.03411328833703738,0.034275525650132886,0.47558391760011975
horizon_default,7,0.6,4,denied,horizontal_position_rmse_m,0.04215412583772447,0.06914403457732163,64.02673096222391
horizon_default,7,0.6,4,gps,horizontal_position_rmse_m,0.026830172711173373,0.026953947409781392,0.4613265070652073
horizon_default,7,0.6,4,transition,horizontal_position_rmse_m,0.03111189705725876,0.031372665198314664,0.8381621364199843
horizon_default,101,0.85,2,denied,horizontal_position_rmse_m,0.027807924726659522,0.02992014991944356,7.595767082751936
horizon_default,101,0.85,2,gps,horizontal_position_rmse_m,0.02208417637801205,0.022070142300754752,-0.06354811253577175
horizon_default,101,0.85,2,transition,horizontal_position_rmse_m,0.031780766772813863,0.031586310535623774,-0.6118676700916925
horizon_default,101,0.85,4,denied,horizontal_position_rmse_m,0.035605908756666485,0.03468823448732747,-2.5773089393967497
horizon_default,101,0.85,4,gps,horizontal_position_rmse_m,0.02027168124682076,0.02025186373298298,-0.09775959673247181
horizon_default,101,0.85,4,transition,horizontal_position_rmse_m,0.0310228508004381,0.030875882459366042,-0.47374221672104033
horizon_default,7,0.6,2,denied,vertical_position_rmse_m,0.07117301747969708,0.06814474905562172,-4.25479842124048
horizon_default,7,0.6,2,gps,vertical_position_rmse_m,0.068559138067265,0.04589482597333136,-33.05804701292649
horizon_default,7,0.6,2,transition,vertical_position_rmse_m,0.06982819408919916,0.0519881942194332,-25.548419377675703
horizon_default,7,0.6,4,denied,vertical_position_rmse_m,0.07062225131581473,0.06776407716244309,-4.04712976451318
horizon_default,7,0.6,4,gps,vertical_position_rmse_m,0.06847241241677678,0.04530167410495543,-33.839523822800444
horizon_default,7,0.6,4,transition,vertical_position_rmse_m,0.06941682084069371,0.05154444684964284,-25.74645997123176
horizon_default,101,0.85,2,denied,vertical_position_rmse_m,0.06357099758971985,0.0564771248860902,-11.15897653425657
horizon_default,101,0.85,2,gps,vertical_position_rmse_m,0.05564910332443382,0.030427475842951503,-45.32261253957757
horizon_default,101,0.85,2,transition,vertical_position_rmse_m,0.05745866574268991,0.048210975345599004,-16.09450946616774
horizon_default,101,0.85,4,denied,vertical_position_rmse_m,0.0632932847226172,0.05631180223005065,-11.030368424016679
horizon_default,101,0.85,4,gps,vertical_position_rmse_m,0.05551134284892378,0.030231564988540172,-45.5398420628798
horizon_default,101,0.85,4,transition,vertical_position_rmse_m,0.05748899136641576,0.048088673536800054,-16.351509404124343
horizon_default,7,0.6,2,denied,velocity_3d_rmse_m_s,0.016322839746646663,0.0136513152145232,-16.36678772559963
horizon_default,7,0.6,2,gps,velocity_3d_rmse_m_s,0.01028745860802437,0.010393353075544044,1.0293549802190771
horizon_default,7,0.6,2,transition,velocity_3d_rmse_m_s,0.010147454947813491,0.010557829724433336,4.044115285362948
horizon_default,7,0.6,4,denied,velocity_3d_rmse_m_s,0.01604613717874596,0.013531291126488832,-15.672594745034264
horizon_default,7,0.6,4,gps,velocity_3d_rmse_m_s,0.010940326756437453,0.011056206476460306,1.0591979801212847
horizon_default,7,0.6,4,transition,velocity_3d_rmse_m_s,0.010857615540013838,0.011207179984128837,3.2195323441573276
horizon_default,101,0.85,2,denied,velocity_3d_rmse_m_s,0.018939909639082136,0.013306182520160262,-29.74526925565044
horizon_default,101,0.85,2,gps,velocity_3d_rmse_m_s,0.009403951594233451,0.008763424676852103,-6.8112528117873605
horizon_default,101,0.85,2,transition,velocity_3d_rmse_m_s,0.008691371665549405,0.008542194636152231,-1.71638074101097
horizon_default,101,0.85,4,denied,velocity_3d_rmse_m_s,0.018645325758393342,0.013513323101461293,-27.52433893316043
horizon_default,101,0.85,4,gps,velocity_3d_rmse_m_s,0.00937610508157413,0.008733370092609851,-6.85503184288515
horizon_default,101,0.85,4,transition,velocity_3d_rmse_m_s,0.008882811624062908,0.008520761104081781,-4.0758549804248645
horizon_default,7,0.6,2,denied,attitude_rmse_deg,0.2637833056439201,0.28157211753264305,6.743721648835499
horizon_default,7,0.6,2,gps,attitude_rmse_deg,0.21187411545951323,0.2070707416083331,-2.267088568493869
horizon_default,7,0.6,2,transition,attitude_rmse_deg,0.20957709711944753,0.2049857532362444,-2.190766045674497
horizon_default,7,0.6,4,denied,attitude_rmse_deg,0.2630775625855881,0.27994632075990683,6.412085473397489
horizon_default,7,0.6,4,gps,attitude_rmse_deg,0.2366159448499601,0.2322968658706137,-1.8253541544231755
horizon_default,7,0.6,4,transition,attitude_rmse_deg,0.23425029045597967,0.2303608771953413,-1.6603664623285885
horizon_default,101,0.85,2,denied,attitude_rmse_deg,0.20153162547378656,0.1942401863732538,-3.6180123508611106
horizon_default,101,0.85,2,gps,attitude_rmse_deg,0.1001402150092422,0.09813518459314163,-2.002222998937553
horizon_default,101,0.85,2,transition,attitude_rmse_deg,0.08979010207323933,0.08884833671178129,-1.0488520891644315
horizon_default,101,0.85,4,denied,attitude_rmse_deg,0.20677977770583508,0.20067228100484585,-2.953623786982573
horizon_default,101,0.85,4,gps,attitude_rmse_deg,0.11365264675574092,0.11219225561987146,-1.2849600757720014
horizon_default,101,0.85,4,transition,attitude_rmse_deg,0.10524710181220058,0.10468841496187775,-0.5308334773148737
horizon_default,7,0.6,2,denied,yaw_rmse_deg,0.2500876703808431,0.26712637125706395,6.813091125313631
horizon_default,7,0.6,2,gps,yaw_rmse_deg,0.1993623774424349,0.19491365818359757,-2.231473819638752
horizon_default,7,0.6,2,transition,yaw_rmse_deg,0.19650217070633605,0.19231408869391506,-2.1313159021942307
horizon_default,7,0.6,4,denied,yaw_rmse_deg,0.24918395924076026,0.26540035131309736,6.507799347015308
horizon_default,7,0.6,4,gps,yaw_rmse_deg,0.22276154624144223,0.21875314236138815,-1.7994146421077217
horizon_default,7,0.6,4,transition,yaw_rmse_deg,0.21992633239802267,0.2164049597345599,-1.601160090775211
horizon_default,101,0.85,2,denied,yaw_rmse_deg,0.17946043580332657,0.1727926019711313,-3.715489602121913
horizon_default,101,0.85,2,gps,yaw_rmse_deg,0.09149802547801297,0.08956475957486587,-2.112904505913815
horizon_default,101,0.85,2,transition,yaw_rmse_deg,0.0802089385691001,0.07920537631621892,-1.2511850559106974
horizon_default,101,0.85,4,denied,yaw_rmse_deg,0.18484959089897246,0.1793219636285311,-2.9903378436268446
horizon_default,101,0.85,4,gps,yaw_rmse_deg,0.1051809012712656,0.1037883944440803,-1.3239160440296716
horizon_default,101,0.85,4,transition,yaw_rmse_deg,0.09637190587722702,0.09577388567095349,-0.6205337549673229
retrodiction_default,7,0.6,2,denied,horizontal_position_rmse_m,0.04926230895660374,0.06670910013801216,35.41610523529803
retrodiction_default,7,0.6,2,gps,horizontal_position_rmse_m,0.028474334846312926,0.02857705433978014,0.3607441368573827
retrodiction_default,7,0.6,2,transition,horizontal_position_rmse_m,0.032957837359689185,0.03325489855966544,0.9013370529572073
retrodiction_default,7,0.6,4,denied,horizontal_position_rmse_m,0.05166476784759778,0.06635369221141459,28.431221073414335
retrodiction_default,7,0.6,4,gps,horizontal_position_rmse_m,0.026704521593528083,0.026816417822251217,0.4190160394045517
retrodiction_default,7,0.6,4,transition,horizontal_position_rmse_m,0.029943091527802883,0.030349630934746775,1.357706857244212
retrodiction_default,101,0.85,2,denied,horizontal_position_rmse_m,0.04740960875285499,0.045401370760480945,-4.23593032130456
retrodiction_default,101,0.85,2,gps,horizontal_position_rmse_m,0.022774199666936393,0.022762077664469447,-0.05322690871348845
retrodiction_default,101,0.85,2,transition,horizontal_position_rmse_m,0.03391883244118219,0.03349740390048043,-1.2424618136032572
retrodiction_default,101,0.85,4,denied,horizontal_position_rmse_m,0.047866942001960226,0.0785894303823532,64.18310235722777
retrodiction_default,101,0.85,4,gps,horizontal_position_rmse_m,0.022362801587957153,0.022355775054451847,-0.03142063161303277
retrodiction_default,101,0.85,4,transition,horizontal_position_rmse_m,0.034120278181518894,0.033657975623911596,-1.3549202475661604
retrodiction_default,7,0.6,2,denied,vertical_position_rmse_m,0.06712735259194424,0.06369995296066111,-5.105816778024474
retrodiction_default,7,0.6,2,gps,vertical_position_rmse_m,0.0646788087448766,0.04444068743256196,-31.2901887110247
retrodiction_default,7,0.6,2,transition,vertical_position_rmse_m,0.06590715637281776,0.05118039602679712,-22.344706032703954
retrodiction_default,7,0.6,4,denied,vertical_position_rmse_m,0.06586181451733082,0.06268423041264952,-4.824622777201437
retrodiction_default,7,0.6,4,gps,vertical_position_rmse_m,0.06456012913218867,0.043186258878046675,-33.10691992325232
retrodiction_default,7,0.6,4,transition,vertical_position_rmse_m,0.06550784905538753,0.0506270971756627,-22.715983037609753
retrodiction_default,101,0.85,2,denied,vertical_position_rmse_m,0.058602376130281394,0.05295475806342555,-9.637182721568138
retrodiction_default,101,0.85,2,gps,vertical_position_rmse_m,0.05223275638549233,0.02542594523259493,-51.321839029622794
retrodiction_default,101,0.85,2,transition,vertical_position_rmse_m,0.054083221255207044,0.044495241743208194,-17.7281960827652
retrodiction_default,101,0.85,4,denied,vertical_position_rmse_m,0.058679235157899357,0.05344261523329979,-8.924144819727797
retrodiction_default,101,0.85,4,gps,vertical_position_rmse_m,0.052166583427627373,0.02472153025196201,-52.61040952344693
retrodiction_default,101,0.85,4,transition,vertical_position_rmse_m,0.054226664810066064,0.04419612892580116,-18.497423581918216
retrodiction_default,7,0.6,2,denied,velocity_3d_rmse_m_s,0.022494584631145828,0.015522398535647327,-30.994953718082296
retrodiction_default,7,0.6,2,gps,velocity_3d_rmse_m_s,0.011442618516175021,0.011406273508040878,-0.3176284176805044
retrodiction_default,7,0.6,2,transition,velocity_3d_rmse_m_s,0.011261453610837205,0.01130553679383327,0.39145197875380955
retrodiction_default,7,0.6,4,denied,velocity_3d_rmse_m_s,0.024906579486516103,0.01626795557578138,-34.684103914837
retrodiction_default,7,0.6,4,gps,velocity_3d_rmse_m_s,0.012290911539599344,0.012283263890346814,-0.06222198596003148
retrodiction_default,7,0.6,4,transition,velocity_3d_rmse_m_s,0.012450477304652175,0.012280978217927205,-1.361386255140884
retrodiction_default,101,0.85,2,denied,velocity_3d_rmse_m_s,0.02335436847410773,0.01400871945543643,-40.01670620651778
retrodiction_default,101,0.85,2,gps,velocity_3d_rmse_m_s,0.010552703926001522,0.009943843747651183,-5.769707769874288
retrodiction_default,101,0.85,2,transition,velocity_3d_rmse_m_s,0.010656387224827826,0.010668626756316017,0.11485629444540901
retrodiction_default,101,0.85,4,denied,velocity_3d_rmse_m_s,0.03003148728121782,0.01955338774437764,-34.890378350969485
retrodiction_default,101,0.85,4,gps,velocity_3d_rmse_m_s,0.011498297017025014,0.01091098608728877,-5.107807955096655
retrodiction_default,101,0.85,4,transition,velocity_3d_rmse_m_s,0.012530561333590267,0.012458210762008906,-0.5773929008863532
retrodiction_default,7,0.6,2,denied,attitude_rmse_deg,0.2971351866002112,0.3203872445712866,7.825413824974059
retrodiction_default,7,0.6,2,gps,attitude_rmse_deg,0.2084072084494192,0.2066441919806502,-0.8459479314012697
retrodiction_default,7,0.6,2,transition,attitude_rmse_deg,0.20306689526461344,0.20219272395982224,-0.43048439956304696
retrodiction_default,7,0.6,4,denied,attitude_rmse_deg,0.3214049566274039,0.3437868189226579,6.963757662642589
retrodiction_default,7,0.6,4,gps,attitude_rmse_deg,0.2468390272590569,0.2450231125026714,-0.7356676035186749
retrodiction_default,7,0.6,4,transition,attitude_rmse_deg,0.242318232325535,0.2417927329124512,-0.2168633404265874
retrodiction_default,101,0.85,2,denied,attitude_rmse_deg,0.22616010377819876,0.2067008725313829,-8.604183904116026
retrodiction_default,101,0.85,2,gps,attitude_rmse_deg,0.07425868224333917,0.0730700466095996,-1.6006689020477305
retrodiction_default,101,0.85,2,transition,attitude_rmse_deg,0.08419904642757277,0.08401884867707905,-0.2140140038862759
retrodiction_default,101,0.85,4,denied,attitude_rmse_deg,0.3309866329042345,0.30945768006669366,-6.504478035452843
retrodiction_default,101,0.85,4,gps,attitude_rmse_deg,0.11073261855272643,0.10964034821375575,-0.9864034222676454
retrodiction_default,101,0.85,4,transition,attitude_rmse_deg,0.13665853858704105,0.13517897856470845,-1.082669284795723
retrodiction_default,7,0.6,2,denied,yaw_rmse_deg,0.27767382299995247,0.30005856008428927,8.06152227188539
retrodiction_default,7,0.6,2,gps,yaw_rmse_deg,0.19316167696108977,0.19150946105013492,-0.8553538864169541
retrodiction_default,7,0.6,2,transition,yaw_rmse_deg,0.1871433682258707,0.18643993735795553,-0.37587806321096595
retrodiction_default,7,0.6,4,denied,yaw_rmse_deg,0.3000434864099668,0.3216836754335637,7.212350877042084
retrodiction_default,7,0.6,4,gps,yaw_rmse_deg,0.23044449935091957,0.22873312322971573,-0.742641341418071
retrodiction_default,7,0.6,4,transition,yaw_rmse_deg,0.2254974017665552,0.22516669952349438,-0.14665456917466457
retrodiction_default,101,0.85,2,denied,yaw_rmse_deg,0.20666877887249469,0.18905811891565688,-8.521199986236327
retrodiction_default,101,0.85,2,gps,yaw_rmse_deg,0.06358597133598051,0.06227845670173546,-2.0562941900129306
retrodiction_default,101,0.85,2,transition,yaw_rmse_deg,0.07494565477684588,0.07459959591629896,-0.46174639687561747
retrodiction_default,101,0.85,4,denied,yaw_rmse_deg,0.3068705697182586,0.287486369557108,-6.316734830240467
retrodiction_default,101,0.85,4,gps,yaw_rmse_deg,0.10097595315062857,0.09990280361059024,-1.062777331190412
retrodiction_default,101,0.85,4,transition,yaw_rmse_deg,0.12850899643126562,0.12696147390971801,-1.2042133737892202
horizon_rest,7,0.6,2,denied,horizontal_position_rmse_m,0.07744039638074973,0.08428197232206293,8.834634455737223
horizon_rest,7,0.6,2,gps,horizontal_position_rmse_m,0.02881991322245067,0.028849637701133836,0.10313868211098143
horizon_rest,7,0.6,2,transition,horizontal_position_rmse_m,0.03421308555395416,0.03431616119583756,0.301275492152997
horizon_rest,7,0.6,4,denied,horizontal_position_rmse_m,0.08940502198024454,0.09741593542271787,8.960249955806132
horizon_rest,7,0.6,4,gps,horizontal_position_rmse_m,0.026854653374286004,0.02687673751889473,0.08223582073814129
horizon_rest,7,0.6,4,transition,horizontal_position_rmse_m,0.031222167457742304,0.031384248235560484,0.5191208395046498
horizon_rest,101,0.85,2,denied,horizontal_position_rmse_m,0.028359118472377553,0.028235401082478077,-0.4362525937467998
horizon_rest,101,0.85,2,gps,horizontal_position_rmse_m,0.022045546116814533,0.022112576475806008,0.3040539736974379
horizon_rest,101,0.85,2,transition,horizontal_position_rmse_m,0.03167855606078076,0.03135827156076801,-1.011045135385047
horizon_rest,101,0.85,4,denied,horizontal_position_rmse_m,0.03128449070404274,0.032743530346737104,4.663779431467052
horizon_rest,101,0.85,4,gps,horizontal_position_rmse_m,0.020221696308583205,0.020269436531329635,0.23608416434464097
horizon_rest,101,0.85,4,transition,horizontal_position_rmse_m,0.03092228418051011,0.03062393242096033,-0.9648438576145946
horizon_rest,7,0.6,2,denied,vertical_position_rmse_m,0.035635826978457616,0.026909392444782767,-24.487812613272897
horizon_rest,7,0.6,2,gps,vertical_position_rmse_m,0.035305389993532624,0.029313189809256176,-16.97247979805384
horizon_rest,7,0.6,2,transition,vertical_position_rmse_m,0.03587213238960164,0.028344681539195362,-20.984118726625468
horizon_rest,7,0.6,4,denied,vertical_position_rmse_m,0.035613209256726445,0.026827833544524036,-24.668868365304853
horizon_rest,7,0.6,4,gps,vertical_position_rmse_m,0.035270204366277806,0.029169661773046387,-17.296589863437852
horizon_rest,7,0.6,4,transition,vertical_position_rmse_m,0.03572117287164899,0.02830766250982726,-20.753826836704036
horizon_rest,101,0.85,2,denied,vertical_position_rmse_m,0.04016022567666825,0.03215848823249499,-19.924533065614735
horizon_rest,101,0.85,2,gps,vertical_position_rmse_m,0.03545928615592121,0.02612964371026141,-26.310858048962395
horizon_rest,101,0.85,2,transition,vertical_position_rmse_m,0.036204302365934256,0.03237150481512541,-10.586580324263462
horizon_rest,101,0.85,4,denied,vertical_position_rmse_m,0.03991583518360502,0.03205437308485427,-19.695096100556498
horizon_rest,101,0.85,4,gps,vertical_position_rmse_m,0.035371094237566694,0.025999173978466707,-26.495986231453138
horizon_rest,101,0.85,4,transition,vertical_position_rmse_m,0.03625901519114549,0.03227941805772738,-10.975469445154506
horizon_rest,7,0.6,2,denied,velocity_3d_rmse_m_s,0.015640623548939744,0.013606989069548502,-13.002259615979938
horizon_rest,7,0.6,2,gps,velocity_3d_rmse_m_s,0.010217924677925727,0.009862426978899164,-3.4791575611685888
horizon_rest,7,0.6,2,transition,velocity_3d_rmse_m_s,0.010024502617076042,0.009840877441197457,-1.831763458925062
horizon_rest,7,0.6,4,denied,velocity_3d_rmse_m_s,0.015169976389460611,0.013507819382495774,-10.9568859192136
horizon_rest,7,0.6,4,gps,velocity_3d_rmse_m_s,0.01086076833973875,0.010564923212825672,-2.723979719101488
horizon_rest,7,0.6,4,transition,velocity_3d_rmse_m_s,0.010657140124655663,0.010520912380074531,-1.2782767514331939
horizon_rest,101,0.85,2,denied,velocity_3d_rmse_m_s,0.01639629151390245,0.013205370856734658,-19.461233989784844
horizon_rest,101,0.85,2,gps,velocity_3d_rmse_m_s,0.009287242357637249,0.008648363617053402,-6.879100555166118
horizon_rest,101,0.85,2,transition,velocity_3d_rmse_m_s,0.008486226024650071,0.008094223878866368,-4.619275336822859
horizon_rest,101,0.85,4,denied,velocity_3d_rmse_m_s,0.01631750753163963,0.013409569708162802,-17.820968170772034
horizon_rest,101,0.85,4,gps,velocity_3d_rmse_m_s,0.009258726435952614,0.008627517620925914,-6.817447511740382
horizon_rest,101,0.85,4,transition,velocity_3d_rmse_m_s,0.008629256226468604,0.008086724569210264,-6.287119573460198
horizon_rest,7,0.6,2,denied,attitude_rmse_deg,0.2816558454315469,0.28722642348799865,1.9777960041683418
horizon_rest,7,0.6,2,gps,attitude_rmse_deg,0.2085413983393389,0.20832402854202395,-0.1042334035572412
horizon_rest,7,0.6,2,transition,attitude_rmse_deg,0.2064981450678685,0.20611555825487082,-0.18527372866808944
horizon_rest,7,0.6,4,denied,attitude_rmse_deg,0.27963296878697064,0.2852847954257898,2.0211589010181497
horizon_rest,7,0.6,4,gps,attitude_rmse_deg,0.23363243378511678,0.23341241923626263,-0.09417123525602422
horizon_rest,7,0.6,4,transition,attitude_rmse_deg,0.23148954026827018,0.23126592626913023,-0.09659788467366592
horizon_rest,101,0.85,2,denied,attitude_rmse_deg,0.18707382103498574,0.18735095974459556,0.14814403644323182
horizon_rest,101,0.85,2,gps,attitude_rmse_deg,0.09898620008046978,0.09841750014724981,-0.5745244617508805
horizon_rest,101,0.85,2,transition,attitude_rmse_deg,0.08829212097258128,0.08854083777450578,0.28169761829792694
horizon_rest,101,0.85,4,denied,attitude_rmse_deg,0.19386259602839828,0.19388281494521697,0.010429508957843225
horizon_rest,101,0.85,4,gps,attitude_rmse_deg,0.11334238900496045,0.11283590688162505,-0.4468602857076176
horizon_rest,101,0.85,4,transition,attitude_rmse_deg,0.10475215624044808,0.10489943988188274,0.14060201404979544
horizon_rest,7,0.6,2,denied,yaw_rmse_deg,0.2667330679173825,0.27243090081080457,2.1361554223141566
horizon_rest,7,0.6,2,gps,yaw_rmse_deg,0.1964313309812614,0.19618072378539886,-0.1275800528411808
horizon_rest,7,0.6,2,transition,yaw_rmse_deg,0.1937608406195614,0.19343220730539187,-0.16960770459020225
horizon_rest,7,0.6,4,denied,yaw_rmse_deg,0.26462557669027265,0.2704065035685416,2.1845684572792345
horizon_rest,7,0.6,4,gps,yaw_rmse_deg,0.2201174365163924,0.21986155834011561,-0.11624620944453712
horizon_rest,7,0.6,4,transition,yaw_rmse_deg,0.2174553033833577,0.2172737326882107,-0.08349793834501185
horizon_rest,101,0.85,2,denied,yaw_rmse_deg,0.16616409135797686,0.16653122315081212,0.22094532569274516
horizon_rest,101,0.85,2,gps,yaw_rmse_deg,0.09051822347304411,0.09007566743061668,-0.4889137517808506
horizon_rest,101,0.85,2,transition,yaw_rmse_deg,0.07890651820204041,0.07930890354591286,0.5099519698007038
horizon_rest,101,0.85,4,denied,yaw_rmse_deg,0.17298061925040384,0.1730891709615181,0.06275368395873837
horizon_rest,101,0.85,4,gps,yaw_rmse_deg,0.10496044760924664,0.10455779130610532,-0.3836267015936867
horizon_rest,101,0.85,4,transition,yaw_rmse_deg,0.09599493205964957,0.0962447626888719,0.260253977852809
retrodiction_rest,7,0.6,2,denied,horizontal_position_rmse_m,0.046984291918006287,0.0525755972387114,11.90037157623376
retrodiction_rest,7,0.6,2,gps,horizontal_position_rmse_m,0.028483483179097113,0.02850400687652803,0.0720547318664222
retrodiction_rest,7,0.6,2,transition,horizontal_position_rmse_m,0.033083462662191386,0.03329859595862999,0.6502744245222569
retrodiction_rest,7,0.6,4,denied,horizontal_position_rmse_m,0.043504832560605014,0.04829133671063832,11.00223554099513
retrodiction_rest,7,0.6,4,gps,horizontal_position_rmse_m,0.026699231836113658,0.026731667493632205,0.1214853585213449
retrodiction_rest,7,0.6,4,transition,horizontal_position_rmse_m,0.03003578385794615,0.03029623245852533,0.8671276961206287
retrodiction_rest,101,0.85,2,denied,horizontal_position_rmse_m,0.05585928428516329,0.06722460445618038,20.346340481193415
retrodiction_rest,101,0.85,2,gps,horizontal_position_rmse_m,0.022711256001949273,0.022772604094251313,0.2701219707830216
retrodiction_rest,101,0.85,2,transition,horizontal_position_rmse_m,0.03381906287926674,0.03323743690271267,-1.7198169524402895
retrodiction_rest,101,0.85,4,denied,horizontal_position_rmse_m,0.05727082002772393,0.07361502960585867,28.538459149393635
retrodiction_rest,101,0.85,4,gps,horizontal_position_rmse_m,0.022291132474318794,0.022328626482770664,0.16820145183322754
retrodiction_rest,101,0.85,4,transition,horizontal_position_rmse_m,0.034042109669928926,0.03335195385424484,-2.0273591219105214
retrodiction_rest,7,0.6,2,denied,vertical_position_rmse_m,0.033056694515491224,0.02203411297348665,-33.34447591799932
retrodiction_rest,7,0.6,2,gps,vertical_position_rmse_m,0.03246149835916278,0.030463556462300145,-6.154804916140555
retrodiction_rest,7,0.6,2,transition,vertical_position_rmse_m,0.033345643436826895,0.030460352814144026,-8.65267640778632
retrodiction_rest,7,0.6,4,denied,vertical_position_rmse_m,0.03324479867403058,0.022002284892195884,-33.81736160314567
retrodiction_rest,7,0.6,4,gps,vertical_position_rmse_m,0.032470801046105585,0.030720802114962534,-5.389454139607497
retrodiction_rest,7,0.6,4,transition,vertical_position_rmse_m,0.033323698867601184,0.03091613272206954,-7.224786645375647
retrodiction_rest,101,0.85,2,denied,vertical_position_rmse_m,0.03481746830281309,0.0275799239153845,-20.787106990325977
retrodiction_rest,101,0.85,2,gps,vertical_position_rmse_m,0.03281141724449557,0.022190690383998696,-32.36899760030513
retrodiction_rest,101,0.85,2,transition,vertical_position_rmse_m,0.03280641249658376,0.02879664569231541,-12.222509256950609
retrodiction_rest,101,0.85,4,denied,vertical_position_rmse_m,0.03600146099998813,0.029296609450243427,-18.623831821011137
retrodiction_rest,101,0.85,4,gps,vertical_position_rmse_m,0.032786591100810836,0.02154498036341798,-34.287220354283306
retrodiction_rest,101,0.85,4,transition,vertical_position_rmse_m,0.03291948512442617,0.02836417769002276,-13.837723819754954
retrodiction_rest,7,0.6,2,denied,velocity_3d_rmse_m_s,0.020204891559429464,0.015121305242138663,-25.16017619960118
retrodiction_rest,7,0.6,2,gps,velocity_3d_rmse_m_s,0.011310442191650333,0.010983240536361035,-2.8929165610416807
retrodiction_rest,7,0.6,2,transition,velocity_3d_rmse_m_s,0.010932994028346322,0.01072306001559596,-1.9201877564924974
retrodiction_rest,7,0.6,4,denied,velocity_3d_rmse_m_s,0.021633311704103673,0.01586309511365253,-26.672830629794785
retrodiction_rest,7,0.6,4,gps,velocity_3d_rmse_m_s,0.012174492094987159,0.011889073109176534,-2.3444015863967382
retrodiction_rest,7,0.6,4,transition,velocity_3d_rmse_m_s,0.011976432312023798,0.01167619724630488,-2.5068823327085044
retrodiction_rest,101,0.85,2,denied,velocity_3d_rmse_m_s,0.020510515388862324,0.013968991413561456,-31.893513406557616
retrodiction_rest,101,0.85,2,gps,velocity_3d_rmse_m_s,0.010437125813798416,0.009910476955793888,-5.045918458779819
retrodiction_rest,101,0.85,2,transition,velocity_3d_rmse_m_s,0.010486897504658838,0.010351997295447642,-1.2863691015504441
retrodiction_rest,101,0.85,4,denied,velocity_3d_rmse_m_s,0.027061317577722257,0.019701430735584263,-27.197075016764483
retrodiction_rest,101,0.85,4,gps,velocity_3d_rmse_m_s,0.011362947150537312,0.010887825550721568,-4.181323678807026
retrodiction_rest,101,0.85,4,transition,velocity_3d_rmse_m_s,0.012337722070894001,0.012154166835700083,-1.4877562822309343
retrodiction_rest,7,0.6,2,denied,attitude_rmse_deg,0.3124068764578342,0.32030139951561354,2.5270004128237655
retrodiction_rest,7,0.6,2,gps,attitude_rmse_deg,0.20466227259393954,0.20410173076608829,-0.27388625209072703
retrodiction_rest,7,0.6,2,transition,attitude_rmse_deg,0.19928485108907698,0.19911996627567657,-0.08273825757417752
retrodiction_rest,7,0.6,4,denied,attitude_rmse_deg,0.33350389762671934,0.34269821146219775,2.756883472998961
retrodiction_rest,7,0.6,4,gps,attitude_rmse_deg,0.24347327673723276,0.24290741312966382,-0.23241302501532113
retrodiction_rest,7,0.6,4,transition,attitude_rmse_deg,0.23881136916062065,0.23903456148088997,0.09345967114287035
retrodiction_rest,101,0.85,2,denied,attitude_rmse_deg,0.2072663819366326,0.20694064945037013,-0.15715644921232563
retrodiction_rest,101,0.85,2,gps,attitude_rmse_deg,0.07417974258611759,0.07327368285043916,-1.221438231100036
retrodiction_rest,101,0.85,2,transition,attitude_rmse_deg,0.0837015299167692,0.08287518482240605,-0.9872520791254891
retrodiction_rest,101,0.85,4,denied,attitude_rmse_deg,0.31366923263748175,0.3114317821663404,-0.7133152500574669
retrodiction_rest,101,0.85,4,gps,attitude_rmse_deg,0.11106524022208601,0.11027110522864665,-0.7150166801525026
retrodiction_rest,101,0.85,4,transition,attitude_rmse_deg,0.13647153206597823,0.13453352381509848,-1.420082431508729
retrodiction_rest,7,0.6,2,denied,yaw_rmse_deg,0.2920196921519347,0.3000502839481658,2.7500172118710697
retrodiction_rest,7,0.6,2,gps,yaw_rmse_deg,0.1897664387639315,0.18918505252930068,-0.30636936563586126
retrodiction_rest,7,0.6,2,transition,yaw_rmse_deg,0.18363774898005802,0.18356149114771894,-0.04152622909103787
retrodiction_rest,7,0.6,4,denied,yaw_rmse_deg,0.3114121927675061,0.3207471723516749,2.997628160030996
retrodiction_rest,7,0.6,4,gps,yaw_rmse_deg,0.22740614636195203,0.2268302035679175,-0.2532661510027179
retrodiction_rest,7,0.6,4,transition,yaw_rmse_deg,0.22227289940336606,0.22258483740673285,0.1403400973326585
retrodiction_rest,101,0.85,2,denied,yaw_rmse_deg,0.18950044754949122,0.189398904521615,-0.05358458472752847
retrodiction_rest,101,0.85,2,gps,yaw_rmse_deg,0.06356843441344766,0.06279170677435038,-1.2218763074224204
retrodiction_rest,101,0.85,2,transition,yaw_rmse_deg,0.07449188288988833,0.0737687343021427,-0.9707750156007777
retrodiction_rest,101,0.85,4,denied,yaw_rmse_deg,0.2910731403321407,0.28913435933004555,-0.6660803535093685
retrodiction_rest,101,0.85,4,gps,yaw_rmse_deg,0.10131071453319547,0.10061795042486221,-0.6838014236946965
retrodiction_rest,101,0.85,4,transition,yaw_rmse_deg,0.12832195252375053,0.1264512036787271,-1.4578556577661161
