name,variant,seed,frequency,climb_height_m,output_sha256,first_flight_epoch_s,initial_attitude_error_deg,initial_yaw_error_deg,horizontal_rmse_m,horizontal_displacement_rmse_m,startup_offset_squared_m2,displacement_mean_squared_m2,offset_displacement_cross_term_m2
horizon,control,7,0.6,2,fc778f8f803cf7bb81d3fd2eae7e3e724779c073734cfb35197769fbb30c0f51,13.0,0.6557260829706401,-0.6238486700406479,0.04550370495682623,0.04592201596500766,0.002218777847096858,0.0021088315502904185,-0.0022570222325894057
horizon,candidate,7,0.6,2,8597d8feb08d86b40299fde0243c87792b655be1556ffba7e4649d963e342678,13.0,0.6741428158881523,-0.6409050504768833,0.07744039638074973,0.0616953022648752,0.0003446261196948809,0.003806310321554315,0.0018460785503584438
retrodiction,control,7,0.6,2,c33b41dd304cfc02d67904fce136f5c80df370f0dc8ab5ffdaac30d599c1ec41,13.0,0.10869971224702374,0.04877467583044409,0.04926230895660374,0.0569145192428748,0.0017408820026480654,0.0032392625006475656,-0.0025533694195597353
retrodiction,candidate,7,0.6,2,977a520dc10a9cd514086c33393a4f0119b153b0fc36be8631ab7fcb145557fb,13.0,0.10533822594197839,0.044481569527403224,0.046984291918006287,0.058729420568564054,0.0004014350245932483,0.003449144840319275,-0.0016430561778760888
horizon,control,7,0.6,4,fc3f66522349ae7a4587f477d45729340c734b885d1ead0f85086dd5388778f6,13.0,0.6557260829706401,-0.6238486700406479,0.04215412583772447,0.05084280356445188,0.002218777847096858,0.0025849906742934406,-0.003026798196247597
horizon,candidate,7,0.6,4,02aee64d53e1a8b643073a54d4ccf3a304cf28ba55ed68447e52004650dd12eb,13.0,0.6741428158881523,-0.6409050504768833,0.08940502198024454,0.07417035079335198,0.0003446261196948809,0.0055012409368088875,0.002147390898784247
retrodiction,control,7,0.6,4,f0237534a54cecb5bd563c42e65db73418ca99984e65278adc6493d3de23c4dd,13.0,0.10869971224702374,0.04877467583044409,0.05166476784759778,0.059897241031508106,0.0017408820026480654,0.0035876794831865783,-0.002659313249088458
retrodiction,candidate,7,0.6,4,b59676d6a58b88d34ec59e1f5e773d20ba615d92c226046c100d16c2e5597d58,13.0,0.10533822594197839,0.044481569527403224,0.043504832560605014,0.052572679032196014,0.0004014350245932483,0.0027638865806223025,-0.0012726511490892714
horizon,control,101,0.85,2,5153635743a5ac81833ebab35d203987bb978b5a5c7b112373431bfd820a9fc7,13.0,0.2349650457315478,0.19936462220481724,0.027807924726659522,0.028322727163929525,6.567756805034674e-07,0.0008021768740023913,-2.955297207933248e-05
horizon,candidate,101,0.85,2,2d1d26441c23cdd725e0e7e97608eb6c2b4fd767699773937f57a914a150256f,13.0,0.22961511723395794,0.1942128216909556,0.028359118472377553,0.02815785887596139,5.427957814160606e-06,0.0007928650164785577,5.946626237627795e-06
retrodiction,control,101,0.85,2,f2bc2d11b25e3ba22e5b06bde82eb997a8814bf1494f18a362872fd2dc84c171,13.0,0.07256926105829666,-0.007044135772107621,0.04740960875285499,0.039228200468952125,0.00018386898916026342,0.0015388517120322957,0.0005249503009062251
retrodiction,candidate,101,0.85,2,31ccf7835ab010ab65be0896fd222c2696a7e642b574abd6753ae157be95889c,13.0,0.0727428947735227,-0.014773490794922356,0.05585928428516329,0.055568685257864125,1.2338360339400519e-06,0.0030878787812875655,3.114702352918498e-05
horizon,control,101,0.85,4,e216f99737b54b222fb34e2c8c7944b8bf3610ea733d5dd2e6e0d198dce6e9b4,13.0,0.2349650457315478,0.19936462220481724,0.035605908756666485,0.036234704203119195,6.567756805034674e-07,0.001312953788687544,-4.582982597998853e-05
horizon,candidate,101,0.85,4,f23f8777379f390a2e462aab555501cab4a7d24396dc47097b52da1592192e38,13.0,0.22961511723395794,0.1942128216909556,0.03128449070404274,0.03046946329555344,5.427957814160606e-06,0.0009283881935190784,4.49032072780979e-05
retrodiction,control,101,0.85,4,9d210e249b96d5986c649535e03e631775b9926b1beaf3b0ef827d270b833b45,13.0,0.07256926105829666,-0.007044135772107621,0.047866942001960226,0.041112535727400125,0.00018386898916026342,0.001690240593936752,0.00041713455352200725
retrodiction,candidate,101,0.85,4,594370d70195290b1aaa20da6a0dd8da46fcd73f0ddb28240c483681151819b0,13.0,0.0727428947735227,-0.014773490794922356,0.05727082002772393,0.05691641872256625,1.2338360339400519e-06,0.0032394787202024906,3.923427041151277e-05
